Project,AUC,G-mean,MCC,F1,cMCC,mMCC,c_ROI_PII,m_ROI_PII,c_ROI_PCI,m_ROI_PCI,ceIFA,meIFA,Fidelity,Tree_Depth,Avg_Rule_Length,Feature_Sparsity,Jaccard_Stability(AJS),Runtime
activemq-5.0.0,0.7501476923626338,0.7444614801476612,0.41979621822882196,0.5132768471739095,0.17378125474251824,0.28382199488254806,214.96909867382703,247.64246851020235,148.4078262001023,133.15095986116836,0.003563005951691117,0.003563005951691117,1.0,7.84,5.2462937479972345,0.3029230769230769,0.1540344469962633,28.97281004182063
activemq-5.1.0,0.7368688033638082,0.7330073780868603,0.29377527925522423,0.32629881643716024,0.09881146060295125,0.16235352431398364,103.55160016431661,120.4670673249838,75.88325302490192,70.24299676543833,0.012109849885790152,0.012109849885790152,1.0,8.58,5.570718257795429,0.33153846153846167,0.15684134387952758,29.30320198962465
activemq-5.2.0,0.7404342726863389,0.7360320447888437,0.34862340584295004,0.41168683345201473,0.17768336917615257,0.24170519162819792,179.48769166132192,192.33933851122697,134.0518274579865,112.70478258052039,0.0041794068908249105,0.0041794068908249105,1.0,8.72,5.636791179867073,0.33292307692307704,0.15784460427391286,30.19892935991287
activemq-5.3.0,0.7092236476013362,0.7019739855102756,0.3016694494693444,0.37663644492238013,0.11657412459135712,0.1703009650687259,171.0358877300605,187.05055886905248,126.78467888163134,109.4301582488399,0.005837911811377304,0.005837911811377304,1.0,9.27,5.9025385540017465,0.37584615384615383,0.1842311625232162,32.40964513961226
activemq-5.8.0,0.7467272338850279,0.7446653443285784,0.2649579472729875,0.26776313287961917,0.07899827112002977,0.11933031468538147,131.8977963051678,147.95835422235967,104.54943909081176,99.28470876458272,0.005377039472161515,0.005377039472161515,1.0,10.09,6.3886603037139675,0.460923076923077,0.18866961116703118,44.59941693866625
derby-10.2.1.6,0.6346897392423868,0.5525624738945566,0.3519524194801296,0.4491119711924594,0.245206117155282,0.2932891795362994,504.87347367141825,442.2777274838893,235.93013496997793,157.73393208911375,0.002310646994036038,0.002310646994036038,1.0,7.48,4.917343269150374,0.24169230769230768,0.127649962314565,29.985105327218772
derby-10.3.1.4,0.6454633245169613,0.5821226155525241,0.35764111258362413,0.4739525211477467,0.22470274196950457,0.29234438550777286,495.6986934264504,463.153943628546,251.11159193578402,160.75904378877019,0.0012751631057075269,0.0012751631057075269,1.0,8.11,5.233578704554559,0.276,0.1636122303717763,31.553859294615688
derby-10.5.1.1,0.6853820687537019,0.6460833816078424,0.36731868180189126,0.4529165557757368,0.2245881180898766,0.3108261452731503,381.96343673968676,353.9925860516741,178.49739768653646,118.55602608574758,0.0015338036847629404,0.0015338036847629404,1.0,10.07,5.935976562297948,0.3313846153846154,0.15424521451869233,34.84108397059143
groovy-1_5_7,0.7781460766478111,0.775455525034609,0.2453290450762558,0.20666845810326528,0.028983955021257647,0.11394241430773695,14.041846958158706,22.06968184511684,10.152993405660325,10.930222404484336,0.08459705006263288,0.08459705006263288,1.0,5.84,4.126210949611106,0.17215384615384616,0.1297172402951557,21.45524122228846
groovy-1_6_BETA_1,0.6743246001829359,0.6567673327988003,0.23901576265863633,0.30522744885443764,0.11619263922740265,0.17103168412482972,50.777773955893636,55.50704311180412,36.05393755710976,28.05819108341168,0.021818880758310698,0.021818880758310698,1.0,5.84,4.099610193556014,0.16830769230769227,0.1246375739461395,21.94799676604569
groovy-1_6_BETA_2,0.6681918043226434,0.6505022208055407,0.22623476807254117,0.29464339253384436,0.09511462277678465,0.1517590597598033,49.20090403777048,56.2241290671548,36.86258812095713,32.019734918419424,0.029474508633999617,0.029474508633999617,1.0,6.1,4.295362793336544,0.18138461538461537,0.1274947013388706,22.50071256327443
hbase-0.94.0,0.6938817020940706,0.6832390117384983,0.34409163976202756,0.4893224985622854,0.20007534438699578,0.18901171788119364,144.49755492433928,138.73219824444658,141.90663603272657,148.8550550717298,0.006294056945910054,0.006294056945910054,1.0,6.98,4.800802979818076,0.23676923076923073,0.1254497791701094,23.918519038837402
hbase-0.95.0,0.6496142826934093,0.6382747819426896,0.2744112304204134,0.45865512964943184,0.22296644573162605,0.15370943244802548,239.2200230713275,218.51454285180728,299.37122563858463,382.7312395206603,0.004345136851737068,0.004345136851737068,1.0,8.65,5.709289797775902,0.35523076923076924,0.15986809887738682,27.738011526549236
hbase-0.95.2,0.6601572489605253,0.6395847067157584,0.3164647168565979,0.4967710830238202,0.2512822148231263,0.19569383572655302,319.6386993664543,294.9355681853675,357.2780779978615,417.8754235993084,0.004825647370711879,0.004825647370711879,1.0,8.35,5.625068076495586,0.3513846153846154,0.15818720819752813,29.11003487727605
hive-0.10.0,0.7510928410959525,0.74706138883833,0.3739304841707151,0.43945574508448304,0.2707836652658187,0.2744706409551602,171.62636365149217,165.9445465064557,156.09446307562132,149.2420842994772,0.008813261470542314,0.008813261470542314,1.0,8.02,5.209584330085438,0.2749230769230769,0.14567540379201885,27.102327357614413
hive-0.12.0,0.6875368628296651,0.67869108976123,0.22158666850010622,0.2681770410913803,0.18323777115443882,0.13200724163297994,164.52034021494168,149.27524808706434,201.55880825699833,266.2546330845734,0.004873947565144691,0.004873947565144691,1.0,9.91,6.30033192677031,0.4310769230769232,0.2054480945038221,35.70226220652461
hive-0.9.0,0.6853989141501207,0.6726787902217641,0.34007359744149923,0.4863200054642154,0.16121036290954,0.13820243632037735,171.29468815547133,162.9180890827877,177.06872390197367,186.86830612146971,0.010584219206288768,0.010584219206288768,1.0,7.78,5.139454057971355,0.26169230769230767,0.1548590730066478,26.13984789523296
jruby-1.1,0.7960770139785478,0.7917639300992205,0.4627940628677868,0.5141899141746585,0.15243563259706688,0.270127241734232,68.98087277579644,79.49529905270461,45.85320602532359,39.074125568559154,0.023010955105449624,0.023010955105449624,1.0,5.13,3.732700015670604,0.1415384615384615,0.1244371015043686,21.55381461087614
jruby-1.4.0,0.7286386503973573,0.7089460924761666,0.44381151417634995,0.5434355623482788,0.2528322313086866,0.33696991888444594,159.96357876199107,159.86980318980838,101.84122636662683,72.4455014154892,0.009672880093989122,0.009672880093989122,1.0,5.85,4.0794977294153325,0.1652307692307692,0.12392943008526085,23.408444379065187
jruby-1.5.0,0.7938744966575723,0.7892207445793314,0.3924524512616602,0.40912125900510476,0.15877715427747824,0.31542785913632443,78.79401557670715,99.12298696202359,46.22104459480792,36.15467834105515,0.024565173566899922,0.024565173566899922,1.0,6.08,4.235407631382392,0.18123076923076922,0.12820311314541544,23.93496084133163
jruby-1.7.0.preview1,0.7534652181035016,0.7378802460993786,0.32926425572093043,0.34041358495498253,0.166620229873295,0.24955251350457686,103.47992137787861,99.66339550992033,48.42645623213535,33.288377048004456,0.011566884631411584,0.011566884631411584,1.0,6.31,4.3501595813832985,0.19169230769230766,0.13690791702659608,28.562351884683594
lucene-2.3.0,0.6831339575656841,0.6577822104338925,0.350408910318729,0.504929464770063,0.259855761778832,0.25982388237274184,144.39592473134073,137.94334736691516,121.93126766974474,114.42710447384214,0.004779245418354968,0.004779245418354968,1.0,6.06,4.262498894294559,0.184,0.12238218045657769,22.597182137230412
lucene-2.9.0,0.6225960216717801,0.5698101039421375,0.2518404808389645,0.39126426090339833,0.16751513264518308,0.24088789449356723,193.96837563177462,197.89645141888658,112.70864296505346,79.59176078238042,0.004765743982515067,0.004765743982515067,1.0,6.62,4.5381356302272975,0.21061538461538462,0.14544576185959054,26.882457630792633
lucene-3.0.0,0.6321933524787421,0.5844550424099224,0.2109528259331749,0.3093762201880672,0.19088578728774463,0.2519307404475907,135.34382767319318,135.11807282128095,82.67716742947633,61.087553174912834,0.006820221236088525,0.006820221236088525,1.0,6.86,4.558251249959639,0.20615384615384613,0.1391985341417746,26.617315874882042
lucene-3.1,0.6627027205586355,0.6271438061975607,0.1769385746671424,0.19047303676007338,0.10605489262687037,0.13249188159944864,106.86848580309592,93.13297381558549,50.587930547722124,35.490053559186116,0.00928883014769883,0.00928883014769883,1.0,8.42,5.437543992501547,0.3096923076923077,0.17529020056883834,38.56165266351774
wicket-1.3.0-beta2,0.7384848013857228,0.7303280185728934,0.3108155312819141,0.3430188241991946,0.15521021607364482,0.24646237672827187,118.75644818129287,131.38740741939594,72.34832781344213,56.39386909679467,0.01555194080484289,0.01555194080484289,1.0,7.13,4.825014783043356,0.23984615384615382,0.15482371257913052,27.68005029560998
wicket-1.3.0-incubating-beta-1,0.7602721147141525,0.7555358105995648,0.30464895422881216,0.3107302347928553,0.12959327000810708,0.2287664618789187,87.29649844084658,103.36486162983039,54.163899737344856,44.31863681314988,0.01632014972342547,0.01632014972342547,1.0,7.14,4.809769998889653,0.23384615384615384,0.14383694144788056,27.13838657011278
wicket-1.5.3,0.7259332349118691,0.7168201681541234,0.22452607356109622,0.2151621527960796,0.10140856272917015,0.19135429544761656,89.24877530646559,109.62757639786061,54.02370074975513,43.87332084355642,0.013988036899567133,0.013988036899567133,1.0,8.85,5.658254088904287,0.33861538461538465,0.17475456451204646,32.981747869411485
Average,0.7069518820647464,0.6876017759049483,0.31233307363394014,0.385321372865748,0.1682636196410979,0.2184855439385876,171.26402132030287,170.2009023988626,123.65523119166635,114.3158028358802,0.012576557081138308,0.012576557081138308,1.0,7.574285714285714,5.0223160457310945,0.2674505494505494,0.14955982880357652,28.478477509757834
