特征,出现文件数,出现比例,平均重要性,中位数重要性,重要性标准差,最大重要性,最小重要性,重要性总和
CountLineCode,11,0.39285714285714285,0.5004383171112946,0.6414465142045418,0.30473221300130754,0.7737840896294784,0.0036202251028748674,5.50482148822424
SumCyclomaticModified,6,0.21428571428571427,0.2605687059858645,0.06327524118991137,0.3040361583608444,0.7379396333341806,0.01989982293544322,1.563412235915187
CountLine,11,0.39285714285714285,0.24660374978186594,0.009799057805192923,0.318301373747764,0.755956057347959,0.0013847725105824622,2.7126412476005255
CountStmt,9,0.32142857142857145,0.1919551824501663,0.01152932944493976,0.344133737853182,0.8785874732320722,0.003191468788666137,1.7275966420514965
SumCyclomaticStrict,9,0.32142857142857145,0.1901152044749192,0.0377574924711064,0.2969567903925284,0.8015229334607094,0.006563286022278117,1.7110368402742728
AvgLineCode,8,0.2857142857142857,0.18644908776995175,0.026749652587831213,0.2866873228442882,0.7216578285532436,0.007064054936395362,1.491592702159614
MaxCyclomaticStrict,9,0.32142857142857145,0.18122965620564166,0.05873443389714814,0.25947594563198384,0.6788240092772303,0.004864401161997231,1.631066905850775
MaxCyclomatic,11,0.39285714285714285,0.13102144689492523,0.03628454063814647,0.19378540115715182,0.5686845622904279,0.002038381780852385,1.4412359158441777
MaxCyclomaticModified,6,0.21428571428571427,0.12512005530117018,0.026100437879888187,0.20778081814117605,0.5872236843025022,0.011321108945025889,0.750720331807021
MAJOR_COMMIT,8,0.2857142857142857,0.11128700756512222,0.042893513995750185,0.1882825565894608,0.6006057614961201,0.0044118218832343735,0.8902960605209778
CountPath_Mean,11,0.39285714285714285,0.09821025170972332,0.021913652535662107,0.18402215236107028,0.6619555418410094,0.006687437977934738,1.0803127688069565
SumCyclomatic,12,0.42857142857142855,0.08469721706697686,0.01194486404875806,0.21384632613171767,0.7907624242952637,0.006570714642678695,1.0163666048037223
AvgCyclomaticStrict,5,0.17857142857142858,0.040761213306106964,0.043680954628873274,0.0155313277138334,0.06064737474565219,0.013527131532671701,0.20380606653053482
CountLineCodeExe,8,0.2857142857142857,0.04020045827068791,0.03130934284968336,0.041474971092488266,0.14364338795663822,0.0046945110332534306,0.3216036661655033
CountStmtExe,9,0.32142857142857145,0.03459376179220614,0.01462890733716613,0.0449509938799025,0.1572091582335036,0.004639917668489668,0.31134385612985527
CountStmtDecl,12,0.42857142857142855,0.03456542284403533,0.013512828038704143,0.03804145174315063,0.11110008599355188,0.002288089148702974,0.414785074128424
CountPath_Max,7,0.25,0.0324966210560383,0.008812370396669189,0.03765108173047483,0.09994383026115206,0.0006556390539773825,0.22747634739226813
COMM,9,0.32142857142857145,0.029594408011387328,0.027386028492204104,0.012349490077543449,0.04402801769596612,0.011398148610904914,0.26634967210248595
Added_lines,11,0.39285714285714285,0.027513535977137824,0.02374513123305395,0.024482452970055177,0.08020623714505272,0.0022818014177198244,0.30264889574851606
MAJOR_LINE,6,0.21428571428571427,0.025926149339651785,0.028439195214852806,0.010709937799875675,0.03971890721874924,0.007084865339032081,0.1555568960379107
OWN_COMMIT,2,0.07142857142857142,0.025343745906601867,0.025343745906601867,0.01750821135351006,0.04285195726011193,0.007835534553091805,0.050687491813203735
AvgLineBlank,2,0.07142857142857142,0.025230938867222254,0.025230938867222254,0.017538248929451813,0.04276918779667407,0.007692689937770439,0.05046187773444451
CountOutput_Max,16,0.5714285714285714,0.025124819348559466,0.020100410600750723,0.02129442204749597,0.09357071540516533,0.004749748486771804,0.40199710957695145
CountSemicolon,5,0.17857142857142858,0.023387052764177588,0.008830068670494204,0.030023902622780995,0.08295566293572416,0.003372319688109162,0.11693526382088794
MaxNesting_Mean,10,0.35714285714285715,0.02293332072914005,0.01655888706187207,0.015206763641586442,0.06212139946196078,0.009592376001732728,0.2293332072914005
CountClassCoupled,8,0.2857142857142857,0.022500390757316004,0.016971728487815377,0.018379426597397643,0.061887160130222996,0.003648300871497923,0.18000312605852803
AvgEssential,4,0.14285714285714285,0.021595652324230368,0.01337330923988238,0.02118614308262868,0.05724479140768749,0.0023911994094692243,0.08638260929692147
ADEV,5,0.17857142857142858,0.02137475171320801,0.015517267166210515,0.014815075119133513,0.0493625395118406,0.0074304866421497084,0.10687375856604006
CountDeclClassMethod,6,0.21428571428571427,0.020460965059119235,0.015358420651750023,0.013248404926986479,0.0392009928087718,0.006649909157400171,0.12276579035471541
OWN_LINE,10,0.35714285714285715,0.020138799348001883,0.01434821970468923,0.012300633946102594,0.03977674308651156,0.005384615384615384,0.20138799348001882
CountClassDerived,5,0.17857142857142858,0.019732689000873313,0.012958442089111635,0.011841906386830485,0.0429742378833288,0.01155450265333489,0.09866344500436657
AvgLine,8,0.2857142857142857,0.018616718855517484,0.013986719136159323,0.01605394428187525,0.05897631120912453,0.006772051969792082,0.14893375084413987
CountInput_Mean,16,0.5714285714285714,0.018229600396294687,0.01315006221140078,0.022796590764206662,0.1040068668273797,0.0024733547756440547,0.291673606340715
RatioCommentToCode,8,0.2857142857142857,0.017378288737677605,0.014888291512127148,0.011260060566981252,0.039033693579148133,0.006629128191283354,0.13902630990142084
CountLineCodeDecl,11,0.39285714285714285,0.017058392057780876,0.011142322097378279,0.015946739738812346,0.04911416409471477,0.0018243162720633203,0.18764231263558964
CountDeclInstanceVariable,5,0.17857142857142858,0.01699754073120014,0.02079794531734884,0.008185578010108498,0.02529245663574022,0.006687437977934738,0.08498770365600071
CountOutput_Mean,10,0.35714285714285715,0.015392019137600518,0.00952535528925853,0.015763397699406,0.05540496175776304,0.003965896450601678,0.15392019137600518
SumEssential,13,0.4642857142857143,0.014853170421023871,0.009963091883013867,0.011301604718025535,0.038933006031985795,0.002220719925431824,0.19309121547331032
CountLineBlank,9,0.32142857142857145,0.014730986939913185,0.009670111870852208,0.011556322140271446,0.03678556080790717,0.003586384885079859,0.13257888245921867
Del_lines,13,0.4642857142857143,0.014450930033012978,0.009538372619573913,0.00963891379256241,0.038576040085480115,0.003825477210751849,0.1878620904291687
CountPath_Min,4,0.14285714285714285,0.01362131798200411,0.013804229712598686,0.005254784675589082,0.01954187576394269,0.007334936738876375,0.05448527192801644
CountLineComment,8,0.2857142857142857,0.012227182635170943,0.009935570684588751,0.008501722511613588,0.03074098582291108,0.0032686720901464197,0.09781746108136755
CountDeclClassVariable,5,0.17857142857142858,0.011987446244343777,0.004458291985289825,0.015031831739816327,0.041936959767035036,0.0031878976756265416,0.05993723122171889
PercentLackOfCohesion,8,0.2857142857142857,0.011915282481902689,0.005963535175462096,0.010017875376865886,0.029429627030083248,0.0010654575246489659,0.09532225985522151
MINOR_LINE,2,0.07142857142857142,0.01189204579488306,0.01189204579488306,0.002902680506852589,0.01479472630173565,0.008989365288030472,0.02378409158976612
CountDeclMethodPublic,5,0.17857142857142858,0.011415461327177846,0.00833778457447882,0.007846862282738206,0.02697184612078229,0.005578820932346447,0.05707730663588923
CountDeclClass,6,0.21428571428571427,0.010968292047010891,0.003506988670628848,0.014267710418536618,0.04128375611629202,0.0013053776882119015,0.06580975228206534
CountDeclFunction,4,0.14285714285714285,0.010757184568756493,0.011879537676838829,0.0032163914096162796,0.013885047536732928,0.005384615384615384,0.04302873827502597
MaxNesting_Max,6,0.21428571428571427,0.01044981059094417,0.007653059020359619,0.006688885649599338,0.024103311157692753,0.00500059887411666,0.06269886354566502
CountDeclMethodPrivate,6,0.21428571428571427,0.010353152786200526,0.00835277739798992,0.007760817486792927,0.022797421619888535,0.0023498851118849097,0.062118916717203154
AvgCyclomatic,4,0.14285714285714285,0.009918895805612527,0.00979405120040934,0.0032153582892386866,0.014516319772942288,0.005571161048689139,0.03967558322245011
CountDeclMethod,4,0.14285714285714285,0.009825018720229575,0.010568846778399936,0.004330440225264627,0.014597858415333329,0.0035645229087851037,0.0393000748809183
CountDeclMethodProtected,4,0.14285714285714285,0.009809168618383924,0.008508776753904677,0.0031756806703001797,0.015205746189925472,0.0070133747758008656,0.039236674473535696
CountDeclMethodDefault,3,0.10714285714285714,0.00979981131173457,0.006633274311814407,0.007056024738818473,0.019578261947762764,0.0031878976756265416,0.029399433935203712
DDEV,6,0.21428571428571427,0.009638962361000718,0.009783112988379916,0.003193114842538893,0.014583166439691321,0.004864401161997231,0.05783377416600431
MaxInheritanceTree,7,0.25,0.009487168313343628,0.010474155337192086,0.0033971908731337233,0.013931078337858005,0.0035064095365727643,0.06641017819340539
AvgCyclomaticModified,3,0.10714285714285714,0.009405872188714902,0.009189946355407902,0.0015550008604052444,0.011409111744720712,0.007618558466016093,0.02821761656614471
AvgLineComment,2,0.07142857142857142,0.008466178249110962,0.008466178249110962,0.0029937269418640776,0.01145990519097504,0.005472451307246885,0.016932356498221925
CountOutput_Min,4,0.14285714285714285,0.00837784367002421,0.008092395185104469,0.0018062009337756926,0.011172432359671554,0.006154151950216351,0.03351137468009684
CountClassBase,3,0.10714285714285714,0.008127171596344773,0.008326778588522293,0.0028864548680169596,0.011558309949699811,0.004496426250812215,0.02438151478903432
CountInput_Max,10,0.35714285714285715,0.00804499793887651,0.0059654681284775895,0.0061503120083459,0.019728431249103878,0.0017621874482140684,0.0804499793887651
CountDeclInstanceMethod,4,0.14285714285714285,0.007166051898772859,0.006293225284531172,0.0037552087322973164,0.013192309032062501,0.002885447993966588,0.028664207595091435
CountInput_Min,1,0.03571428571428571,0.0022276979126200666,0.0022276979126200666,0.0,0.0022276979126200666,0.0022276979126200666,0.0022276979126200666
MaxNesting_Min,1,0.03571428571428571,0.0018016863590567293,0.0018016863590567293,0.0,0.0018016863590567293,0.0018016863590567293,0.0018016863590567293
