,CountLineCode,CountLine,CountStmt,SumCyclomaticStrict,MaxCyclomaticStrict,SumCyclomaticModified,AvgLineCode,MaxCyclomatic,CountPath_Mean,SumCyclomatic,MAJOR_COMMIT,MaxCyclomaticModified,CountStmtDecl,CountOutput_Max,CountLineCodeExe
activemq-5.0.0,0.725723063799981,0.007360475189933296,0.0,0.0,0.0,0.07202890428925003,0.0,0.0,0.0,0.0,0.06934338746238378,0.03132180090879611,0.0,0.023226388377122847,0.0
activemq-5.1.0,0.7837237646013508,0.0,0.0,0.0,0.07983589280999637,0.0,0.0,0.0,0.0,0.06681543775321491,0.0,0.0,0.0,0.0,0.0
activemq-5.2.0,0.0,0.0,0.0,0.0077768008047400675,0.0,0.0,0.022758157019736363,0.0,0.01809317430932609,0.0,0.683603829777658,0.0,0.0,0.027883207367135242,0.024288016317235248
activemq-5.3.0,0.0,0.0,0.0,0.028569285762856472,0.020727049805067392,0.0,0.0,0.012617928046916018,0.009725287130963586,0.007478725616820957,0.005021494179748024,0.668372475357831,0.12606613038983547,0.0,0.03822541190821883
activemq-5.8.0,0.7300883904534211,0.011153195445804604,0.0,0.04297522286791476,0.0,0.07200966470409072,0.013180994788061059,0.0,0.0,0.0,0.0,0.08952368428476344,0.0,0.007386119600492774,0.005588695104205937
derby-10.2.1.6,0.7546622743302703,0.0,0.0,0.0,0.15543670935660442,0.0,0.0,0.04129872294293705,0.0,0.014452286004772323,0.0,0.0,0.020919619587781373,0.0,0.0
derby-10.3.1.4,0.010490831224816786,0.8604220756380838,0.0,0.0,0.0,0.0,0.0,0.07147829331181611,0.0,0.008005254717164827,0.0499700602031304,0.0,0.0,0.0,0.0
derby-10.5.1.1,0.004120506168335287,0.7086396984359346,0.014956052688937129,0.0,0.00553661565888538,0.022649791331803833,0.0,0.03946104292623781,0.0,0.07938622486431278,0.0,0.0,0.010821931677113282,0.02032934672032793,0.0
groovy-1.5.7,0.0,0.0,0.0,0.0,0.0,0.0,0.0,0.0,0.7534315728471112,0.0,0.0,0.0,0.01288248999223457,0.0,0.16349355338315405
groovy-1_6_BETA_1,0.8807137743302302,0.0,0.017793848442662286,0.0,0.0,0.0,0.0,0.0,0.0,0.012738777862360494,0.0,0.0,0.0,0.0,0.0
groovy-1_6_BETA_2,0.0,0.0,0.0,0.0,0.0,0.0,0.0,0.6472714210212899,0.024941913245186666,0.0,0.0,0.0,0.12645307311843,0.034055222603369344,0.0
hbase-0.94.0,0.012421962073086696,0.0,0.0,0.7758679055695409,0.0,0.0,0.0,0.1180362131310056,0.0,0.011147914680975238,0.0,0.02809274499605759,0.014269330791648308,0.006688748808585143,0.0
hbase-0.95.0,0.0,0.0015761350494655699,0.004738656433271222,0.06572678040843156,0.772631103855864,0.04638725666417316,0.0,0.006765848017217974,0.007611579019370223,0.008119017620661568,0.0,0.0,0.0,0.0,0.0
hbase-0.95.2,0.0,0.0,0.004268725960536024,0.007470270430938041,0.0157097246254317,0.0,0.019209266822412106,0.5705007633654665,0.015855267853419522,0.0,0.0,0.0,0.002604281552394263,0.1065013083568622,0.0
hive-0.10.0,0.0,0.021450515082834305,0.0,0.0,0.0,0.7264695367155589,0.03813424903614988,0.0,0.03336746790663114,0.008171624793460688,0.13623567812989415,0.0,0.01211323204677701,0.04554383739053782,0.0
hive-0.12.0,0.0,0.0036284351561480578,0.0,0.0,0.00816397910133313,0.0,0.7299281705450278,0.0,0.0,0.0,0.0,0.024266536775341598,0.0,0.053529176064752465,0.0
hive-0.9.0,0.0,0.008704640773167613,0.0,0.0,0.0,0.0,0.8213841541565243,0.01904140169130415,0.0192326389807808,0.0,0.0,0.0,0.006770276156908142,0.0,0.0
jruby-1.1,0.0,0.0,1.0,0.0,0.0,0.0,0.0,0.0,0.0,0.0,0.0,0.0,0.0,0.0,0.0
jruby-1.4.0,0.0,0.0,0.8997579673166536,0.0,0.0,0.0,0.0,0.11160946493700433,0.0,0.0,0.0,0.0,0.0,0.0,0.0
jruby-1.5.0,0.0,0.0,0.0,0.08895161780790578,0.7315729585146888,0.0,0.0,0.0,0.0,0.0,0.0,0.0,0.0,0.03098385507437244,0.0
jruby-1.7.0.preview1,0.0,0.0,0.0,0.0,0.0,0.0,0.0,0.0,0.0,0.9000383551865072,0.0,0.0,0.0,0.022076546451455965,0.04419781492088304
lucene-2.3.0,0.0,0.0,0.0,0.9122858655292859,0.0,0.0,0.04508155373860426,0.0,0.0,0.0,0.0,0.0,0.016491016812658663,0.0,0.0
lucene-2.9.0,0.0,0.6874790913270213,0.0,0.0,0.0,0.0,0.008040240899871612,0.0,0.039869875890846874,0.0,0.047671928335488764,0.0,0.0728167682740935,0.01169489585435871,0.0
lucene-3.0.0,0.0,0.7710328154514137,0.003632499763427807,0.017862292225120095,0.0,0.0,0.0,0.0,0.0,0.01655021487928153,0.0,0.0,0.049896320430500775,0.005406119062110955,0.0
lucene-3.1,0.0,0.0,0.01312257435509142,0.0,0.0,0.8399159512478724,0.0,0.0,0.0,0.0,0.0,0.0,0.0,0.0,0.0
wicket-1.3.0-beta2,0.7103779169019492,0.0,0.0,0.0,0.0,0.0,0.0,0.0,0.1719704117790842,0.0,0.015551335201510174,0.012885579740146721,0.0,0.022529808275231086,0.03304658730320913
wicket-1.3.0-incubating-beta-1,0.8543799040298872,0.006055681420217408,0.0,0.0,0.06685098033674547,0.0,0.0,0.0023200669744968716,0.0,0.0,0.005928890657580925,0.0,0.0,0.03215481816579789,0.005343248311956539
wicket-1.5.3,0.7988336639194787,0.0,0.008063927104456527,0.0,0.0,0.0,0.0,0.0,0.1355026454827387,0.02391507793233431,0.0,0.0,0.0,0.007559931660427996,0.05186294129445636
