0.2789473684210526,0.6162790697674418,0.17586649550706032,0.38405797101449274,0.7202062871301907,0.705209380408087,0.7126683867782341,0.7015282454398117,0.31830904354289014,0.8034682080924855,0.5519177603585471,0.2441860465116279,0.1810344827586207,0.20792079207920794,0.10733540842895163,0.13410404624277455,7.0,0.20088144936690688,156.59482758620692,104.53926963481742,0.006662808565780593,0.5,0.24855491329479767,0.332046332046332,0.24919639779229807,0.2,7.0,0.4284073616813575,215.0,100.37175792507205,0.006662808565780593,51.657875000000786
0.2938388625592417,0.6019417475728155,0.19225806451612903,0.39490445859872614,0.7048418415283432,0.6898194227214559,0.6972901779266718,0.6874191818930085,0.30854178389318143,0.7835990888382688,0.5221673394757206,0.2621359223300971,0.22131147540983606,0.24,0.12982995726560095,0.13895216400911162,1.0,0.20053141171888042,194.31147540983608,134.64224765868886,0.0016536703210398834,0.3786407766990291,0.22285714285714286,0.2805755395683453,0.16364561261798094,0.19931662870159453,1.0,0.36691057815369205,195.66857142857143,106.29292890995261,0.0016536703210398834,55.190855799999554
0.28378378378378377,0.4883720930232558,0.1367741935483871,0.358974358974359,0.6757989497374344,0.6238177700812575,0.649288374952503,0.6255201639485675,0.2794285171574442,0.8257839721254355,0.4901159275418696,0.19767441860465115,0.18085106382978725,0.18888888888888888,0.09453192077101863,0.1091753774680604,0.0,0.20204847085978073,155.7127659574468,84.13822647436812,0.0009197275943577999,0.5465116279069767,0.27325581395348836,0.3643410852713178,0.2888926821371537,0.1997677119628339,0.0,0.561396422388921,235.27325581395348,83.71980676328502,0.0009197275943577999,55.018289699997695
0.2810810810810811,0.5306122448979592,0.17317708333333334,0.3674911660777386,0.6787175807823129,0.6463989977096097,0.6623612035329199,0.6462238229956873,0.2762685831049332,0.7933025404157044,0.4939332188928701,0.23469387755102042,0.20535714285714285,0.21904761904761907,0.11216215202661718,0.12933025404157045,3.0,0.20099534435703964,177.8392857142857,114.43051118210863,0.0032727052967254037,0.4489795918367347,0.2543352601156069,0.32472324723247237,0.22265223295377218,0.1997690531177829,3.0,0.47624746420700825,220.25433526011562,92.38894336847267,0.0032727052967254037,52.983399500000814
0.2682926829268293,0.7764705882352941,0.23225806451612904,0.3987915407854985,0.7721062618595825,0.7720815925288768,0.7720939270957028,0.7720644757210344,0.3593992005870595,0.7686046511627908,0.6234959731178946,0.3411764705882353,0.19333333333333333,0.24680851063829784,0.1455353811504875,0.1744186046511628,11.0,0.2008767107433234,166.26666666666665,144.36715880446525,0.009790609525591085,0.4,0.19767441860465115,0.26459143968871596,0.16558790668013673,0.2,11.0,0.25609791383351177,170.0,132.7617218393402,0.009790609525591085,53.62991580000016
0.2716049382716049,0.7252747252747253,0.23046875,0.39520958083832336,0.7474029876373627,0.7467478390718777,0.7470753415379643,0.7464355887555982,0.33809811451221006,0.7648428405122235,0.5661582474824346,0.31868131868131866,0.21641791044776118,0.2577777777777778,0.1543341245019991,0.1559953434225844,4.0,0.20027846357007523,185.90298507462688,144.79839461047803,0.004439039761709002,0.3516483516483517,0.1871345029239766,0.2442748091603053,0.13153388230070173,0.1990686845168801,4.0,0.2950852615260952,160.7485380116959,108.44323377760482,0.004439039761709002,55.51487089999864
0.30601092896174864,0.5544554455445545,0.1645077720207254,0.3943661971830986,0.6949738367619145,0.6665620934331085,0.6806197290067789,0.6641631668055719,0.3064259776994698,0.8029782359679267,0.5092252148823997,0.2376237623762376,0.21238938053097345,0.22429906542056074,0.11657018718431945,0.12943871706758306,10.0,0.20211589394336274,185.4159292035398,118.74375404996759,0.010272872776822132,0.49504950495049505,0.28735632183908044,0.36363636363636365,0.2677678449383785,0.19931271477663232,10.0,0.47437352658692045,250.86206896551724,105.40217191238726,0.010272872776822132,54.170598199998494
0.2772727272727273,0.6777777777777778,0.20463320463320464,0.3935483870967742,0.7365722865722866,0.7318792044031568,0.7342219957764403,0.7300908403441242,0.33163636522322865,0.7831603229527105,0.5739084209079748,0.3,0.20149253731343283,0.24107142857142858,0.13693720060837342,0.15455594002306805,6.0,0.20031236688910975,174.69402985074626,134.7894811454494,0.005960804948216434,0.4111111111111111,0.2138728323699422,0.28136882129277563,0.18017155077150998,0.19953863898500576,6.0,0.31840124946755644,185.4277456647399,116.20557413600892,0.005960804948216434,56.12461080000139
0.24285714285714285,0.5862068965517241,0.19974874371859297,0.3434343434343434,0.6932290764165656,0.6767067645680362,0.6849181012400987,0.6750967120214758,0.27052129293360316,0.7791619479048698,0.4844328875811382,0.22988505747126436,0.15748031496062992,0.18691588785046728,0.08107523921650128,0.1438278595696489,12.0,0.20145944202547977,139.05511811023624,99.27556533920351,0.011883388491328832,0.3563218390804598,0.17613636363636365,0.23574144486692017,0.1299275102992028,0.19932049830124576,12.0,0.3695909261946998,155.5284090909091,83.87651807141299,0.011883388491328832,52.72509850000279
0.28780487804878047,0.6344086021505376,0.18911917098445596,0.3959731543624161,0.7226447155830408,0.7118709403850972,0.7172375988794929,0.7089474866837844,0.32437219042104803,0.791907514450867,0.5343576652093771,0.3010752688172043,0.22580645161290322,0.25806451612903225,0.15621513157876654,0.14335260115606938,3.0,0.20015743029566516,195.32258064516128,139.8898854698496,0.003368578870287159,0.44086021505376344,0.23699421965317918,0.3082706766917293,0.20899596553710342,0.2,3.0,0.37315122975156395,205.0,109.87502313015803,0.003368578870287159,53.50235840000096
0.27467811158798283,0.6666666666666666,0.21528662420382166,0.3890577507598784,0.7256900212314225,0.7208894090111176,0.7232857322875833,0.7194118305485879,0.3188947243290437,0.771850170261067,0.5636018200749193,0.3229166666666667,0.23134328358208955,0.2695652173913044,0.1663391691178049,0.15209988649262202,7.0,0.20131205620524523,203.8134328358209,153.98978374347502,0.00672455344713675,0.4166666666666667,0.22727272727272727,0.29411764705882354,0.18970234717804174,0.19977298524404086,7.0,0.31678501193460734,200.22727272727272,126.26860013268885,0.00672455344713675,51.039276299998164
0.3023255813953488,0.6310679611650486,0.19430051813471502,0.4088050314465409,0.7183837215151668,0.7077709504052657,0.7130575918763234,0.7051580587617047,0.326953750141832,0.7851428571428571,0.5541189900277927,0.30097087378640774,0.23308270676691728,0.2627118644067796,0.15156244657835952,0.152,3.0,0.2025276677141686,203.94736842105263,153.06550630776496,0.00316015068412937,0.4077669902912621,0.24,0.3021582733812949,0.18972585537081374,0.2,3.0,0.3409345539008061,210.0,123.19079870155893,0.00316015068412937,52.35075209999923
0.2918918918918919,0.6136363636363636,0.16990920881971466,0.3956043956043956,0.7218635774083245,0.705637339975907,0.713704346762651,0.7015490000470148,0.3273171188527872,0.8079161816065192,0.5541852440211635,0.25,0.18487394957983194,0.21256038647342995,0.10900930960971913,0.13853317811408614,5.0,0.20218776462095867,158.80672268907566,108.80974939924477,0.004998603501890108,0.5340909090909091,0.27485380116959063,0.36293436293436293,0.2834579582794113,0.1990686845168801,5.0,0.44944958840595806,236.09941520467837,104.57235074281125,0.004998603501890108,51.503186600002664
0.2831858407079646,0.6464646464646465,0.20275344180225283,0.39384615384615385,0.7218556023311968,0.7139817336403995,0.7179078731915836,0.7118193237203205,0.32022300346430044,0.7806236080178174,0.5436057174606748,0.2828282828282828,0.21212121212121213,0.24242424242424243,0.1350301552470512,0.14699331848552338,3.0,0.2022306724530329,190.4848484848485,138.45575283098,0.0033085811414889075,0.41414141414141414,0.22905027932960895,0.2949640287769784,0.18927061812567364,0.19933184855233854,3.0,0.33929404447208833,205.6871508379888,120.8391384051329,0.0033085811414889075,53.4776583999992
0.3080168776371308,0.6697247706422018,0.20759493670886076,0.42196531791907516,0.7310649169666705,0.7259181598678357,0.7284869932046677,0.7241582112201796,0.34236363852786345,0.7775305895439377,0.5483892721184521,0.27522935779816515,0.2158273381294964,0.24193548387096775,0.12391952549079716,0.1546162402669633,0.0,0.2012872944857684,194.02877697841726,149.04070362037226,0.0008032023187183128,0.3486238532110092,0.2122905027932961,0.2638888888888889,0.13907456493952866,0.19911012235817574,0.0,0.3094447341695715,190.8491620111732,122.80060315770801,0.0008032023187183128,51.6170998000016
0.24347826086956523,0.6153846153846154,0.22685788787483702,0.34890965732087226,0.6942633637548892,0.6853015529071868,0.6897679039414581,0.6842520820544715,0.27008193619940024,0.7564102564102564,0.511054850037395,0.26373626373626374,0.17647058823529413,0.21145374449339208,0.09924394045308427,0.1585081585081585,11.0,0.20057060465687027,151.41176470588238,119.65861119608442,0.010451914254411417,0.31868131868131866,0.1695906432748538,0.2213740458015267,0.10293609911259781,0.1993006993006993,11.0,0.2957173973065006,145.50877192982458,98.06660096478033,0.010451914254411417,51.432789200000116
0.26545454545454544,0.7019230769230769,0.258974358974359,0.38522427440633245,0.721474358974359,0.720944537470526,0.7212093995696489,0.720788994954366,0.30827792476489113,0.7364253393665159,0.5236292771249528,0.2692307692307692,0.18421052631578946,0.21875,0.09414353140710209,0.17194570135746606,4.0,0.20159457951808868,162.8421052631579,138.89262333805763,0.0041205888909499125,0.3173076923076923,0.1875,0.2357142857142857,0.10809676473484005,0.19909502262443438,4.0,0.25344562511054575,165.75,130.20544341850976,0.0041205888909499125,55.23497910000151
0.2412280701754386,0.6626506024096386,0.21598002496878901,0.35369774919614144,0.7233352887204249,0.7182441073415196,0.7207852029249919,0.7167580652162373,0.2977990494049807,0.7726244343891403,0.5617883216899762,0.30120481927710846,0.1893939393939394,0.23255813953488372,0.13717972038217827,0.1493212669683258,2.0,0.20041121239120005,167.42424242424244,124.74351959510294,0.002601499839825641,0.39759036144578314,0.1875,0.2548262548262548,0.16001194464507096,0.19909502262443438,2.0,0.3256116784319101,165.75,101.3477162702589,0.002601499839825641,53.88163379999969
0.24774774774774774,0.5851063829787234,0.21246819338422393,0.3481012658227848,0.6863190947972498,0.6713930740711523,0.6788150608594775,0.6703945945187233,0.26501662995170866,0.7659090909090909,0.49071459866544886,0.2553191489361702,0.18604651162790697,0.21524663677130046,0.10630724411904233,0.14659090909090908,3.0,0.20181348247955594,163.72093023255815,118.9216880117573,0.003070716058513186,0.3404255319148936,0.18181818181818182,0.23703703703703705,0.12140560571051615,0.2,3.0,0.33758456562575034,160.0,94.79106350932976,0.003070716058513186,51.50630100000126
0.30917874396135264,0.6037735849056604,0.18766404199475065,0.4089456869009585,0.7080547714554548,0.6926964032802364,0.7003334873562761,0.6899893835073391,0.31970703417356466,0.7868663594470046,0.5361529854145113,0.32075471698113206,0.2786885245901639,0.29824561403508765,0.19337698237663312,0.14055299539170507,0.0,0.2016631724099115,241.9016393442623,168.5979626011722,0.000871524350353875,0.4339622641509434,0.2658959537572254,0.32974910394265233,0.2190820369374981,0.19930875576036866,0.0,0.36978147997016986,230.79768786127167,124.39779299847793,0.000871524350353875,52.93531150000126
0.26570048309178745,0.625,0.19,0.3728813559322034,0.7175,0.7055749128919862,0.7115124735378854,0.7027416948174534,0.3074091979605401,0.7916666666666666,0.5450088582049164,0.2840909090909091,0.2,0.2347417840375587,0.13668297332146628,0.14076576576576577,5.0,0.20046061098692677,177.6,124.71277961749003,0.005755943913838651,0.4090909090909091,0.2033898305084746,0.2716981132075472,0.17415028209314592,0.19932432432432431,5.0,0.371726613831877,180.61016949152543,96.84536608476985,0.005755943913838651,54.8399900000004
0.26804123711340205,0.5909090909090909,0.18275418275418276,0.36879432624113473,0.704077454077454,0.6858875825682357,0.6949230050286024,0.6831763398868578,0.2958112889266886,0.7942196531791907,0.5481799746523714,0.29545454545454547,0.20967741935483872,0.24528301886792456,0.1460702434820772,0.14335260115606938,5.0,0.20264106989994246,181.37096774193546,128.30567867036012,0.005004856094843146,0.4772727272727273,0.24277456647398843,0.3218390804597701,0.23328025938702876,0.2,5.0,0.395290419455788,210.0,106.2509940357853,0.005004856094843146,56.39616680000108
0.27319587628865977,0.5578947368421052,0.18455497382198952,0.3667820069204152,0.6866698815100578,0.6625199394042759,0.6744868332953466,0.6612393159807748,0.2800277312299249,0.7869615832363213,0.47435213400675336,0.21052631578947367,0.1724137931034483,0.18957345971563982,0.0778841041279195,0.1350407450523865,11.0,0.20055978182862064,148.10344827586206,99.72089028841337,0.011635361315016926,0.4,0.2222222222222222,0.2857142857142857,0.17744494852076406,0.1990686845168801,11.0,0.40773647193914164,190.88888888888889,93.19745133241807,0.011635361315016926,51.97315770000205
0.34502923976608185,0.6020408163265306,0.1414141414141414,0.43866171003717475,0.7303133374561945,0.707783501517183,0.7189601735767047,0.7013618650758473,0.36598409539091153,0.8303370786516854,0.5425458206841762,0.25510204081632654,0.25,0.25252525252525254,0.1589937955733976,0.11235955056179775,4.0,0.20241891001062814,222.5,123.50624750764322,0.004840442666185369,0.6122448979591837,0.33707865168539325,0.4347826086956522,0.36253149764707293,0.2,4.0,0.5898615651612382,300.0,101.71878207321245,0.004840442666185369,50.814724800002296
0.2559241706161137,0.5346534653465347,0.20231958762886598,0.34615384615384615,0.6661669388588345,0.6402037865221264,0.6530563503353134,0.6411960055599275,0.2481920237478739,0.7673888255416191,0.45873140313382066,0.25742574257425743,0.20967741935483872,0.2311111111111111,0.12014583917387306,0.14139110604332952,2.0,0.20235382935411247,183.88709677419357,128.48780812791472,0.0025057710817091034,0.32673267326732675,0.18857142857142858,0.2391304347826087,0.11481288209371385,0.19954389965792474,2.0,0.36720277174865523,165.37714285714287,89.86860268742198,0.0025057710817091034,55.323443500001304
0.3448275862068966,0.693069306930693,0.17780748663101603,0.4605263157894737,0.7576309101498385,0.7521292858702774,0.7548750859607478,0.7491793941379177,0.39108861314983306,0.806831566548881,0.5585170920961121,0.25742574257425743,0.2184873949579832,0.23636363636363636,0.12411825992102482,0.14016489988221437,3.0,0.2021836669491172,185.49579831932775,128.59594641016832,0.003133609226157621,0.42574257425742573,0.25443786982248523,0.31851851851851853,0.20861343938869822,0.19905771495877503,3.0,0.37548792176582535,216.01775147928996,114.51766490325922,0.003133609226157621,49.91766930000085
0.2824858757062147,0.5376344086021505,0.163659793814433,0.3703703703703703,0.6869873073938588,0.6545175832266003,0.6705559425900108,0.6531812662066351,0.2870613864001018,0.8043728423475259,0.48859651327346165,0.21505376344086022,0.18691588785046728,0.19999999999999998,0.09684755229617756,0.12313003452243959,0.0,0.20143793074108737,162.42990654205607,99.28616684266103,0.0009086222417696095,0.5053763440860215,0.27167630057803466,0.3533834586466165,0.2655494341479044,0.19907940161104717,0.0,0.5310133582915001,236.08670520231215,88.5100144207659,0.0009086222417696095,50.86932650000017
0.27346938775510204,0.6320754716981132,0.23116883116883116,0.3817663817663818,0.700453320264641,0.6937783141802663,0.6971078278825829,0.6927480780937819,0.2913022393881071,0.752283105022831,0.5603913676311443,0.33962264150943394,0.22641509433962265,0.27169811320754716,0.15220495271963724,0.1815068493150685,3.0,0.20144829277440388,198.33962264150944,178.7059076262084,0.0027952005755336163,0.36792452830188677,0.22285714285714286,0.2775800711743772,0.1560406844030784,0.1997716894977169,3.0,0.2403675547797989,195.22285714285715,162.25151533337336,0.0027952005755336163,50.024591100002
0.22983870967741934,0.6195652173913043,0.24455825864276567,0.33529411764705874,0.6875034793742693,0.6807899025274047,0.6841384558044229,0.6802036853801257,0.25532474582166764,0.7411225658648339,0.5345504322917249,0.2826086956521739,0.17218543046357615,0.2139917695473251,0.0994952111638322,0.1729667812142039,4.0,0.20170666979458382,150.31788079470198,128.90005088318674,0.0035967940125646402,0.33695652173913043,0.1781609195402299,0.23308270676691728,0.11825679492690895,0.19931271477663232,4.0,0.26047241323695436,155.53448275862067,119.01452293836196,0.0035967940125646402,55.83317490000263
0.31645569620253167,0.5102040816326531,0.13670886075949368,0.390625,0.6867476104365796,0.6413632260006019,0.6636675846218567,0.6404243095956907,0.3060001638628672,0.8243243243243243,0.4973746585779949,0.22448979591836735,0.20754716981132076,0.21568627450980393,0.11419399409539231,0.11936936936936937,12.0,0.20319480347318883,184.30188679245282,108.2704853862213,0.011455830955234416,0.5306122448979592,0.2937853107344633,0.3781818181818182,0.2920765064557661,0.19932432432432431,12.0,0.565930933916617,260.8813559322034,91.88400365416598,0.011455830955234416,50.88978860000134
0.27459016393442626,0.7127659574468085,0.22987012987012986,0.39644970414201186,0.7414479137883394,0.7403383892967613,0.7408929438464799,0.7398618907119153,0.3340196252180465,0.7638888888888888,0.5775510330469744,0.2978723404255319,0.19310344827586207,0.23430962343096234,0.12158735961804484,0.16782407407407407,2.0,0.20194903813702328,166.84137931034482,138.64884060998537,0.0022845417557280532,0.3404255319148936,0.18604651162790697,0.2406015037593985,0.1236845143086536,0.19907407407407407,2.0,0.27047474406569916,160.74418604651163,118.31049183737133,0.0022845417557280532,52.398988899996766
0.2803738317757009,0.6593406593406593,0.19845360824742267,0.39344262295081966,0.7304435255466183,0.7235222271766736,0.7269746394684417,0.7212235474391011,0.3276291884044137,0.7866205305651672,0.5677977800787879,0.31868131868131866,0.20714285714285716,0.2510822510822511,0.14629987789074744,0.16147635524798154,0.0,0.20006475460702047,179.59285714285716,144.9530681051922,0.0007318425147293546,0.42857142857142855,0.2254335260115607,0.2954545454545454,0.1962473535971059,0.19953863898500576,0.0,0.30817796724496127,195.4508670520231,126.5502538959902,0.0007318425147293546,51.509367499998916
0.25,0.6206896551724138,0.21400264200792601,0.3564356435643564,0.7033435065822439,0.6936303876169814,0.6984700631369456,0.6920442657786716,0.2833747648899378,0.768957345971564,0.4939263488278586,0.21839080459770116,0.1484375,0.17674418604651163,0.06307060805570175,0.15165876777251186,11.0,0.20191740636010344,125.28124999999999,94.09788062607653,0.01181935238265052,0.3103448275862069,0.16071428571428573,0.21176470588235297,0.09449151301963073,0.1990521327014218,11.0,0.32258698643601336,135.64285714285714,83.6983546617916,0.01181935238265052,54.40705579999849
0.2927927927927928,0.65,0.21159029649595687,0.40372670807453415,0.7192048517520215,0.7125456760048722,0.7158675207589936,0.7108024433270166,0.3218917001122905,0.7719714964370546,0.539372138260462,0.31,0.23846153846153847,0.26956521739130435,0.15809712395744324,0.1543942992874109,4.0,0.20207410390656463,200.7846153846154,153.4090682610862,0.0042276793358734886,0.38,0.2261904761904762,0.28358208955223885,0.1657840492907318,0.1995249406175772,4.0,0.312841608653127,190.45238095238096,121.46721839080459,0.0042276793358734886,51.87947709999935
0.22943722943722944,0.654320987654321,0.22879177377892032,0.33974358974358976,0.7127646069377003,0.707972482578979,0.7103645038064007,0.706879158600767,0.28046319503114825,0.760186263096624,0.5163111648549603,0.25925925925925924,0.15671641791044777,0.19534883720930235,0.09182756369441117,0.1559953434225844,10.0,0.20136077459476934,134.61940298507463,104.29042122161914,0.009858607255563779,0.35802469135802467,0.1695906432748538,0.23015873015873015,0.1284489459255332,0.1990686845168801,10.0,0.30705170635592566,145.6783625730994,94.44663357898432,0.009858607255563779,52.833504100002756
0.31746031746031744,0.42105263157894735,0.10790464240903387,0.36199095022624433,0.6565739945849568,0.5720895147095801,0.6128777185809894,0.5835726550434737,0.27735815088127225,0.8419282511210763,0.46126142143195625,0.15789473684210525,0.18072289156626506,0.16853932584269665,0.07706610794050855,0.0930493273542601,2.0,0.2002614639137169,161.2048192771084,74.90207904633506,0.002896568948840767,0.4421052631578947,0.23595505617977527,0.30769230769230765,0.2095300332010633,0.19955156950672645,2.0,0.524874596791383,210.47191011235955,80.01911362590357,0.002896568948840767,54.84241109999857
0.2635135135135135,0.5,0.13693467336683418,0.34513274336283184,0.681532663316583,0.6331797235023041,0.6569114577449406,0.6334272890884528,0.2759875188737527,0.8306636155606407,0.532545551348793,0.2692307692307692,0.2,0.22950819672131148,0.14354993551111692,0.12013729977116705,7.0,0.20204858062628037,174.8,103.93539976825029,0.006574025149524956,0.5256410256410257,0.23563218390804597,0.3253968253968254,0.2559980746721467,0.19908466819221968,7.0,0.5022680714076675,205.94252873563218,81.62971595047343,0.006574025149524956,54.066334999999526
0.3021276595744681,0.7319587628865979,0.2127107652399481,0.42771084337349397,0.7596239988233249,0.7586164407674704,0.7591200526325885,0.7580372193474301,0.36817313916885297,0.7811059907834101,0.569701191458418,0.28865979381443296,0.2014388489208633,0.23728813559322035,0.12430344830808757,0.16013824884792627,9.0,0.20149306588471944,174.84892086330936,138.96259842519686,0.008529765062670867,0.3711340206185567,0.20809248554913296,0.26666666666666666,0.15256326394244557,0.19930875576036866,9.0,0.29756491436828014,180.6242774566474,120.98200514138817,0.008529765062670867,48.029796999999235
0.21610169491525424,0.6296296296296297,0.2374839537869063,0.3217665615141956,0.6960728379213618,0.6897305419896861,0.6928944333473893,0.6888948412879121,0.2566908407225738,0.75,0.5105683753405991,0.25925925925925924,0.15217391304347827,0.19178082191780824,0.08679511602090183,0.16046511627906976,5.0,0.2002483367569059,130.8695652173913,104.8697848886167,0.004921673745535749,0.2839506172839506,0.13372093023255813,0.1818181818181818,0.06767646770166842,0.2,5.0,0.29412576263911455,115.0,78.19784228904989,0.004921673745535749,52.9573186000016
0.29245283018867924,0.6666666666666666,0.1925545571245186,0.4065573770491803,0.7370560547710739,0.7303338171262699,0.733687237122868,0.7277975307050553,0.34115469533258347,0.7924311926605505,0.5750927153021371,0.3010752688172043,0.21212121212121213,0.2488888888888889,0.14431306752107895,0.15137614678899083,3.0,0.20185559965306069,184.96969696969697,138.71302083333333,0.003331767589241988,0.46236559139784944,0.2471264367816092,0.32209737827715357,0.22722306979039092,0.19954128440366972,3.0,0.338055562856467,215.49425287356323,127.1980251904836,0.003331767589241988,54.40030040000056
0.27601809954751133,0.6288659793814433,0.21080368906455862,0.3836477987421384,0.7090311451584423,0.6999674335740694,0.7044847131064225,0.6981899135352478,0.3028061915663729,0.7710280373831776,0.5271823345499456,0.27835051546391754,0.1956521739130435,0.22978723404255322,0.11387430642518984,0.16121495327102803,8.0,0.20191747370757832,167.47826086956522,133.71799628942486,0.0073451409882729565,0.3402061855670103,0.19298245614035087,0.24626865671641787,0.1255699436403854,0.19976635514018692,8.0,0.2971251769015179,165.19298245614036,111.06430072379173,0.0073451409882729565,49.24567889999889
0.24175824175824176,0.6285714285714286,0.2653846153846154,0.34920634920634924,0.6815934065934066,0.6774687625957275,0.6795279550969494,0.6772089083042179,0.2542816306435479,0.7220338983050848,0.5211557245325231,0.2857142857142857,0.17341040462427745,0.21582733812949637,0.08348300392782351,0.19548022598870057,3.0,0.20048549330509896,153.46820809248555,149.6367617698203,0.0028086493850833947,0.2857142857142857,0.1694915254237288,0.21276595744680848,0.07862136275414387,0.2,3.0,0.20943354810386458,150.0,143.24352651048088,0.0028086493850833947,52.90344919999916
0.23154362416107382,0.7040816326530612,0.2880503144654088,0.3484848484848485,0.7080156590938262,0.7079938000235672,0.7080047294743366,0.7079891579094205,0.27577571048390315,0.7110862262038073,0.49711651376923804,0.21428571428571427,0.12962962962962962,0.16153846153846155,0.029952085305962505,0.18141097424412095,12.0,0.20170216334060037,115.75925925925925,104.11390563292454,0.011191854560132138,0.25510204081632654,0.1404494382022472,0.18115942028985507,0.04901727719177122,0.19932810750279956,12.0,0.2332019676896417,125.42134831460673,107.20321208126086,0.011191854560132138,52.193703999997524
0.2777777777777778,0.6382978723404256,0.20392156862745098,0.3870967741935484,0.7171881518564873,0.7085102670001746,0.7128360042542756,0.7063910463686919,0.31255640839640286,0.7788125727590222,0.5610566637118226,0.30851063829787234,0.21481481481481482,0.25327510917030566,0.14577261089146615,0.15715948777648428,2.0,0.20031069684864625,184.52592592592592,144.77509417239088,0.002175274083742265,0.3617021276595745,0.19883040935672514,0.2566037735849056,0.14277229983423953,0.1990686845168801,2.0,0.31480988311880453,170.7953216374269,108.00169188833537,0.002175274083742265,55.23428799999965
0.3333333333333333,0.6666666666666666,0.18853503184713377,0.4444444444444444,0.7390658174097664,0.7319735708129849,0.7355111456906986,0.729208041714021,0.36486933178827546,0.7935267857142857,0.5417212720956017,0.2702702702702703,0.23255813953488372,0.25,0.13528055013986146,0.14397321428571427,3.0,0.20086799076723197,208.37209302325584,149.35181999587147,0.003033790381019514,0.40540540540540543,0.25139664804469275,0.3103448275862069,0.19338916472549797,0.19977678571428573,3.0,0.35418999046315874,225.25139664804468,127.0504565675486,0.003033790381019514,52.062035599999945
0.24066390041493776,0.7160493827160493,0.23704663212435234,0.3602484472049689,0.7395013752958486,0.7387576363734658,0.7391294122875157,0.7384478456813683,0.31189250216708186,0.7584994138335287,0.5245146096584874,0.2345679012345679,0.1366906474820144,0.17272727272727273,0.06280902117309989,0.16295427901524032,9.0,0.20111008600934496,116.59712230215828,94.475619681835,0.008681521264666765,0.30864197530864196,0.14705882352941177,0.19920318725099603,0.08866424015177801,0.19929660023446658,9.0,0.28182196958423855,125.44117647058825,88.70848513649084,0.008681521264666765,52.21637489999921
0.24380165289256198,0.6413043478260869,0.2436750998668442,0.3532934131736527,0.6988146239796214,0.6940817066224823,0.6964441447987941,0.6933730889308758,0.2740610296138943,0.7437722419928826,0.513178630107462,0.2391304347826087,0.16923076923076924,0.19819819819819823,0.08229840211112967,0.1542111506524318,14.0,0.2012571261511475,142.66153846153847,109.31289947704823,0.01455386483318863,0.33695652173913043,0.18452380952380953,0.23846153846153847,0.12062264107535559,0.199288256227758,14.0,0.2989182868001754,155.55357142857144,103.70727174922979,0.01455386483318863,55.62607600000047
0.2612244897959184,0.6213592233009708,0.22853535353535354,0.36781609195402304,0.6964119348828086,0.6883234613319721,0.6923558864712791,0.68727228648969,0.281150818553396,0.7541899441340782,0.5110196635350015,0.2621359223300971,0.19148936170212766,0.22131147540983606,0.10353583604235295,0.15754189944134078,5.0,0.20074854934905825,171.38297872340425,134.49661323854872,0.0048800191762933594,0.33980582524271846,0.19553072625698323,0.24822695035460993,0.1260437447704703,0.2,5.0,0.30056410463535144,175.0,116.44770436730124,0.0048800191762933594,52.67771779999748
0.24302788844621515,0.6703296703296703,0.2402022756005057,0.35672514619883045,0.7150636973645822,0.712265159021585,0.7136630564306566,0.711573528027848,0.2899709564889385,0.7505668934240363,0.5394865383362937,0.2967032967032967,0.18493150684931506,0.22784810126582278,0.11970756679006303,0.1655328798185941,10.0,0.20057826330073783,163.1095890410959,134.61079757938396,0.009120325025390869,0.37362637362637363,0.19318181818181818,0.2546816479400749,0.1477375710857696,0.19954648526077098,10.0,0.2766798958034996,170.38636363636363,122.88569034356976,0.009120325025390869,50.904633599999215
0.29910714285714285,0.6836734693877551,0.20989304812834225,0.4161490683229814,0.7368902106297064,0.7330470037210508,0.734966095118326,0.7315623297469354,0.3436542704046014,0.7777777777777778,0.5747354068817596,0.336734693877551,0.25,0.2869565217391304,0.18024776338885415,0.15602836879432624,7.0,0.2024929342705993,211.5,162.96864934507195,0.006894956070582426,0.3877551020408163,0.22485207100591717,0.2846441947565543,0.17018965130467964,0.19976359338061467,7.0,0.3112399449235452,190.2248520710059,122.09229766228928,0.006894956070582426,51.64728689999902
0.39805825242718446,0.4606741573033708,0.08010335917312661,0.4270833333333333,0.6902853990651221,0.6139092763559126,0.6509781945803726,0.6144556363067617,0.35700601734469106,0.8725376593279258,0.518871922642383,0.23595505617977527,0.3,0.26415094339622647,0.19232702843580537,0.08111239860950174,4.0,0.20420443410093092,258.9,102.83811951713278,0.0060356513887098945,0.5393258426966292,0.27906976744186046,0.367816091954023,0.28862764718323053,0.1993047508690614,4.0,0.5262432631063204,240.8372093023256,91.21256910096014,0.0060356513887098945,49.78513940000266
0.2629310344827586,0.5980392156862745,0.22559366754617413,0.3652694610778443,0.6862227740700502,0.6748906815440289,0.6805331407677149,0.6740667438239547,0.2713149106171011,0.7534883720930232,0.4819306254370177,0.24509803921568626,0.18115942028985507,0.20833333333333334,0.08458534646362548,0.16046511627906976,12.0,0.20046954296880493,155.79710144927537,124.70722300140251,0.010946159160092835,0.27450980392156865,0.16279069767441862,0.20437956204379562,0.06833117869532541,0.2,12.0,0.2972178876189673,140.0,94.20698136410935,0.010946159160092835,50.11237419999816
0.28679245283018867,0.7524752475247525,0.2441860465116279,0.41530054644808745,0.7541446005065623,0.7541409052744065,0.7541427528882211,0.7541389331360987,0.3534713313324935,0.7554285714285714,0.5875812021641049,0.297029702970297,0.19736842105263158,0.23715415019762845,0.11757762778076948,0.1737142857142857,3.0,0.20061618146097518,172.69736842105263,149.53928332962386,0.003052220209391133,0.36633663366336633,0.21142857142857144,0.26811594202898553,0.1502166675252605,0.2,3.0,0.25378043698279457,185.0,145.79531992258518,0.003052220209391133,54.272966200001974
0.3058252427184466,0.65625,0.18523316062176165,0.4172185430463576,0.7355084196891192,0.7269675288937809,0.7312255044389309,0.7238882596719878,0.34723068389527434,0.7972350230414746,0.5505490891244205,0.28125,0.21774193548387097,0.24545454545454545,0.13946430170755955,0.14285714285714285,6.0,0.20063414963232815,189.0,134.57330195023536,0.005860497961972784,0.4270833333333333,0.23699421965317918,0.3048327137546468,0.2010650043232697,0.19930875576036866,6.0,0.37155771436281454,205.71098265895955,110.34624881981263,0.005860497961972784,53.96670610000001
0.26732673267326734,0.6067415730337079,0.193717277486911,0.3711340206185567,0.7065121477733984,0.6924229808492922,0.6994320891748478,0.6900172795324364,0.2969963436740273,0.7854630715123095,0.5467929048415043,0.3258426966292135,0.24166666666666667,0.27751196172248804,0.18176420106696367,0.1406799531066823,3.0,0.2014517890409199,206.14166666666668,143.95503826530611,0.003340361908751122,0.449438202247191,0.23529411764705882,0.3088803088803089,0.21372162597491717,0.19929660023446658,3.0,0.37375537997045033,200.7058823529412,107.02187083745112,0.003340361908751122,49.609652999999525
0.2850877192982456,0.6565656565656566,0.21335078534031413,0.39755351681957185,0.7216074356126713,0.7157449225441787,0.7186702012118596,0.7141104182944862,0.3203496946171883,0.7717265353418308,0.5449597190318465,0.2727272727272727,0.19852941176470587,0.2297872340425532,0.11375270561898068,0.15758980301274622,0.0,0.2009352721588076,171.3308823529412,134.37162977867203,0.0007680458928326789,0.3434343434343434,0.19767441860465115,0.2509225092250922,0.1298768137290898,0.1993047508690614,0.0,0.3021306416182634,170.59302325581396,112.53410053972077,0.0007680458928326789,51.135148800000024
0.28901734104046245,0.5319148936170213,0.1599479843953186,0.3745318352059926,0.6859834546108512,0.6513804021215237,0.6684580603995499,0.6502236253477877,0.2894568328169986,0.8064889918887601,0.5223181770887516,0.23404255319148937,0.19469026548672566,0.21256038647342998,0.10686046852782767,0.13093858632676708,2.0,0.20236219290741825,168.01769911504425,108.71595965588845,0.0023459297698524314,0.5319148936170213,0.29069767441860467,0.37593984962406013,0.2911010648605753,0.1993047508690614,2.0,0.5420437320847028,250.87209302325581,92.24347970541004,0.0023459297698524314,51.98035410000011
0.3041825095057034,0.7407407407407407,0.23164556962025318,0.43126684636118595,0.7545475855602438,0.7542949454782689,0.7544212549437638,0.7541595706191195,0.3638812384812223,0.765033407572383,0.5982966914720973,0.35185185185185186,0.24516129032258063,0.2889733840304182,0.17537352604677373,0.17260579064587972,3.0,0.20146877234028726,220.15483870967745,188.6148387096774,0.0030915375154712934,0.4074074074074074,0.24581005586592178,0.30662020905923343,0.19257716004446135,0.19933184855233854,3.0,0.25695717163839604,220.73743016759775,171.2347614952704,0.0030915375154712934,54.929800000001705
0.29515418502202645,0.6320754716981132,0.20202020202020202,0.4024024024024024,0.7150276348389556,0.7054041447324582,0.7101995897025327,0.7031998816118421,0.319275510813864,0.7783964365256125,0.5125998071796463,0.27358490566037735,0.21804511278195488,0.24267782426778242,0.1292342816775055,0.14810690423162584,4.0,0.20123734862224302,195.8045112781955,144.10843811323497,0.0039028434385609866,0.37735849056603776,0.22346368715083798,0.2807017543859649,0.163027443390896,0.19933184855233854,4.0,0.3366436552974902,200.6703910614525,118.82000260676891,0.0039028434385609866,55.98998209999991
0.3150684931506849,0.6571428571428571,0.1905972045743329,0.4259259259259259,0.733272826284262,0.7253688484008318,0.7293101298936128,0.7226209139104812,0.3493385980801054,0.7914798206278026,0.5639769165050234,0.3047619047619048,0.25,0.27467811158798283,0.1680189619084701,0.14349775784753363,1.0,0.2018144037301708,223.0,158.56152687091915,0.001577211249148582,0.45714285714285713,0.2696629213483146,0.3392226148409894,0.23542045825014518,0.19955156950672645,1.0,0.3600045613501596,240.53932584269663,133.3316439657903,0.001577211249148582,53.04211619999842
0.2831050228310502,0.6888888888888889,0.20496083550913838,0.401294498381877,0.7419640266898753,0.7381673867568571,0.7400632720580452,0.7365620874386204,0.3401924452640547,0.7838785046728972,0.5566239520967271,0.3,0.225,0.2571428571428572,0.15778417271184322,0.14018691588785046,2.0,0.200655054339735,192.60000000000002,134.55928179255082,0.002556266774636541,0.4,0.21052631578947367,0.27586206896551724,0.17166207053560553,0.19976635514018692,2.0,0.35928241774601755,180.21052631578948,100.19972651555962,0.002556266774636541,52.23869720000221
0.30042918454935624,0.6666666666666666,0.2182061579651941,0.4142011834319527,0.7242302543507362,0.7196549599507085,0.7219389826639578,0.7182864588939304,0.3307165057172413,0.7676056338028169,0.551542346436172,0.29523809523809524,0.2108843537414966,0.24603174603174602,0.12175182727010748,0.17253521126760563,2.0,0.20047325555800133,179.67346938775512,154.63409278067527,0.0023177392552541755,0.34285714285714286,0.21176470588235294,0.2618181818181818,0.13445723437400484,0.19953051643192488,2.0,0.26451408760730794,180.42352941176472,136.09861132782027,0.0023177392552541755,55.943755100001
0.22180451127819548,0.6704545454545454,0.25650557620817843,0.33333333333333337,0.7069744846231835,0.7050879866152789,0.7060306055344449,0.7047075032806794,0.2696862273188799,0.7363128491620111,0.5348299565097624,0.2840909090909091,0.16778523489932887,0.21097046413502107,0.10425838965913446,0.1664804469273743,9.0,0.2018942590275555,150.16778523489933,123.82719607984434,0.007907132231728729,0.3522727272727273,0.17318435754189945,0.2322097378277154,0.1257090960870461,0.2,9.0,0.2719760235109262,155.0,113.98063549802075,0.007907132231728729,51.7391048999998
0.328125,0.4375,0.11300919842312747,0.375,0.6622454007884362,0.5859738327029205,0.6229433968587208,0.5943047147622753,0.2871187708859356,0.8366394399066511,0.467493709962988,0.20833333333333334,0.25,0.22727272727272727,0.14038079210203644,0.09334889148191365,3.0,0.2034867883410515,214.25,98.28647925033466,0.004864224516470485,0.4895833333333333,0.27485380116959063,0.352059925093633,0.2577727372589996,0.19953325554259044,3.0,0.5467748641557585,235.54970760233917,85.95859663843513,0.004864224516470485,54.78468650000286
0.2342007434944238,0.6774193548387096,0.26342710997442453,0.34806629834254144,0.7069961224321425,0.7057587957290391,0.7063771881599866,0.7055071181656916,0.2765187624028436,0.7302857142857143,0.5077769855971981,0.25806451612903225,0.16,0.19753086419753085,0.07927379209914223,0.17142857142857143,8.0,0.2019449355897954,140.0,118.84427767354597,0.007556485724710024,0.3118279569892473,0.1657142857142857,0.21641791044776118,0.09641142393589383,0.2,8.0,0.25992815245151696,145.0,111.56929223128002,0.007556485724710024,53.30820820000008
0.30666666666666664,0.6106194690265486,0.20025673940949937,0.40828402366863903,0.7051813648085246,0.6925010068465566,0.6988124248604429,0.690387371397668,0.3142835749186489,0.7757847533632287,0.5535706945780945,0.3185840707964602,0.25,0.28015564202334625,0.16267288977776248,0.16143497757847533,3.0,0.20150346847967276,223.0,178.65697435194076,0.0029123567059277274,0.39823008849557523,0.25280898876404495,0.30927835051546393,0.18933336525294128,0.19955156950672645,3.0,0.30203410441367495,225.5056179775281,148.98979731893672,0.0029123567059277274,54.86905480000132
0.23636363636363636,0.5909090909090909,0.21818181818181817,0.33766233766233766,0.6863636363636363,0.6730885009030706,0.6796936597279544,0.6721595832680552,0.25897401531786995,0.7622377622377622,0.4721708866464398,0.2159090909090909,0.14728682170542637,0.17511520737327188,0.062009735796723295,0.15034965034965034,24.0,0.20197518153245908,126.37209302325583,94.07096384734054,0.02338121715357003,0.3068181818181818,0.15789473684210525,0.20849420849420847,0.0909883782984906,0.1993006993006993,24.0,0.3264603879917633,135.47368421052633,82.70528674578803,0.02338121715357003,54.102080799999385
0.19365079365079366,0.7349397590361446,0.3248081841432225,0.30653266331658297,0.7050657874464612,0.7038000131110286,0.7044326159746984,0.7035566767270389,0.2510319541085306,0.6809248554913295,0.5182527197748192,0.21686746987951808,0.1016949152542373,0.13846153846153847,0.009887024265968512,0.2046242774566474,5.0,0.20119299650969846,87.96610169491525,89.46633487380021,0.00471270085440121,0.20481927710843373,0.09826589595375723,0.13281250000000003,0.003925161923628924,0.2,5.0,0.1943697430909195,85.0,87.4621725051516,0.00471270085440121,60.48373579999679
0.25133689839572193,0.5164835164835165,0.18018018018018017,0.3381294964028777,0.6681516681516682,0.6337235145947548,0.6507099380088055,0.6351348967344863,0.25059247303925836,0.7880184331797235,0.5312909297977569,0.25274725274725274,0.17164179104477612,0.20444444444444446,0.09317285087385983,0.1543778801843318,1.0,0.20080015240998286,148.98507462686567,114.54174573055028,0.0014671520626571974,0.42857142857142855,0.2254335260115607,0.2954545454545454,0.19640286074976399,0.19930875576036866,1.0,0.3810542667467796,195.6763005780347,102.34762710560726,0.0014671520626571974,54.336273699998856
0.26171875,0.6633663366336634,0.24293059125964012,0.3753501400560224,0.7102178726870116,0.7071271782466514,0.7086708405554063,0.7064548625158319,0.29511148532984194,0.7463026166097838,0.5250435272659015,0.25742574257425743,0.16993464052287582,0.2047244094488189,0.07921836835156805,0.17406143344709898,8.0,0.2017344788458421,149.37254901960785,128.8822820409803,0.007051155443259086,0.32673267326732675,0.18857142857142858,0.2391304347826087,0.11517301250666695,0.19908987485779295,8.0,0.2536337601988437,165.75428571428571,130.1088623775032,0.007051155443259086,53.09884560000137
0.23868312757201646,0.6041666666666666,0.24278215223097113,0.34218289085545717,0.6806922572178478,0.6720890067076356,0.6763769533530261,0.6716501856101634,0.2528377671337035,0.7400932400932401,0.5067810546191045,0.2916666666666667,0.19858156028368795,0.23628691983122366,0.12195804173320912,0.16433566433566432,7.0,0.20053820223093505,170.38297872340428,139.6242695332227,0.006839408848986534,0.34375,0.19298245614035087,0.24719101123595508,0.1283466207780566,0.1993006993006993,7.0,0.27484483282454897,165.57894736842107,120.06774753908512,0.006839408848986534,52.7584969999989
0.20853080568720378,0.5176470588235295,0.21632124352331605,0.29729729729729726,0.6506629076501067,0.6234703078706686,0.6369215048596149,0.6261957462380441,0.20907252614483784,0.7572928821470245,0.44776554647080913,0.21176470588235294,0.14754098360655737,0.1739130434782609,0.06591213317961143,0.1423570595099183,3.0,0.20222151971490976,126.44262295081968,89.01129823065445,0.003382693433156589,0.3058823529411765,0.15204678362573099,0.203125,0.08829890743839201,0.19953325554259044,3.0,0.3565783423381998,130.30409356725147,72.91525287124723,0.003382693433156589,52.562108300000546
0.265625,0.5483870967741935,0.17515527950310558,0.35789473684210527,0.6866159086355439,0.6587878257317108,0.6725579540551231,0.6574846088875329,0.27737359090900815,0.7962138084632516,0.49233843856317616,0.22580645161290322,0.18584070796460178,0.2038834951456311,0.10245213108030561,0.12583518930957685,9.0,0.20226840375857497,166.88495575221236,103.82244389027431,0.009956295595099786,0.4731182795698925,0.24581005586592178,0.3235294117647059,0.23293826188576813,0.19933184855233854,9.0,0.4524701677523491,220.73743016759775,97.24398012485668,0.009956295595099786,51.81288429999768
0.2577777777777778,0.651685393258427,0.21520618556701032,0.3694267515923567,0.7182396038457084,0.7120724934229756,0.7151494008845591,0.7104859523478704,0.30227914017071295,0.7710982658959538,0.5733367770213798,0.33707865168539325,0.20408163265306123,0.25423728813559326,0.15070600154559313,0.1699421965317919,1.0,0.20012217297420162,176.53061224489795,149.90842620856108,0.0013691617610251297,0.3595505617977528,0.18497109826589594,0.2442748091603053,0.13508355737708283,0.2,1.0,0.2742072962836686,160.0,116.70003108486168,0.0013691617610251297,53.17275549999977
0.2590909090909091,0.6404494382022472,0.20897435897435898,0.3689320388349515,0.7157375396139442,0.7078180189789982,0.7117667647470232,0.7059363256046203,0.3008599181505893,0.7756041426927502,0.5260162563112196,0.2808988764044944,0.18796992481203006,0.22522522522522523,0.1199503240106613,0.15304948216340622,7.0,0.20208401260732528,163.34586466165413,123.7109243697479,0.006552508301681823,0.34831460674157305,0.1791907514450867,0.23664122137404578,0.12624410097698596,0.19907940161104717,7.0,0.326785132050864,155.71676300578036,94.8635569967573,0.006552508301681823,50.51663610000105
0.22018348623853212,0.6153846153846154,0.21601016518424396,0.32432432432432434,0.6996872251001857,0.6895299294544947,0.6945900106995077,0.6880790280008696,0.263472054515952,0.7687861271676301,0.48088680814354556,0.21794871794871795,0.13709677419354838,0.1683168316831683,0.06701504542438926,0.14335260115606938,5.0,0.20067382606864603,118.58870967741935,84.71458551941238,0.00522797706640487,0.32051282051282054,0.14450867052023122,0.199203187250996,0.09484909572316526,0.2,5.0,0.3502993111331709,125.0,71.36753971661656,0.00522797706640487,51.28143420000197
0.21487603305785125,0.6190476190476191,0.25165562913907286,0.31901840490797545,0.6836959949542731,0.6775830258302583,0.6806326476221556,0.6771569481693385,0.24341534543266993,0.735399284862932,0.4725460094686501,0.2261904761904762,0.1347517730496454,0.1688888888888889,0.051857977800321614,0.16805721096543505,20.0,0.20126035544855908,113.05673758865248,94.40508021390374,0.019687595707962323,0.2619047619047619,0.1317365269461078,0.17529880478087653,0.052510691238598244,0.19904648390941598,20.0,0.26723783898605113,110.52694610778443,82.32367124158762,0.019687595707962323,52.25881179999851
0.3016759776536313,0.5684210526315789,0.15225334957369063,0.39416058394160586,0.7080838515289442,0.6805366940083655,0.6941736406694062,0.6763941670271975,0.3199937495309999,0.8187772925764192,0.5277401666543371,0.2631578947368421,0.21551724137931033,0.23696682464454974,0.13963975280227242,0.12663755458515283,4.0,0.200335727455351,197.41379310344828,124.79052197802199,0.004015754243368878,0.5684210526315789,0.29508196721311475,0.38848920863309355,0.31362444671260786,0.19978165938864628,4.0,0.5704752469798289,270.29508196721315,94.65791949060562,0.004015754243368878,53.9499309999992
0.27896995708154504,0.6701030927835051,0.20613496932515338,0.39393939393939387,0.7319840617291758,0.7267527260787667,0.7293637037225577,0.7249331036186919,0.3279744161282616,0.7807017543859649,0.5512023017540613,0.30927835051546393,0.22388059701492538,0.25974025974025977,0.1582005733782829,0.14692982456140352,4.0,0.2005016480846761,204.17910447761193,149.62470526591562,0.004231726960508863,0.4020618556701031,0.21428571428571427,0.27956989247311825,0.17479571191390256,0.19956140350877194,4.0,0.33605168813772995,195.42857142857142,116.0535756154748,0.004231726960508863,54.56018469999981
0.30131004366812225,0.6831683168316832,0.21052631578947367,0.41818181818181815,0.7363210005211048,0.7324840764331211,0.7344000326967675,0.7310170589989415,0.34421002515080473,0.7770034843205574,0.5306129285475016,0.27722772277227725,0.20588235294117646,0.23628691983122363,0.11922204517616522,0.15795586527293845,2.0,0.2010529311326124,177.26470588235293,139.26680820948337,0.0023824562377667033,0.32673267326732675,0.19186046511627908,0.24175824175824182,0.11576228548655748,0.1997677119628339,2.0,0.3026465566306204,165.1918604651163,109.03808180535965,0.0023824562377667033,54.76948329999868
0.2190082644628099,0.6091954022988506,0.24261874197689345,0.32218844984802425,0.6832883301609786,0.6752540030447974,0.6792592878827612,0.6747369621807546,0.24558010889099205,0.7424942263279446,0.5038350798969262,0.2413793103448276,0.13815789473684212,0.1757322175732218,0.057857212362536,0.17551963048498845,12.0,0.20047736302249347,119.64473684210526,104.74998116193203,0.010058759456909726,0.2988505747126437,0.15028901734104047,0.2,0.08281553046861032,0.1997690531177829,12.0,0.25271537985105064,130.15028901734104,102.88253930300677,0.010058759456909726,53.763850999999704
0.2857142857142857,0.6666666666666666,0.22697795071335927,0.4,0.7198443579766536,0.715915915915916,0.717877449748744,0.7148420602357815,0.31817747930517726,0.7602739726027398,0.5579981078743926,0.3047619047619048,0.22695035460992907,0.2601626016260163,0.14440634939221572,0.16095890410958905,1.0,0.20112107302704016,198.80851063829786,159.10814077497335,0.0016062830392064107,0.3523809523809524,0.21142857142857144,0.2642857142857143,0.1408557005760765,0.1997716894977169,1.0,0.28980595713039625,185.21142857142857,127.67163369023535,0.0016062830392064107,54.06896869999764
0.29949238578680204,0.6145833333333334,0.17806451612903226,0.40273037542662116,0.7182594086021505,0.7032944412736134,0.7107375390834267,0.6997892583128389,0.326758110597602,0.799081515499426,0.5377350286835245,0.2604166666666667,0.21008403361344538,0.23255813953488375,0.12685670881461766,0.13662456946039037,4.0,0.20094527022398795,182.9831932773109,124.411985274066,0.0039799291098449804,0.5,0.27586206896551724,0.35555555555555557,0.2642806980688316,0.1997703788748565,4.0,0.4149873278991712,240.27586206896552,115.66618249042651,0.0039799291098449804,52.4318056000011
0.3333333333333333,0.6153846153846154,0.16558861578266496,0.43243243243243246,0.7248979998009752,0.7083533530098154,0.7165779292925015,0.7039015503589564,0.35166253715251783,0.8084378563283923,0.533139305010171,0.2692307692307692,0.23333333333333334,0.25,0.1413117012752549,0.13683010262257697,1.0,0.20203620215804935,204.63333333333333,138.58902365476112,0.0015667160678115117,0.5288461538461539,0.3142857142857143,0.3942652329749104,0.30222726377626813,0.19954389965792474,1.0,0.4309870977349959,275.62857142857143,127.61402902557015,0.0015667160678115117,54.9540201000018
0.3072289156626506,0.5543478260869565,0.148005148005148,0.39534883720930225,0.7031713390409043,0.6716734141707533,0.6872419472359239,0.6679522745527029,0.3180278513840609,0.8204833141542003,0.49939781660409366,0.20652173913043478,0.18269230769230768,0.19387755102040816,0.09206516905211123,0.11967779056386652,6.0,0.20019012469943523,158.7596153846154,94.90977653631285,0.006453105845198754,0.5652173913043478,0.30057803468208094,0.3924528301886793,0.31551521143424865,0.19907940161104717,6.0,0.5815299446401611,261.20231213872836,89.41929900475984,0.006453105845198754,53.57749100000001
0.3118811881188119,0.6494845360824743,0.18028534370946822,0.4214046822742475,0.734599596186503,0.7247376612029816,0.729651967215097,0.7212851855374751,0.3498303726933009,0.8006912442396313,0.5543116954836407,0.29896907216494845,0.2396694214876033,0.2660550458715596,0.16340736561834251,0.13940092165898618,4.0,0.20154826827057282,208.03305785123965,143.88612836438924,0.004060091378144559,0.4742268041237113,0.2658959537572254,0.34074074074074073,0.2440991131869626,0.19930875576036866,4.0,0.38925421241204655,230.79768786127167,118.17470057666716,0.004060091378144559,51.5864479999982
0.25102880658436216,0.6288659793814433,0.2351421188630491,0.3588235294117647,0.6968619302591971,0.6902272596953305,0.6935366612579353,0.6893295336502844,0.276162765811008,0.7497129735935706,0.5197470765204848,0.25773195876288657,0.1736111111111111,0.20746887966804978,0.08806014179199304,0.1653272101033295,8.0,0.20098510169009892,151.21527777777777,124.38732915909243,0.007527742416309553,0.32989690721649484,0.1839080459770115,0.23616236162361626,0.11521482697599288,0.1997703788748565,8.0,0.2786971759516109,160.183908045977,114.8199650417557,0.007527742416309553,55.72744550000061
0.23873873873873874,0.5888888888888889,0.2186287192755498,0.33974358974358976,0.6851300848066696,0.6716109473507537,0.6783368376518479,0.6707501992627183,0.25888834276135897,0.761297798377752,0.46755399911572126,0.18888888888888888,0.1328125,0.1559633027522936,0.038948321579299915,0.14831981460023175,10.0,0.20239440447413212,114.6171875,83.99441696113075,0.01015639053066434,0.3111111111111111,0.16279069767441862,0.21374045801526717,0.09550048253829303,0.1993047508690614,10.0,0.33537396478480397,140.48837209302326,83.48888983665287,0.01015639053066434,54.42183590000059
0.27411167512690354,0.574468085106383,0.18380462724935734,0.3711340206185567,0.6953317289285128,0.6743230221627895,0.6847468093074638,0.6722336567070197,0.2897153563617048,0.7901376146788991,0.5129016920179609,0.26595744680851063,0.2032520325203252,0.2304147465437788,0.12472914213408696,0.14105504587155962,4.0,0.200473297443917,177.2357723577236,124.70488747756455,0.004001779213941288,0.44680851063829785,0.2413793103448276,0.31343283582089554,0.21505761981574104,0.19954128440366972,4.0,0.3978327959146957,210.48275862068965,105.57199012070825,0.004001779213941288,54.64282919999823
0.24281150159744408,0.7755102040816326,0.3062015503875969,0.3698296836982968,0.7346543268470178,0.7323822341857336,0.7335174007823093,0.7315274148714266,0.3090039334693697,0.7029816513761468,0.5970898188527469,0.32653061224489793,0.16842105263157894,0.2222222222222222,0.09364457560767671,0.21788990825688073,5.0,0.20147440848135925,146.86315789473684,158.82910510175634,0.004191613198693452,0.3163265306122449,0.1781609195402299,0.22794117647058823,0.10397877285747856,0.19954128440366972,5.0,0.17347468932107,155.35632183908046,178.70042091630242,0.004191613198693452,52.088948299999174
0.273972602739726,0.6185567010309279,0.20306513409961685,0.37974683544303794,0.7077457834656555,0.6965063065074227,0.7021035547466384,0.6944394994315329,0.30095819567665827,0.7772727272727272,0.5420978336909865,0.31958762886597936,0.23846153846153847,0.2731277533039647,0.17047514080770057,0.14772727272727273,4.0,0.20038253825382538,209.84615384615384,154.70409882088714,0.004233235823582359,0.422680412371134,0.23295454545454544,0.30036630036630035,0.19594176315106293,0.2,4.0,0.34300461296129614,205.0,119.53192012792653,0.004233235823582359,51.509285099997214
0.26200873362445415,0.6122448979591837,0.21446700507614214,0.36697247706422026,0.6988889464415208,0.6881473383854292,0.6934973455758351,0.6866710072264188,0.28498130016904866,0.7663656884875847,0.4972673418944217,0.25510204081632654,0.1937984496124031,0.22026431718061676,0.10948893504117976,0.1455981941309255,1.0,0.2015243600096335,171.70542635658916,124.05448154657293,0.0015536756091877205,0.32653061224489793,0.1807909604519774,0.2327272727272727,0.11180046531968314,0.19977426636568849,1.0,0.344879368722286,160.180790960452,92.78606638186001,0.0015536756091877205,49.30668869999863
0.2372093023255814,0.5483870967741935,0.21188630490956073,0.33116883116883117,0.6682503959323164,0.6467506548584258,0.6574126414806973,0.6472607049333254,0.24113209386647838,0.76239907727797,0.4963533148937286,0.23655913978494625,0.16793893129770993,0.19642857142857145,0.08271718386561543,0.1510957324106113,5.0,0.20028431527404833,145.6030534351145,109.84384858044164,0.005082814984550772,0.3225806451612903,0.17341040462427745,0.22556390977443608,0.10671874472308795,0.19953863898500576,5.0,0.3263881908645769,150.34682080924856,91.9150901891773,0.005082814984550772,55.994378499999584
0.23465703971119134,0.7831325301204819,0.26903553299492383,0.3611111111111111,0.757048498562779,0.7561497758209799,0.7565990037489176,0.7556522790102121,0.32412618312518915,0.7359357060849598,0.5794512429123206,0.3132530120481928,0.16774193548387098,0.21848739495798322,0.11480445566043877,0.17795637198622274,5.0,0.20179414927648684,146.1032258064516,128.84417161359957,0.004730713740794631,0.3614457831325301,0.1724137931034483,0.23346303501945528,0.13123420201115413,0.1997703788748565,5.0,0.24451069274853324,150.17241379310346,122.6940207103886,0.004730713740794631,53.09475530000054
0.22270742358078602,0.6144578313253012,0.23116883116883116,0.3269230769230769,0.6916445000782351,0.6830305635364116,0.6873240375945661,0.6821306932634471,0.25633076200454885,0.753810082063306,0.5419838168663095,0.2891566265060241,0.17142857142857143,0.21524663677130043,0.11082767276417617,0.16412661195779601,5.0,0.20059955733617235,146.22857142857143,119.64134078212291,0.004917833725266027,0.3855421686746988,0.18823529411764706,0.2529644268774704,0.153071328028694,0.19929660023446658,5.0,0.2868349536323649,160.56470588235294,111.56241453408869,0.004917833725266027,53.674319699999614
0.3068181818181818,0.6136363636363636,0.1554140127388535,0.4090909090909091,0.7291111754487551,0.7108225623920423,0.7199087956131374,0.7055255742345995,0.34385845746607485,0.8213058419243986,0.5459803968760716,0.23863636363636365,0.1926605504587156,0.21319796954314724,0.11524577891440461,0.12485681557846506,2.0,0.2028354257408831,168.19266055045873,103.53221052631578,0.0027857679307396813,0.6022727272727273,0.3045977011494253,0.40458015267175573,0.3377298838953625,0.19931271477663232,2.0,0.5467589034076351,265.91379310344826,96.9348641049672,0.0027857679307396813,55.310191500000656
0.2876712328767123,0.6,0.2018111254851229,0.3888888888888889,0.6990944372574386,0.6850481125092523,0.6920356383228585,0.6831974350091432,0.2986130293690005,0.7744874715261959,0.5558012383153712,0.3238095238095238,0.2518518518518518,0.2833333333333333,0.17374698245004444,0.15375854214123008,2.0,0.20148623543320385,221.1259259259259,168.7460184409053,0.0021517655201227707,0.3904761904761905,0.2342857142857143,0.29285714285714287,0.17635945898429253,0.19931662870159453,2.0,0.3263666047401903,205.70285714285714,125.62559834404243,0.0021517655201227707,49.90649719999783
0.33513513513513515,0.6595744680851063,0.15870967741935485,0.4444444444444444,0.7504323953328758,0.7394318535184474,0.7449118182854106,0.7344079213473282,0.38003304908370605,0.8216340621403913,0.5787501213270695,0.3191489361702128,0.25862068965517243,0.2857142857142857,0.19012086908469114,0.1334867663981588,3.0,0.20137608550434202,224.74137931034485,148.9749883898361,0.0032567397933573323,0.5851063829787234,0.3179190751445087,0.41198501872659177,0.3366842815539412,0.19907940161104717,3.0,0.45938543754175015,276.27167630057806,119.72517085938637,0.0032567397933573323,52.89451619999818
0.2534562211981567,0.6111111111111112,0.2151394422310757,0.3583061889250815,0.6979858344400177,0.6871729824005074,0.6925583062280415,0.6857393219755827,0.27968284149066786,0.7663107947805456,0.5265099588179063,0.32222222222222224,0.2116788321167883,0.2555066079295154,0.14966275344541716,0.16251482799525505,11.0,0.20128720836685438,178.44525547445255,144.07274180655477,0.010313517587848145,0.34444444444444444,0.18452380952380953,0.24031007751937986,0.12562624220256915,0.199288256227758,11.0,0.29746215168580414,155.55357142857144,104.21493902439025,0.010313517587848145,54.34451199999967
0.28125,0.6428571428571429,0.21409574468085107,0.391304347826087,0.7143806990881458,0.7072197846031114,0.7107912240128873,0.7055615443775971,0.3108325282068187,0.7694117647058824,0.53578858386855,0.25510204081632654,0.18796992481203006,0.21645021645021645,0.09800609247687961,0.1564705882352941,5.0,0.2009068054001424,159.77443609022558,124.43580470162749,0.0052296718899729104,0.336734693877551,0.19411764705882353,0.2462686567164179,0.12340218482024849,0.2,5.0,0.3077616148111549,165.0,107.22584757767494,0.0052296718899729104,50.704758399999264
