0.4189189189189189,0.4626865671641791,0.18029350104821804,0.4397163120567376,0.6411965330579805,0.5914991216084325,0.6158467228801073,0.599243545512965,0.2727371288725888,0.7414075286415712,0.4773891854008092,0.3880597014925373,0.4094488188976378,0.39846743295019166,0.2353822170475128,0.2078559738134206,4.0,0.2048799317378408,250.1732283464567,253.80719116276302,0.004810843633649904,0.373134328358209,0.4098360655737705,0.39062500000000006,0.2299871517026569,0.19967266775777415,4.0,0.17965543862500508,250.40983606557376,278.3105281013231,0.004810843633649904,62.724178200005554
0.4126984126984127,0.5693430656934306,0.23516949152542374,0.47852760736196315,0.6670867870840035,0.6527650597521819,0.6598870709680411,0.6530345227471045,0.30161146027291047,0.7208538587848933,0.5658023512621753,0.46715328467153283,0.39751552795031053,0.42953020134228187,0.2477373356222355,0.26436781609195403,0.0,0.20344840399836497,242.08695652173913,314.57607305936074,0.0009115944066432201,0.31386861313868614,0.35537190082644626,0.3333333333333333,0.15552116777335873,0.1986863711001642,0.0,0.10444149232655792,216.42148760330576,411.71376473204356,0.0009115944066432201,57.783768200009945
0.3484848484848485,0.39316239316239315,0.18259023354564755,0.36947791164658633,0.6052860798083728,0.5309469202980018,0.5668992679246517,0.5518978495595853,0.2014813948284064,0.7329931972789115,0.4525763077296685,0.3504273504273504,0.3360655737704918,0.34309623430962344,0.1756927925691556,0.20748299319727892,4.0,0.20170004657661852,197.60655737704917,203.27213947581112,0.004752399329550172,0.3162393162393162,0.3162393162393162,0.3162393162393162,0.1463879361968534,0.1989795918367347,4.0,0.1728458313926409,185.94871794871796,214.06359471840474,0.004752399329550172,59.56110419999459
0.5,0.44370860927152317,0.14692982456140352,0.4701754385964912,0.6483893923550599,0.583776640422887,0.6152353867869386,0.5931532937676234,0.309329099664322,0.7512355848434926,0.48203789960156085,0.423841059602649,0.5203252032520326,0.46715328467153283,0.31667569427487463,0.2026359143327842,4.0,0.20069468300316806,315.8373983739837,318.8923545074173,0.00467922914547149,0.41721854304635764,0.5206611570247934,0.4632352941176471,0.3138313681307279,0.19934102141680396,4.0,0.18722565746784228,316.0413223140496,336.4923421931143,0.00467922914547149,58.90354159999697
0.44329896907216493,0.5375,0.24,0.4858757062146893,0.64875,0.6296724470134873,0.6391400472509917,0.6315530906629832,0.28099959114213313,0.7016393442622951,0.516072903091213,0.4125,0.4230769230769231,0.4177215189873418,0.21425696907456232,0.25573770491803277,1.0,0.20274620481329997,258.0769230769231,325.530137842908,0.0018322731431973276,0.275,0.36065573770491804,0.3120567375886525,0.11180339887498948,0.2,1.0,0.12107114114676927,220.0,363.4226916772901,0.0018322731431973276,57.50082220000331
0.391812865497076,0.475177304964539,0.22174840085287847,0.4294871794871795,0.6267144520558302,0.5900733519930509,0.6081179963354743,0.5971282992657009,0.2378602154695679,0.7081967213114754,0.550022419641326,0.46808510638297873,0.39759036144578314,0.4299674267100977,0.2414134612845469,0.2721311475409836,2.0,0.21169730834993214,242.5301204819277,311.76589118886244,0.002622947929992305,0.28368794326241137,0.32786885245901637,0.3041825095057034,0.11471653964549455,0.2,2.0,0.0771359574130546,200.0,518.5648994515539,0.002622947929992305,61.04456840000057
0.4218009478672986,0.5973154362416108,0.2646420824295011,0.4944444444444444,0.6663366769060549,0.659187240550579,0.6627523182361152,0.6592726238751081,0.3004927082737925,0.7016393442622951,0.7106327214377984,0.5100671140939598,0.39790575916230364,0.4470588235294118,0.24144043258779624,0.31311475409836065,4.0,0.20246053099364897,242.72251308900525,375.38180714533473,0.00444729432322806,0.28859060402684567,0.3524590163934426,0.31734317343173435,0.1259129337326393,0.2,4.0,0.06861045396489596,215.0,626.7266504605936,0.00444729432322806,61.40853809998953
0.3956043956043956,0.5373134328358209,0.22916666666666666,0.4556962025316456,0.6540733830845771,0.6332303304017115,0.6435674824582205,0.6348998626778651,0.2787103295913661,0.7198697068403909,0.5407697615307205,0.4626865671641791,0.3974358974358974,0.42758620689655175,0.25319227428076757,0.254071661237785,1.0,0.2017287153098062,244.02564102564102,307.34345333426177,0.0017925459573112355,0.3358208955223881,0.36885245901639346,0.3515625,0.18157272474343675,0.1986970684039088,1.0,0.11415514423909837,226.47540983606558,394.2003691550451,0.0017925459573112355,60.349260699993465
0.3672316384180791,0.48507462686567165,0.23236514522821577,0.41800643086816724,0.6263547408187279,0.5944877023853665,0.6102132338351138,0.6005367973051479,0.2303979241892935,0.7061688311688312,0.5521260870653206,0.44029850746268656,0.35542168674698793,0.3933333333333333,0.20299385604329379,0.2694805194805195,3.0,0.20305400762193793,218.93975903614458,290.5630905342725,0.0035170965827900137,0.26119402985074625,0.2845528455284553,0.2723735408560311,0.08114107606635382,0.19967532467532467,3.0,0.08693718441775894,175.28455284552845,402.58952753535965,0.0035170965827900137,59.2306985000032
0.375,0.5416666666666666,0.27956989247311825,0.4431818181818182,0.6310483870967741,0.6183883564075258,0.6246863012027671,0.6203759957392874,0.23483647052094522,0.6781609195402298,0.5217127900901954,0.3611111111111111,0.33121019108280253,0.34551495016611294,0.13143209532019598,0.25779967159277506,2.0,0.20188156453379727,201.70700636942675,257.5767634854772,0.002741305480328391,0.2847222222222222,0.33884297520661155,0.30943396226415093,0.11999106982375014,0.1986863711001642,2.0,0.12201465652074583,206.35537190082644,336.02520524269045,0.002741305480328391,55.29926780000096
0.36312849162011174,0.46099290780141844,0.24516129032258063,0.40625,0.607915808739419,0.5724070450097847,0.5898943055287652,0.5812920446701527,0.19989901087939643,0.6864686468646864,0.5156496718896566,0.3546099290780142,0.32679738562091504,0.3401360544217687,0.1294595600448658,0.2524752475247525,5.0,0.2028256419698266,198.0392156862745,246.51715391803498,0.005540749887970072,0.23404255319148937,0.2727272727272727,0.25190839694656486,0.04734829658118899,0.19966996699669967,5.0,0.10749677796670747,165.27272727272728,306.9859452924286,0.005540749887970072,56.91978989999916
0.430939226519337,0.52,0.21325051759834368,0.47129909365558914,0.6533747412008282,0.626148678623487,0.6396168625426173,0.6286000920463486,0.28866526509482116,0.7235387045813586,0.5207087017397115,0.36666666666666664,0.3819444444444444,0.37414965986394555,0.18501728212750615,0.22748815165876776,0.0,0.20324635883120742,241.77083333333334,270.60755388821775,0.0009158925946389682,0.28,0.3333333333333333,0.30434782608695654,0.1129774928958757,0.1990521327014218,0.0,0.15069980227193425,211.0,278.69976845896576,0.0009158925946389682,60.293053699992015
0.42073170731707316,0.49640287769784175,0.19750519750519752,0.45544554455445546,0.649448840096322,0.6133827712078118,0.631158244258903,0.6174961669260149,0.2826169058664352,0.7338709677419355,0.6217371583228755,0.4676258992805755,0.4140127388535032,0.43918918918918914,0.26503986324208595,0.2532258064516129,7.0,0.20580692671770978,256.68789808917194,315.82999190865775,0.00678466376009165,0.3237410071942446,0.3629032258064516,0.34220532319391633,0.16629857096672362,0.2,7.0,0.09365020038559888,225.0,480.51151855217927,0.00678466376009165,58.11914920000709
0.42073170731707316,0.47586206896551725,0.19750519750519752,0.44660194174757284,0.6391784357301599,0.5974495003308695,0.6179618410947806,0.6039388470256928,0.26706413820216673,0.7268370607028753,0.47994232462630226,0.36551724137931035,0.39552238805970147,0.37992831541218636,0.20274401074632245,0.21405750798722045,0.0,0.20164048713535654,247.59701492537312,262.84403867970394,0.0009485009166484362,0.33793103448275863,0.392,0.362962962962963,0.18987977593272753,0.19968051118210864,0.0,0.1707588069976689,245.392,286.95445266649654,0.0009485009166484362,54.76937059999909
0.35678391959798994,0.5772357723577236,0.2711864406779661,0.4409937888198758,0.6530246658398788,0.6442287402405571,0.6486117928468738,0.6448439231960443,0.26268837825052155,0.6974789915966386,0.6035821482279209,0.44715447154471544,0.3374233128834356,0.38461538461538464,0.19825447540024918,0.2739495798319328,0.0,0.20211250890102064,200.76687116564415,272.12566059894306,0.0009465237492301005,0.2764227642276423,0.2857142857142857,0.2809917355371901,0.09753136608002784,0.2,0.0,0.09999125513760665,170.0,340.0297351324338,0.0009465237492301005,54.94709200000216
0.4161849710982659,0.5294117647058824,0.21814254859611232,0.46601941747572817,0.6556346080548849,0.6313341730452476,0.6433696706374772,0.6332306864627038,0.28771882003590493,0.7245409015025042,0.5555143685874092,0.3897058823529412,0.381294964028777,0.3854545454545455,0.2024045247357332,0.23205342237061768,1.0,0.2011177956484069,228.3956834532374,263.52715247861175,0.0019379152855688538,0.3014705882352941,0.3445378151260504,0.3215686274509804,0.13964672871839998,0.1986644407345576,1.0,0.14093255396780846,206.37815126050418,290.91930037232663,0.0019379152855688538,58.924056800009566
0.4072164948453608,0.5683453237410072,0.24364406779661016,0.4744744744744745,0.6623506279721986,0.6490087560838098,0.6556457558404286,0.6495087794903166,0.29241084478129065,0.7135842880523732,0.618768781126012,0.4892086330935252,0.38857142857142857,0.4331210191082802,0.24342665601584612,0.2864157119476268,4.0,0.20261383460415155,237.41714285714286,335.6138051128256,0.00462333854441575,0.31654676258992803,0.36065573770491804,0.33716475095785436,0.15865783601825081,0.19967266775777415,4.0,0.09342964110002548,220.36065573770492,470.94262037134166,0.00462333854441575,60.3964430999913
0.4444444444444444,0.547945205479452,0.21645021645021645,0.49079754601226994,0.6657474945146178,0.6449026856099407,0.6552422049521583,0.6455961107363801,0.3101817532939388,0.7269736842105263,0.6293540788354659,0.4246575342465753,0.4305555555555556,0.42758620689655175,0.24834192867810592,0.23684210526315788,1.0,0.2009655234069183,261.77777777777777,308.51062883289376,0.0018395018150616676,0.3287671232876712,0.39669421487603307,0.3595505617977528,0.18269324624116165,0.19901315789473684,1.0,0.13166750745534775,241.19008264462812,364.55463407536735,0.0018395018150616676,61.42563820000214
0.3350253807106599,0.4888888888888889,0.2811158798283262,0.3975903614457832,0.6038865045302814,0.5819876021636987,0.5928359458995347,0.5875313916230178,0.18472478783632354,0.6672212978369384,0.48360385035888553,0.4074074074074074,0.3160919540229885,0.3559870550161812,0.13990607412559175,0.2895174708818636,1.0,0.20002505114608993,189.97126436781608,274.9655589880605,0.0018100251963399207,0.21481481481481482,0.24166666666666667,0.22745098039215686,0.02039524276420481,0.19966722129783693,1.0,0.082643730950691,145.24166666666667,350.90380923512174,0.0018100251963399207,59.04644720000215
0.43478260869565216,0.5517241379310345,0.2184873949579832,0.48632218844984804,0.6666183714865257,0.6468159095848728,0.6566424965679908,0.6473755607808784,0.3087384564463246,0.7278582930756844,0.5475034232840807,0.496551724137931,0.4260355029585799,0.45859872611464964,0.27829268714022787,0.2721417069243156,1.0,0.2017589423576374,264.56804733727813,356.86150590724736,0.0018130966425683936,0.3310344827586207,0.3870967741935484,0.3568773234200744,0.18135719974675746,0.1996779388083736,1.0,0.08710393556237059,240.38709677419354,551.0658007597108,0.0018130966425683936,57.12405220000073
0.42613636363636365,0.5474452554744526,0.21218487394957983,0.4792332268370607,0.6676301907624363,0.6459948320413437,0.6567234219573034,0.6465680988326163,0.3087087522797427,0.734094616639478,0.5326200161250579,0.41605839416058393,0.42857142857142855,0.42222222222222217,0.2591349995088063,0.2169657422512235,0.0,0.20049038898138338,262.7142857142857,284.30290494021017,0.0008550128873647531,0.36496350364963503,0.4098360655737705,0.3861003861003861,0.22297373890791355,0.19902120717781402,0.0,0.16714393824731347,251.22950819672133,299.1433642422486,0.0008550128873647531,62.331433400002425
0.4539877300613497,0.5211267605633803,0.1956043956043956,0.4852459016393442,0.6627611824794923,0.632493402769669,0.6474504425283094,0.6342263958209375,0.31109428693695046,0.7370184254606366,0.5351650192572963,0.4014084507042254,0.41605839416058393,0.40860215053763443,0.22841230343705335,0.22948073701842547,2.0,0.20310701306909237,248.3868613138686,280.64023560136695,0.0029639995113594744,0.3380281690140845,0.40336134453781514,0.367816091954023,0.19395284584549743,0.19932998324958123,2.0,0.13910457531092701,240.80672268907563,345.0641353291956,0.0029639995113594744,55.54085619999387
0.42207792207792205,0.48872180451127817,0.1869747899159664,0.45296167247386754,0.6508735072976559,0.6104767567436385,0.6303516064748546,0.6150552213327714,0.28681787912763274,0.7422003284072249,0.5211556007981235,0.44360902255639095,0.4338235294117647,0.43866171003717475,0.27960089296367335,0.2233169129720854,1.0,0.20254081231507728,264.1985294117647,291.2993155582797,0.0018230793475710173,0.3684210526315789,0.4049586776859504,0.38582677165354323,0.22485763081527757,0.1986863711001642,1.0,0.1403757422772134,246.6198347107438,349.0631586704989,0.0018230793475710173,59.29935610000393
0.36199095022624433,0.5925925925925926,0.29012345679012347,0.44943820224719094,0.6512345679012346,0.6459540108829208,0.6485889153858616,0.6463388515893527,0.2605793232595542,0.6843800322061192,0.5497514681118538,0.34074074074074073,0.2929936305732484,0.3150684931506849,0.10661850187372085,0.2528180354267311,2.0,0.2017866011906011,181.94904458598725,227.96359980586564,0.00278621016312547,0.2518518518518518,0.27419354838709675,0.2625482625482625,0.06878673927035867,0.1996779388083736,2.0,0.13459668562394633,170.2741935483871,252.60651733277896,0.00278621016312547,62.58699740000884
0.43670886075949367,0.4928571428571429,0.1877637130801688,0.4630872483221477,0.652546714888487,0.6134678890608042,0.632705662766031,0.6176068191633954,0.29280270127716185,0.739413680781759,0.527638894687973,0.42857142857142855,0.425531914893617,0.42704626334519574,0.2570412325298155,0.2296416938110749,1.0,0.20069502106590398,261.2765957446809,298.96107876187557,0.0017626603390461914,0.35714285714285715,0.4098360655737705,0.38167938931297707,0.2158049749155969,0.1986970684039088,1.0,0.1258858003945189,251.63934426229508,397.1853842395477,0.0017626603390461914,58.111839299992425
0.3422222222222222,0.5099337748344371,0.3169164882226981,0.4095744680851064,0.5965086433058696,0.5839435146443515,0.5901926411670713,0.5873252094230667,0.17236758060910642,0.6407766990291263,0.6340087343923316,0.423841059602649,0.3137254901960784,0.36056338028169016,0.11335654646308799,0.3300970873786408,27.0,0.20267638735670776,193.88235294117646,315.7743279060962,0.025020741683807177,0.18543046357615894,0.22764227642276422,0.20437956204379565,-0.019366875155655244,0.19902912621359223,27.0,0.059168305434313395,140.6829268292683,473.22632944228275,0.025020741683807177,56.3732086999953
0.40804597701149425,0.5144927536231884,0.22838137472283815,0.45512820512820507,0.6430556894501751,0.617352739084265,0.6300731634229362,0.6206088175743356,0.2656221404698865,0.7113752122241087,0.5103850514485004,0.39855072463768115,0.39285714285714285,0.39568345323741005,0.20903869960742386,0.23769100169779286,6.0,0.20044498381877024,231.39285714285714,274.38950554994955,0.007371799226823374,0.2898550724637681,0.3418803418803419,0.3137254901960784,0.12646223046307317,0.19864176570458403,6.0,0.13701018980145194,201.3675213675214,291.94908829749033,0.007371799226823374,57.507594900002005
0.4358974358974359,0.46258503401360546,0.17635270541082165,0.44884488448844884,0.643116164301392,0.5924387115920677,0.6172575732891005,0.6000530520357271,0.2803930758182596,0.7414860681114551,0.49577718381760905,0.3741496598639456,0.4263565891472868,0.39855072463768115,0.23686168003668231,0.1996904024767802,2.0,0.2009042435812562,275.4263565891473,273.76226116276695,0.002678649579070884,0.3741496598639456,0.4263565891472868,0.39855072463768115,0.23686168003668231,0.1996904024767802,2.0,0.2009042435812562,275.4263565891473,273.76226116276695,0.002678649579070884,60.066627499996684
0.38341968911917096,0.5606060606060606,0.24536082474226803,0.45538461538461533,0.6576226179318962,0.643310135151184,0.6504270099098312,0.6441426070078557,0.27883339339891755,0.713128038897893,0.5451919093563685,0.4393939393939394,0.3945578231292517,0.4157706093189964,0.24632102911186066,0.23824959481361427,1.0,0.20230206423267552,243.44217687074828,286.69999102575605,0.001847684051691428,0.3181818181818182,0.34146341463414637,0.32941176470588235,0.155171426515077,0.1993517017828201,1.0,0.1382933013803913,210.6829268292683,303.7023455277437,0.001847684051691428,61.307239900008426
0.323943661971831,0.5609756097560976,0.3050847457627119,0.41071428571428575,0.6279454319966928,0.620803159973667,0.6243640832675886,0.6219661937563461,0.2161508026235149,0.6672268907563025,0.5435399030906257,0.44715447154471544,0.3216374269005848,0.3741496598639456,0.18021223305663972,0.28739495798319326,6.0,0.20204496029028343,191.37426900584796,272.21663891531875,0.006383980979480427,0.2764227642276423,0.2857142857142857,0.2809917355371901,0.09753136608002784,0.2,6.0,0.09327878503886866,170.0,364.49874412314034,0.006383980979480427,59.36616479999793
0.38308457711442784,0.5703703703703704,0.2605042016806723,0.45833333333333337,0.6549330843448491,0.6440146366962886,0.6494509160627365,0.6447226029220428,0.27362423849526907,0.7021276595744681,0.5551774711275507,0.4740740740740741,0.3657142857142857,0.4129032258064516,0.221060053430652,0.2864157119476268,1.0,0.20160007607060734,223.45142857142858,317.4601976716764,0.0018570930847137779,0.3333333333333333,0.36885245901639346,0.35019455252918286,0.178063084686997,0.19967266775777415,1.0,0.09375270137099981,225.36885245901638,479.9861693790051,0.0018570930847137779,64.53810970000632
0.3640552995391705,0.5374149659863946,0.2869022869022869,0.434065934065934,0.6252563395420538,0.6129156299479757,0.6190552343930089,0.6150988205245854,0.22305406338344136,0.6719745222929936,0.6148526961680971,0.41496598639455784,0.3279569892473118,0.3663663663663664,0.14382998302700162,0.2961783439490446,9.0,0.20109386325767917,205.95698924731184,303.34093249695724,0.009004342439386897,0.23129251700680273,0.272,0.25,0.044648680635753245,0.19904458598726116,9.0,0.0853109791111655,170.816,398.54190344827583,0.009004342439386897,60.18559749999258
0.3888888888888889,0.5460992907801419,0.25690021231422505,0.45427728613569324,0.6445995392329584,0.6295478701659718,0.6370292513174538,0.6312022417927516,0.26030598221105977,0.6977124183006536,0.5244635492646246,0.4326241134751773,0.3765432098765432,0.4026402640264027,0.20824980883788433,0.2647058823529412,1.0,0.20018934503829933,230.44444444444443,304.7115219260533,0.0018324167030899917,0.28368794326241137,0.32786885245901637,0.3041825095057034,0.11550853773783218,0.19934640522875818,1.0,0.10918897208595117,200.655737704918,366.3373620599054,0.0018324167030899917,59.061154399998486
0.4069767441860465,0.5109489051094891,0.2073170731707317,0.45307443365695793,0.6518159159693787,0.6213724820757938,0.6364121884143954,0.6243995858351019,0.28116924281094086,0.7313195548489666,0.5191487920262715,0.43795620437956206,0.4,0.4181184668989547,0.24701291197033748,0.2384737678855326,3.0,0.20078462756287024,251.6,298.8276579152586,0.0035819675863978107,0.36496350364963503,0.4,0.3816793893129771,0.21982724694238046,0.1987281399046105,3.0,0.1270974869301229,251.6,393.39880911641916,0.0035819675863978107,59.71925480000209
0.391304347826087,0.5853658536585366,0.22718052738336714,0.46905537459283386,0.6790926631375848,0.6661567041853349,0.6725935847985582,0.6656854270791512,0.3128477390260577,0.7353896103896104,0.5775505090548101,0.5447154471544715,0.39644970414201186,0.4589041095890411,0.30266544376082966,0.27435064935064934,1.0,0.20529617703708358,244.2130177514793,326.35775768926027,0.0017453742795428657,0.3333333333333333,0.3333333333333333,0.3333333333333333,0.16700473292765383,0.19967532467532467,1.0,0.08238169000025879,205.33333333333334,497.68340513372823,0.0017453742795428657,58.54440250000334
0.3567251461988304,0.4959349593495935,0.22633744855967078,0.4149659863945578,0.6347987553949613,0.6044219569399425,0.619424172920998,0.6092889777428863,0.24085266601739794,0.7175697865353038,0.5289727483226881,0.44715447154471544,0.3548387096774194,0.39568345323741005,0.22248557846840106,0.2545155993431856,4.0,0.2030847258407104,216.09677419354836,270.82292758510687,0.004854753657614059,0.3252032520325203,0.3305785123966942,0.32786885245901637,0.15951355502408293,0.1986863711001642,4.0,0.10950637907976511,201.32231404958677,365.2755240027045,0.004854753657614059,56.28522019999218
0.36097560975609755,0.556390977443609,0.26305220883534136,0.4378698224852071,0.6466693843041339,0.6340660495196292,0.6403367097480926,0.6353183378159875,0.2554631284547456,0.6988906497622821,0.5126407447329149,0.39849624060150374,0.3464052287581699,0.3706293706293706,0.18813611906444397,0.24247226624405704,0.0,0.20003702876808555,218.58169934640523,264.9509459643392,0.00096392334969064,0.3007518796992481,0.31746031746031744,0.3088803088803088,0.1306552347687178,0.19968304278922344,0.0,0.13775246268534805,200.31746031746033,290.3759339052061,0.00096392334969064,61.29342210000323
0.47368421052631576,0.5827338129496403,0.20044543429844097,0.5225806451612903,0.6911441893255996,0.6741393300104324,0.6825888079455765,0.67267031681603,0.3576478213694238,0.7482993197278912,0.5722635460176768,0.49640287769784175,0.4726027397260274,0.4842105263157895,0.31952657594828243,0.24829931972789115,2.0,0.20399563799156295,277.8904109589041,338.2425265527186,0.00289538949529821,0.381294964028777,0.452991452991453,0.4140625,0.25408642318681435,0.1989795918367347,2.0,0.12416897043208755,266.35897435897436,426.83771811563497,0.00289538949529821,57.157629099994665
0.4340659340659341,0.572463768115942,0.22008547008547008,0.4937499999999999,0.676189149015236,0.660277987680612,0.6681862095278871,0.659981733052207,0.3223687988560061,0.7326732673267327,0.5391740523305826,0.38405797101449274,0.39552238805970147,0.3897058823529412,0.21319770059036322,0.22112211221122113,1.0,0.2022294800069261,239.68656716417908,262.07850605255385,0.001909892869477773,0.3333333333333333,0.38016528925619836,0.3552123552123552,0.18156748631232794,0.19966996699669967,1.0,0.16577204850641558,230.38016528925618,277.4894827834606,0.001909892869477773,55.697404500009725
0.38613861386138615,0.6290322580645161,0.2567287784679089,0.4785276073619632,0.6861517397983037,0.6813967635965447,0.6837701184131275,0.6809962921451097,0.3185505115485408,0.7199341021416804,0.6094796229275857,0.5403225806451613,0.3785310734463277,0.4451827242524917,0.27728333851665726,0.2915980230642504,2.0,0.20261925902009847,229.76836158192089,330.66945523354246,0.002741570849306587,0.3790322580645161,0.3884297520661157,0.38367346938775515,0.22789880399938045,0.19934102141680396,2.0,0.08478892565985956,235.77685950413223,554.317673378076,0.002741570849306587,60.930776099994546
0.350210970464135,0.5608108108108109,0.32489451476793246,0.43116883116883115,0.6179581480214391,0.6126732947336855,0.6153100475011127,0.6137076303970349,0.20685852889895887,0.6479099678456591,0.6018433286134045,0.4189189189189189,0.30845771144278605,0.3553008595988538,0.11442277505437413,0.32315112540192925,5.0,0.20179822384025595,191.86069651741295,307.2375902033676,0.00526719106141605,0.20270270270270271,0.24193548387096775,0.22058823529411764,0.004679561658883801,0.19935691318327975,5.0,0.07436152021622815,150.48387096774192,403.43446331874486,0.00526719106141605,60.4429003999976
0.42424242424242425,0.6268656716417911,0.24307036247334754,0.5060240963855421,0.6918976545842217,0.6857852494078145,0.6888346721919001,0.6851092029669205,0.3397647942917503,0.7280265339966833,0.5981523772268307,0.47761194029850745,0.4025157232704403,0.4368600682593857,0.25951689767567904,0.263681592039801,2.0,0.20031814290161892,242.71698113207546,319.49177979067,0.0027648426996400317,0.35074626865671643,0.39166666666666666,0.3700787401574804,0.20315283322378264,0.19900497512437812,2.0,0.11211375311332503,236.17499999999998,419.21707814466095,0.0027648426996400317,60.836822099998244
0.3516949152542373,0.5533333333333333,0.3180873180873181,0.43005181347150256,0.6176230076230076,0.6109309605825657,0.6142678709854662,0.6122561070506114,0.20695975148289583,0.6513470681458003,0.5259838099696484,0.43333333333333335,0.3385416666666667,0.38011695906432746,0.1566363047868294,0.30427892234548337,5.0,0.20193907561135743,213.61979166666666,321.8792588963613,0.005289492664782537,0.21333333333333335,0.25396825396825395,0.2318840579710145,0.019068361833371097,0.19968304278922344,5.0,0.08285590941387033,160.25396825396825,386.21264586160106,0.005289492664782537,57.03447369999776
0.4067796610169492,0.6620689655172414,0.3010752688172043,0.5039370078740157,0.6804968483500187,0.6799978205198061,0.6802472886742068,0.6799658599774555,0.3155137524141599,0.6901639344262295,0.6291238249629272,0.5310344827586206,0.3811881188118812,0.4438040345821326,0.2371734204169572,0.33114754098360655,5.0,0.2020254540174159,232.52475247524754,381.14009135384543,0.005419243656134789,0.2413793103448276,0.28688524590163933,0.26217228464419473,0.05776712868787001,0.2,5.0,0.06800073073734209,175.0,514.7003513122546,0.005419243656134789,60.516036700006225
0.36097560975609755,0.49333333333333335,0.2841648590021692,0.4169014084507043,0.6045842371655821,0.5841127083981151,0.5942603269827093,0.5892319521902697,0.19065683252159515,0.6612111292962357,0.561794531692751,0.38,0.3114754098360656,0.34234234234234234,0.100238893007734,0.2995090016366612,9.0,0.20338530650067485,190.31147540983605,280.25623375015476,0.008817862168537036,0.2,0.2459016393442623,0.22058823529411764,0.00046707951179347887,0.19967266775777415,9.0,0.07374952156483552,150.24590163934425,406.7822999180552,0.008817862168537036,59.338513700000476
0.3991228070175439,0.6546762589928058,0.29273504273504275,0.4959128065395095,0.6809706081288814,0.6799553032269716,0.6804627663134324,0.6798888541863224,0.31403737582587576,0.6952224052718287,0.5975152960184587,0.4316546762589928,0.3973509933774834,0.4137931034482758,0.23056471756254682,0.2487644151565074,0.0,0.2018609710126573,241.19205298013244,297.23427812223207,0.0009689951855475679,0.3237410071942446,0.371900826446281,0.34615384615384615,0.16970032559573323,0.19934102141680396,0.0,0.13984847017454985,225.74380165289256,321.7768484977626,0.0009689951855475679,59.31476370000746
0.42567567567567566,0.44366197183098594,0.18046709129511676,0.43448275862068964,0.6315974402679346,0.5756761555305675,0.6029888773902814,0.5864299499313892,0.25946257811132584,0.732463295269168,0.46769964835998956,0.352112676056338,0.4098360655737705,0.3787878787878788,0.21053510525638108,0.19902120717781402,1.0,0.20204141341689003,251.22950819672133,247.47401611584726,0.001926255116393231,0.352112676056338,0.4098360655737705,0.3787878787878788,0.21053510525638108,0.19902120717781402,1.0,0.20204141341689003,251.22950819672133,247.47401611584726,0.001926255116393231,61.99025570000231
0.36,0.5034965034965035,0.27467811158798283,0.4198250728862974,0.6144091959542604,0.5943873189556212,0.6043153437775114,0.5987745103898945,0.20652624760876875,0.6732348111658456,0.49841309749058427,0.34965034965034963,0.3225806451612903,0.3355704697986577,0.12098673592939085,0.2545155993431856,7.0,0.20202655852139306,196.4516129032258,247.4922127365021,0.007628620781219058,0.24475524475524477,0.2892561983471074,0.26515151515151514,0.06395836470316965,0.1986863711001642,7.0,0.12131382523117801,176.15702479338842,288.5079250720461,0.007628620781219058,55.90887179999845
0.3948497854077253,0.6618705035971223,0.3019271948608137,0.4946236559139785,0.6799716543681542,0.6794897936065611,0.6797306812885004,0.6794601527624191,0.31107676114067345,0.6897689768976898,0.6091460528262441,0.4892086330935252,0.39080459770114945,0.4345047923322684,0.24368469204096502,0.2871287128712871,0.0,0.20233130423520268,236.82758620689657,336.0824478299834,0.0009390573819718457,0.35251798561151076,0.4049586776859504,0.37692307692307686,0.20860169973823625,0.19966996699669967,0.0,0.10661831368993653,245.40495867768595,459.58333333333337,0.0009390573819718457,61.87246289999166
0.44525547445255476,0.46923076923076923,0.16344086021505377,0.45692883895131087,0.6528949545078578,0.6012288591879394,0.6265295592933513,0.6072985287020192,0.30014304190202007,0.7563025210084033,0.49988276982309543,0.4153846153846154,0.43902439024390244,0.42687747035573126,0.2724468699152665,0.20672268907563024,5.0,0.2050414670973928,261.219512195122,263.3613617988331,0.005736495477266489,0.3923076923076923,0.42857142857142855,0.40963855421686746,0.2542036983694013,0.2,5.0,0.18200269726554624,255.0,280.2156273848502,0.005736495477266489,57.99143120000372
0.4892086330935252,0.5151515151515151,0.1570796460176991,0.5018450184501845,0.679035934566908,0.63948264797354,0.6589625918866971,0.6396168230529364,0.3516729630832939,0.7688356164383562,0.5225181330563905,0.3787878787878788,0.49504950495049505,0.4291845493562232,0.29412487561827394,0.17294520547945205,0.0,0.20301205706125694,289.1089108910891,246.29079042784628,0.0010070616703548188,0.4166666666666667,0.47413793103448276,0.4435483870967742,0.2953302515013944,0.19863013698630136,0.0,0.28714649550252475,276.89655172413796,191.53986157395542,0.0010070616703548188,59.16265189999831
0.390625,0.5905511811023622,0.24123711340206186,0.47021943573667707,0.6746570338501501,0.6641720109251483,0.6693939937413914,0.6639615496857317,0.3052906800305045,0.7238562091503268,0.5727052621633475,0.49606299212598426,0.4064516129032258,0.4468085106382978,0.2856921028668111,0.25326797385620914,7.0,0.20285735071098004,248.7483870967742,310.5630620689655,0.007680342973670588,0.3543307086614173,0.36885245901639346,0.3614457831325301,0.19851447233710154,0.19934640522875818,7.0,0.12060638958684253,225.73770491803276,373.1145601336303,0.007680342973670588,60.19819360000838
0.44808743169398907,0.5466666666666666,0.21767241379310345,0.49249249249249244,0.6644971264367816,0.6436031049319986,0.6539666763628735,0.6444072618587191,0.30905000238795904,0.7247557003257329,0.5284847950809687,0.41333333333333333,0.4397163120567376,0.42611683848797255,0.24831575432424177,0.2296416938110749,1.0,0.20040404266511466,269.9858156028369,309.3749965094524,0.0020287898490710505,0.3466666666666667,0.4262295081967213,0.38235294117647056,0.21084584077099133,0.1986970684039088,1.0,0.14929992053454508,261.7049180327869,348.2922148506316,0.0020287898490710505,58.325729799995315
0.34649122807017546,0.5939849624060151,0.3084886128364389,0.43767313019390586,0.6427481747847882,0.6390486685476937,0.6408957522933657,0.6394355570759955,0.2432857429835036,0.6704545454545454,0.5689658643761797,0.48872180451127817,0.34210526315789475,0.4024767801857585,0.204832803638601,0.30844155844155846,7.0,0.20117667760026348,210.73684210526315,323.0990827334096,0.007343980909341109,0.2706766917293233,0.2926829268292683,0.28125,0.09320166322071897,0.19967532467532467,7.0,0.07818950464941053,180.29268292682926,460.4198499711483,0.007343980909341109,59.14224470000772
0.35751295336787564,0.49640287769784175,0.26609442060085836,0.41566265060240964,0.6151542285484917,0.5922300858304472,0.6035833344056443,0.5972492692334864,0.2078657716417794,0.6793388429752066,0.4562579170169856,0.31654676258992803,0.3283582089552239,0.3223443223443223,0.12502617153182288,0.22148760330578512,4.0,0.20121658201283493,198.65671641791045,218.66985096284654,0.005248445401734736,0.2589928057553957,0.2975206611570248,0.2769230769230769,0.08054776653052434,0.2,4.0,0.1646035463365674,180.0,218.70731707317074,0.005248445401734736,62.76693539999542
0.39436619718309857,0.5753424657534246,0.2665289256198347,0.4679665738161559,0.654406770066795,0.6448543563350129,0.6496130051751565,0.6454780052066976,0.27544672528031744,0.6968253968253968,0.5462143434664297,0.4657534246575342,0.4,0.43037974683544306,0.2424109878701872,0.2698412698412698,1.0,0.20033105752769126,252.0,339.4381322556565,0.0017806763114203141,0.3150684931506849,0.36507936507936506,0.3382352941176471,0.15799748782408846,0.2,1.0,0.10622202512324416,230.0,433.0551968542162,0.0017806763114203141,60.01199579999957
0.4308510638297872,0.5704225352112676,0.23060344827586207,0.4909090909090909,0.6699095434677027,0.6551349147012846,0.6624810424587936,0.655243021382429,0.3111600736345458,0.7227722772277227,0.555776983204918,0.4507042253521127,0.423841059602649,0.4368600682593856,0.2577518834442484,0.24917491749174916,0.0,0.20197745191196487,256.84768211920533,316.8670531990642,0.0009252391635321625,0.323943661971831,0.38016528925619836,0.34980988593155893,0.17197822523182824,0.19966996699669967,0.0,0.11382418654819076,230.38016528925618,404.13203375298946,0.0009252391635321625,58.9601599000016
0.47586206896551725,0.49640287769784175,0.15932914046121593,0.48591549295774644,0.668536868618313,0.6242160357352344,0.6459964658353562,0.6265057988461369,0.33212154624529017,0.762987012987013,0.5244641028938121,0.4244604316546763,0.49166666666666664,0.4555984555984556,0.3130212451217234,0.19480519480519481,0.0,0.20141875597749237,302.8666666666667,292.9220752738289,0.0009319715934856373,0.4460431654676259,0.5040650406504065,0.4732824427480916,0.3326878379742522,0.19967532467532467,0.0,0.2139106148529317,310.5040650406504,289.8406890309131,0.0009319715934856373,60.95092590000422
0.3333333333333333,0.5357142857142857,0.3157894736842105,0.41095890410958896,0.6099624060150376,0.6009244992295841,0.6054265879389992,0.6029583043435195,0.19145269739114637,0.6504065040650406,0.5161153322234624,0.4,0.3146067415730337,0.35220125786163525,0.1323656833557647,0.2894308943089431,3.0,0.20191833143789026,193.48314606741573,277.33985122210413,0.003640955980188302,0.25,0.2845528455284553,0.2661596958174905,0.06786208925382961,0.2,3.0,0.10131858464047379,175.0,345.4450150897443,0.003640955980188302,55.84890959999757
0.34334763948497854,0.5882352941176471,0.31742738589211617,0.43360433604336046,0.6354039541127655,0.6319024296552386,0.6336507732311247,0.6323654543403987,0.23149733226683172,0.6618122977346278,0.5909829994553084,0.5,0.3238095238095238,0.3930635838150289,0.1796558654596958,0.33980582524271846,1.0,0.20254798822211395,200.1142857142857,335.722909898425,0.0017638888939431857,0.2426470588235294,0.2682926829268293,0.2548262548262548,0.058028899199643054,0.19902912621359223,1.0,0.06552802662102111,165.8048780487805,503.6013092665565,0.0017638888939431857,59.53666469999007
0.4090909090909091,0.5373134328358209,0.2208067940552017,0.46451612903225803,0.6582533193903096,0.6360332169936214,0.6470478933808134,0.6374848280863898,0.28937479226774515,0.7256198347107438,0.7037547508803774,0.4925373134328358,0.39520958083832336,0.43853820598006643,0.25832620664314637,0.27603305785123966,14.0,0.20325561601361827,239.10179640718565,324.71427503178046,0.014055913393929849,0.31343283582089554,0.34710743801652894,0.3294117647058824,0.15125883247348632,0.2,14.0,0.08132453820510482,210.0,516.4492898081236,0.014055913393929849,56.45533919999434
0.387434554973822,0.5441176470588235,0.24579831932773108,0.45259938837920494,0.6491596638655461,0.6321625737673711,0.6406047485737247,0.6337722474282427,0.2676680842846282,0.7075163398692811,0.5329683259741763,0.4411764705882353,0.379746835443038,0.40816326530612246,0.22352573447619445,0.2581699346405229,4.0,0.20177118471065142,232.40506329113921,297.3665446136057,0.004515126065850489,0.3014705882352941,0.3360655737704918,0.3178294573643411,0.13663691245152676,0.19934640522875818,4.0,0.10798199651984564,205.67213114754097,379.6929240187252,0.004515126065850489,58.78316999999515
0.324,0.5827338129496403,0.3498964803312629,0.4164524421593831,0.6164186663091886,0.6145779216856553,0.6154976058674352,0.6149424602713567,0.1978299797749245,0.635048231511254,0.5610189749356898,0.4892086330935252,0.31627906976744186,0.384180790960452,0.1619233109474229,0.34565916398713825,4.0,0.20004742667920086,196.72558139534885,339.91939375979,0.004368640911115089,0.22302158273381295,0.25,0.23574144486692014,0.03177599437324845,0.19935691318327975,4.0,0.06295044758928496,155.5,492.4508273913628,0.004368640911115089,58.807631999996374
0.4322916666666667,0.6194029850746269,0.22755741127348644,0.5092024539877301,0.6959227869005703,0.6875090947759608,0.691703148218927,0.6864426183331069,0.3491752389835315,0.7389885807504079,0.5996309738831874,0.4925373134328358,0.4177215189873418,0.4520547945205479,0.2839146251739484,0.25774877650897227,2.0,0.20248163841029682,256.0632911392405,325.9554817818172,0.0027224747741923703,0.3208955223880597,0.3524590163934426,0.3359375,0.1614494775894169,0.19902120717781402,2.0,0.11646730176921424,216.05737704918033,369.2023370233702,0.0027224747741923703,58.543908999999985
0.47619047619047616,0.5633802816901409,0.18683651804670912,0.5161290322580645,0.688271881821716,0.6656094540872851,0.6768458255193577,0.6641840810110404,0.3561520418783786,0.7553017944535073,0.5692388861546751,0.36619718309859156,0.4297520661157025,0.39543726235741444,0.23286819302054088,0.19738988580750408,0.0,0.2000157201807821,263.43801652892563,259.9795653711636,0.000996442764148884,0.3732394366197183,0.4344262295081967,0.4015151515151515,0.23958913936762863,0.19902120717781402,0.0,0.20361564157987816,266.3032786885246,260.2943447210963,0.000996442764148884,63.47001479999744
0.4381443298969072,0.5985915492957746,0.22899159663865545,0.5059523809523809,0.6847999763285596,0.6739473286235877,0.6793519814412325,0.6732233976950865,0.3350393073932415,0.7313915857605178,0.7292568185367002,0.5140845070422535,0.42196531791907516,0.46349206349206346,0.2848517234600988,0.27993527508090615,5.0,0.20294656738807565,260.77456647398844,359.7005898622023,0.005351093036569455,0.34507042253521125,0.3983739837398374,0.36981132075471695,0.19977893563480537,0.19902912621359223,5.0,0.08840198888331455,246.1951219512195,554.2861718267123,0.005351093036569455,56.89331130000937
0.3446808510638298,0.5510204081632653,0.3283582089552239,0.42408376963350786,0.6113310996040207,0.6053811659192825,0.6083488586666363,0.6066796551955624,0.1953867747201738,0.6428571428571429,0.5113828361086528,0.4217687074829932,0.32460732984293195,0.3668639053254438,0.13521026056550878,0.31006493506493504,3.0,0.20103608153961716,199.9581151832461,308.40235009147835,0.003539446281695097,0.19727891156462585,0.23577235772357724,0.21481481481481482,-0.0033561288782360116,0.19967532467532467,3.0,0.0787266557878105,145.2357723577236,368.36316378232544,0.003539446281695097,59.96213970000099
0.43243243243243246,0.5594405594405595,0.22435897435897437,0.48780487804878053,0.6675407925407926,0.650035255011248,0.658729875828981,0.6504076874118525,0.30878119434257784,0.7250409165302782,0.5481387266795693,0.5104895104895105,0.44242424242424244,0.474025974025974,0.29935351501954527,0.2700490998363339,4.0,0.20269501458108716,270.3212121212121,360.14699301248334,0.004706326415449408,0.34965034965034963,0.4098360655737705,0.37735849056603776,0.20738559845461962,0.19967266775777415,4.0,0.09559862026711438,250.40983606557376,523.0201007116401,0.004706326415449408,56.93541480001295
0.43352601156069365,0.5244755244755245,0.2076271186440678,0.47468354430379744,0.6584242029157283,0.6311739159784884,0.6446550880349391,0.6330990956543816,0.2976845932526918,0.7300813008130081,0.54401107013355,0.3776223776223776,0.4122137404580153,0.39416058394160586,0.22129990510603897,0.21300813008130082,4.0,0.200750391687969,253.5114503816794,268.99075785582255,0.00480031455711605,0.3356643356643357,0.3902439024390244,0.3609022556390977,0.18668211844195484,0.2,4.0,0.17691927104807453,240.0,271.31018410626893,0.00480031455711605,57.561922199995024
0.36363636363636365,0.4411764705882353,0.2147239263803681,0.39867109634551495,0.6132262721039337,0.5649551272620273,0.5885960640344925,0.5766856359722581,0.21197283105081036,0.7104,0.5611743829000228,0.3897058823529412,0.33974358974358976,0.36301369863013694,0.17072718946819893,0.2496,1.0,0.20344316919659386,212.3397435897436,260.5150136487716,0.0017877611466652562,0.2426470588235294,0.264,0.2528735632183908,0.05622689722981257,0.2,1.0,0.10089384883905432,165.0,327.07643111763474,0.0017877611466652562,61.340332400010084
0.43137254901960786,0.6330935251798561,0.2457627118644068,0.5131195335276969,0.6936654066577247,0.6883761810591078,0.6910157332274407,0.6877343504258815,0.3443088286615571,0.7266775777414075,0.5971695114775863,0.43884892086330934,0.4066666666666667,0.42214532871972316,0.24379517683582871,0.24549918166939444,1.0,0.20246450506886307,248.47333333333333,301.2873786407767,0.0019073442992366416,0.35251798561151076,0.4016393442622951,0.37547892720306514,0.20748915669483314,0.19967266775777415,1.0,0.13481306754832015,245.4016393442623,363.46624916339994,0.0019073442992366416,59.835992799999076
0.3775933609958506,0.5986842105263158,0.3125,0.4631043256997455,0.643092105263158,0.6400255754475703,0.6415570081737414,0.6403400127336332,0.25182055785571145,0.6661392405063291,0.521516051593161,0.34868421052631576,0.33125,0.3397435897435897,0.12361751288660036,0.25316455696202533,4.0,0.20071840941157226,209.35,264.051514534094,0.004460082316918237,0.23684210526315788,0.2857142857142857,0.2589928057553957,0.05278366685201322,0.19936708860759494,4.0,0.13234001076932514,180.57142857142856,272.0265760197775,0.004460082316918237,58.79297179999412
0.4507042253521127,0.45390070921985815,0.16455696202531644,0.45229681978798586,0.6446718735972709,0.588218911015179,0.6157988205976865,0.5966989777216184,0.28862775155252035,0.7479674796747967,0.48523557259751027,0.36879432624113473,0.45614035087719296,0.40784313725490196,0.2574488536371126,0.18536585365853658,5.0,0.20011383102788302,280.5263157894737,259.85210383961186,0.00601356908314442,0.3971631205673759,0.45528455284552843,0.42424242424242425,0.26883516587401585,0.2,5.0,0.24676781260288036,280.0,226.93397250361795,0.00601356908314442,59.21052590000909
0.34146341463414637,0.5147058823529411,0.2903225806451613,0.4105571847507331,0.6121916508538899,0.5966679581557536,0.6043799651833195,0.6001265316032436,0.19804411487526147,0.6655574043261231,0.5887148189847531,0.45588235294117646,0.3315508021390374,0.38390092879256965,0.16907050122634798,0.31114808652246256,6.0,0.2026431718061674,199.2620320855615,305.95652173913044,0.006316223037747657,0.2426470588235294,0.275,0.25781249999999994,0.05814589476524838,0.19966722129783693,6.0,0.06586490114904978,165.275,501.0255754475703,0.006316223037747657,59.211408699993626
0.37383177570093457,0.5555555555555556,0.2815126050420168,0.44692737430167595,0.6370214752567693,0.6266031513374863,0.6317908387002349,0.6279917937766202,0.24340721858214656,0.6806451612903226,0.605836490845672,0.4375,0.3387096774193548,0.3818181818181818,0.16503300990330116,0.3,9.0,0.20085465292342894,210.0,313.6596493187402,0.009163676056801748,0.24305555555555555,0.28225806451612906,0.2611940298507463,0.05920344459973864,0.2,9.0,0.08153972117228771,175.0,429.23865199449796,0.009163676056801748,60.473574300005566
0.4,0.423841059602649,0.20869565217391303,0.41157556270096457,0.6075727037143679,0.5520117529974883,0.5791263016396266,0.5666912187388229,0.21108200324229529,0.7004909983633388,0.443213000458072,0.36423841059602646,0.41044776119402987,0.3859649122807017,0.20067113664419653,0.2193126022913257,1.0,0.20252734147022253,250.78358208955223,271.5682712306112,0.0019538476406250967,0.31788079470198677,0.39344262295081966,0.3516483516483516,0.16941964171293528,0.19967266775777415,1.0,0.1586997893882108,240.3934426229508,302.45786831249404,0.0019538476406250967,62.530897400007234
0.38974358974358975,0.5277777777777778,0.2570194384449244,0.4483775811209439,0.6353791696664266,0.6171568858882962,0.6262017484083091,0.6198337081624423,0.24665371987053628,0.6919275123558485,0.5399915779735682,0.4513888888888889,0.3735632183908046,0.40880503144654085,0.20316178402034435,0.28665568369028005,5.0,0.2011577207931831,226.7528735632184,323.12953111468516,0.005509751972520955,0.2708333333333333,0.32231404958677684,0.2943396226415094,0.09979940759036202,0.19934102141680396,5.0,0.08773990602850999,195.64462809917356,444.49557522123894,0.005509751972520955,57.80207080001128
0.357487922705314,0.5211267605633803,0.2719836400817996,0.4240687679083094,0.6245715602407903,0.6074384929327399,0.6159454580409824,0.610580765805881,0.22160492108332636,0.6814580031695721,0.6008293633567431,0.4014084507042254,0.3352941176470588,0.36538461538461536,0.16032493468950917,0.2694136291600634,1.0,0.2025636663941308,211.5705882352941,281.3930109711499,0.001752148693054363,0.28169014084507044,0.31746031746031744,0.29850746268656714,0.11054512223945567,0.19968304278922344,1.0,0.09849702862724224,200.31746031746033,406.10362116991644,0.001752148693054363,60.71687770000426
0.47619047619047616,0.5072463768115942,0.16041666666666668,0.49122807017543857,0.6734148550724639,0.6324119532808752,0.6525914524913228,0.6335715348736225,0.3392402182219128,0.7653721682847896,0.5270777755939839,0.4492753623188406,0.49206349206349204,0.46969696969696967,0.32658763726496115,0.20388349514563106,2.0,0.20407946993131917,304.09523809523813,303.80321950495784,0.0027779058418564806,0.4420289855072464,0.4959349593495935,0.4674329501915709,0.3263309509632464,0.19902912621359223,2.0,0.19150396390849958,306.4878048780488,318.53126564599853,0.0027779058418564806,59.66110230000049
0.38164251207729466,0.5766423357664233,0.2650103519668737,0.4593023255813953,0.6558159918997747,0.6462577196054936,0.6510193141573937,0.6468270972208399,0.27416731237309083,0.7,0.5740015628755426,0.48175182481751827,0.3793103448275862,0.4244372990353698,0.2383761576018698,0.2806451612903226,1.0,0.200974930362117,235.17241379310346,328.3991683991684,0.001783129162049101,0.31386861313868614,0.3467741935483871,0.32950191570881227,0.15161101598415333,0.2,1.0,0.09495512225317239,215.0,452.84550195567147,0.001783129162049101,61.643925399999716
0.357487922705314,0.556390977443609,0.2817796610169492,0.4352941176470588,0.63730565821333,0.6270324314191088,0.6321481760051672,0.6283894900192788,0.23971131872342388,0.6826446280991736,0.5516264508521053,0.5112781954887218,0.35602094240837695,0.4197530864197531,0.22336147600558667,0.315702479338843,5.0,0.20291080831253205,215.39267015706804,335.1226115824419,0.005368466205135627,0.24060150375939848,0.2644628099173554,0.25196850393700787,0.05388116144875832,0.2,5.0,0.06434615341434297,160.0,497.31022449691756,0.005368466205135627,58.21759229998861
0.44692737430167595,0.5405405405405406,0.21244635193133046,0.4892966360856269,0.6640470943046051,0.6410760295209398,0.6524604774480316,0.6420639391345786,0.30878145553732683,0.7280130293159609,0.6142809614136426,0.4864864864864865,0.44171779141104295,0.46302250803858525,0.28206183276781766,0.26547231270358307,5.0,0.20197551138696357,271.2147239263804,356.4788597665965,0.005501831387146062,0.3108108108108108,0.3770491803278688,0.34074074074074073,0.15834437986856478,0.1986970684039088,5.0,0.10200690704470258,231.50819672131146,450.94985558028316,0.005501831387146062,57.50513439999486
0.4105263157894737,0.5379310344827586,0.22718052738336714,0.4656716417910448,0.6553752535496957,0.6343290750168091,0.6447662974854418,0.6359129768061224,0.28477607457311127,0.719435736677116,0.5404671043571829,0.4206896551724138,0.37888198757763975,0.39869281045751637,0.21018063282602772,0.25235109717868337,2.0,0.20241604229262541,241.72670807453417,301.3595133522794,0.0025816718563542486,0.27586206896551724,0.31496062992125984,0.29411764705882354,0.10431441118194991,0.19905956112852666,2.0,0.1136376602137451,200.94488188976376,351.99598376772786,0.0025816718563542486,60.63867729999765
0.47368421052631576,0.48322147651006714,0.17278617710583152,0.4784053156146179,0.6552176497021178,0.6100682499474576,0.6322400532143287,0.614698101912745,0.30835714688476556,0.7434640522875817,0.5069359921599155,0.40268456375838924,0.46511627906976744,0.43165467625899273,0.2669077479446665,0.2107843137254902,1.0,0.20118229913288724,284.6511627906977,298.2369734246258,0.001839441753724792,0.3825503355704698,0.4672131147540984,0.42066420664206644,0.26014224988972273,0.19934640522875818,1.0,0.1727921777744573,285.9344262295082,329.87604377786784,0.001839441753724792,59.18875990000379
0.35668789808917195,0.448,0.2135306553911205,0.3971631205673759,0.6172346723044397,0.5708335616813723,0.5935808844502811,0.5814911346268986,0.21667186694665902,0.7157190635451505,0.6401120962282335,0.44,0.3548387096774194,0.3928571428571428,0.21211078974686867,0.2591973244147157,13.0,0.20601845115101422,212.19354838709677,266.9663794321232,0.012940127767288995,0.28,0.29411764705882354,0.28688524590163933,0.10430072643161442,0.19899665551839466,13.0,0.07372699669198607,175.88235294117646,474.7243421052632,0.012940127767288995,60.05517249999684
0.4019138755980861,0.5714285714285714,0.2670940170940171,0.47191011235955055,0.6521672771672772,0.6421717762695999,0.647150228929434,0.6429196985584515,0.2740291094286807,0.6943089430894309,0.5554441245271475,0.40816326530612246,0.375,0.39087947882736157,0.18906399473377195,0.2601626016260163,1.0,0.20251708974499733,230.62499999999997,296.2712928353354,0.001828261763089383,0.272108843537415,0.3252032520325203,0.2962962962962963,0.10103323990082878,0.2,1.0,0.11430915825421682,200.0,349.9282175715297,0.001828261763089383,58.4775110000046
0.48175182481751827,0.4520547945205479,0.14822546972860126,0.46643109540636046,0.6519146623959733,0.5906428900440875,0.6205229731925107,0.5986181754960849,0.31074466305976695,0.7584,0.5286697450683795,0.4178082191780822,0.48412698412698413,0.4485294117647059,0.297526287243947,0.2016,1.0,0.2011803267023344,302.57936507936506,303.21056238394203,0.0018223675023237404,0.4178082191780822,0.488,0.45018450184501846,0.30062351197690346,0.2,1.0,0.19564337589447328,305.0,311.7917983223841,0.0018223675023237404,57.010898599997745
0.4,0.6133333333333333,0.2936170212765957,0.48421052631578954,0.6598581560283688,0.6565778159931213,0.6582159424917894,0.6566910529170176,0.2834413003109276,0.6838709677419355,0.5656332126067538,0.4066666666666667,0.3630952380952381,0.38364779874213834,0.17248087160207567,0.2709677419354839,7.0,0.20104146644066612,225.1190476190476,303.4199913081269,0.007543754724394136,0.29333333333333333,0.3548387096774194,0.32116788321167883,0.13181762600207414,0.2,7.0,0.11567966169814947,220.0,380.3607250755287,0.007543754724394136,59.69422749998921
0.3891402714932127,0.5657894736842105,0.29411764705882354,0.46112600536193027,0.6358359133126934,0.6281192939744369,0.6319658257798125,0.6291604312678774,0.24442425446734553,0.6710310965630114,0.5404172632304882,0.4144736842105263,0.3559322033898305,0.3829787234042554,0.1583019731646564,0.2896890343698854,8.0,0.20202221944825866,217.47457627118646,311.8468858131488,0.008553341446836296,0.24342105263157895,0.30327868852459017,0.27007299270072993,0.06297734398406117,0.19967266775777415,8.0,0.09572338035201598,185.30327868852459,386.5304365969433,0.008553341446836296,58.89889490000496
0.45569620253164556,0.5581395348837209,0.1762295081967213,0.5017421602787456,0.6909550133434998,0.6654252017380509,0.6780699662616064,0.6636240866292351,0.35582047935694977,0.7682333873581848,0.6464816779531999,0.5348837209302325,0.46308724832214765,0.4964028776978417,0.3524546584531003,0.24149108589951376,3.0,0.20220795033001773,285.7248322147651,341.232873818201,0.0035262960301133454,0.4418604651162791,0.4634146341463415,0.45238095238095233,0.31209119415559883,0.1993517017828201,3.0,0.1089734917798173,285.9268292682927,523.0629859523032,0.0035262960301133454,57.6867889000132
0.3969849246231156,0.5563380281690141,0.24896265560165975,0.46334310850439886,0.6536876862836771,0.6391900046936815,0.6463982017795729,0.640265132956792,0.2765131287165405,0.7067307692307693,0.526901863752832,0.39436619718309857,0.36363636363636365,0.3783783783783784,0.18577956053459807,0.2467948717948718,3.0,0.20002655705147449,226.9090909090909,279.96282506421915,0.003655443425782663,0.2887323943661972,0.33064516129032256,0.30827067669172936,0.12243951742904276,0.1987179487179487,3.0,0.12608826178324828,206.3225806451613,325.1690476190476,0.003655443425782663,57.40883449999092
0.43209876543209874,0.5185185185185185,0.20043572984749455,0.4713804713804713,0.659041394335512,0.6290786654423017,0.643885766902653,0.631218968214809,0.29930503076123594,0.7356902356902357,0.5187546811634783,0.43703703703703706,0.427536231884058,0.43223443223443225,0.26288884108655464,0.23232323232323232,0.0,0.20253365869659212,253.95652173913044,291.3096044365921,0.0009386640323815727,0.362962962962963,0.4152542372881356,0.3873517786561266,0.2233396746438712,0.19865319865319866,0.0,0.13420737434832092,246.66101694915253,365.1066138349874,0.0009386640323815727,58.09709319999092
0.44886363636363635,0.5266666666666666,0.19517102615694165,0.48466257668711654,0.6657478202548625,0.6366924231586794,0.651058056467069,0.6379667322637337,0.31436548509871065,0.740340030911901,0.5120906114814608,0.36,0.4251968503937008,0.38989169675090257,0.2264341232755787,0.19629057187017002,6.0,0.20132234222606452,275.1023622047244,268.22656344502235,0.007077730801405724,0.36,0.4186046511627907,0.38709677419354843,0.2208547977955659,0.19938176197836166,6.0,0.20832978192311907,270.8372093023256,259.204418597855,0.007077730801405724,61.334902399990824
0.44148936170212766,0.5496688741721855,0.2219873150105708,0.48967551622418876,0.6638407795808073,0.6442047096291142,0.6539490474416326,0.64498134491625,0.3058784467365308,0.7227564102564102,0.5338146112846759,0.40397350993377484,0.4295774647887324,0.416382252559727,0.23773687113949152,0.22756410256410256,1.0,0.20118195391401597,268.056338028169,303.20810993848414,0.0018012595251892664,0.3443708609271523,0.41935483870967744,0.3781818181818182,0.2062366381303122,0.1987179487179487,1.0,0.15227449488785064,261.6774193548387,341.4885732393841,0.0018012595251892664,62.462381600009394
0.37714285714285717,0.4782608695652174,0.22755741127348644,0.42172523961661346,0.6253517291458655,0.5907540460120474,0.6078067654884651,0.597511431434175,0.23175945755098185,0.706645056726094,0.48809342868247263,0.39855072463768115,0.3716216216216216,0.38461538461538464,0.19946326101397788,0.23987034035656402,2.0,0.2003487984406658,229.29054054054055,274.5212371028444,0.0026824583672573404,0.3115942028985507,0.34959349593495936,0.32950191570881227,0.150798928586429,0.1993517017828201,2.0,0.12036110897386576,215.6991869918699,357.2582569784786,0.0026824583672573404,63.63900599999761
0.44385026737967914,0.5724137931034483,0.22608695652173913,0.5,0.6731634182908546,0.6580846325167038,0.6655813254213382,0.6579873714046194,0.3199190627355656,0.7256198347107438,0.6397607965010673,0.5103448275862069,0.43023255813953487,0.46687697160883285,0.28135304879738676,0.28429752066115704,3.0,0.20424751622969048,260.2906976744186,362.30550738635117,0.003574785518500854,0.33793103448275863,0.4049586776859504,0.368421052631579,0.19360077316559157,0.2,3.0,0.08117086905060794,245.0,603.6648439657553,0.003574785518500854,54.97176970000146
0.38666666666666666,0.6692307692307692,0.3006535947712418,0.49014084507042255,0.6842885872297636,0.6839572388964402,0.6841228930024306,0.6839297008001711,0.31460419146606183,0.6926994906621392,0.6151625247289947,0.4846153846153846,0.34806629834254144,0.40514469453376206,0.20452972296415653,0.3073005093378608,6.0,0.20258943064658205,205.01104972375688,310.9737748851455,0.006836997013824798,0.2846153846153846,0.3162393162393162,0.29959514170040485,0.11467847419104463,0.19864176570458403,6.0,0.08723954726514241,186.26495726495727,424.11957833238074,0.006836997013824798,54.89925580000272
0.36018957345971564,0.6031746031746031,0.28125,0.45103857566765576,0.6609623015873016,0.6559099437148217,0.6584312766202302,0.6560727125789279,0.2742333599960286,0.6947194719471947,0.5734886243117696,0.49206349206349204,0.3563218390804598,0.4133333333333334,0.2320793228582848,0.2871287128712871,2.0,0.20258949712413152,215.93103448275863,306.0375827973505,0.002662434230120601,0.30158730158730157,0.3140495867768595,0.3076923076923077,0.13062363969319046,0.19966996699669967,2.0,0.09514432824282734,190.31404958677686,399.39322397669787,0.002662434230120601,58.6611353999906
0.34951456310679613,0.5070422535211268,0.2809224318658281,0.4137931034482758,0.6130599108276493,0.5947260686333533,0.6038234101152771,0.5987988331653684,0.2017592059231506,0.6704361873990307,0.6456449707863262,0.4788732394366197,0.34,0.39766081871345027,0.1817362320027637,0.32310177705977383,4.0,0.20890184674309478,210.46,325.51172265904216,0.004320617985747238,0.2112676056338028,0.24390243902439024,0.22641509433962265,0.01717403397493552,0.1987075928917609,4.0,0.057216558345807966,150.97560975609755,524.3237424153455,0.004320617985747238,57.96187880000798
0.32142857142857145,0.5217391304347826,0.3227176220806794,0.39779005524861877,0.5995107541770517,0.5894218184617753,0.5944448829912057,0.5920293374771379,0.17278086194111744,0.6420361247947455,0.5664871088375132,0.4927536231884058,0.3148148148148148,0.38418079096045205,0.15621925868751793,0.35467980295566504,20.0,0.20557509699430865,191.72222222222223,330.7793647879567,0.018630247232024753,0.17391304347826086,0.19834710743801653,0.18532818532818532,-0.033606875124725315,0.1986863711001642,20.0,0.04414561978231005,120.79338842975206,543.6552962298025,0.018630247232024753,60.6615993000014
