0.17549668874172186,0.6091954022988506,0.2782122905027933,0.2724935732647815,0.6654915558980287,0.6607292762237424,0.6631061408715174,0.6607874470400839,0.2038069786828614,0.7118126272912424,0.6038213979574029,0.4367816091954023,0.15702479338842976,0.23100303951367782,0.13771437323897445,0.24643584521384929,1.0,0.2008909918943762,154.19834710743802,189.15731184193422,0.0011097271144663438,0.3218390804597701,0.14285714285714285,0.1978798586572438,0.09535784118747066,0.19959266802443992,1.0,0.12643624133032505,140.28571428571428,221.4554917592631,0.0011097271144663438,55.89841759999399
0.17647058823529413,0.68,0.26269315673289184,0.2802197802197802,0.7086534216335542,0.7074948601333251,0.708073903926443,0.7072478056493072,0.243247434513243,0.7329255861365953,0.7436060905488882,0.6133333333333333,0.16911764705882354,0.26512968299711814,0.21599891258554282,0.27726809378185524,13.0,0.20013162969297585,165.90441176470588,229.8487254142142,0.007540106687251962,0.4,0.15306122448979592,0.22140221402214025,0.14406057777993386,0.199796126401631,13.0,0.08160621761658031,150.1530612244898,367.61904761904765,0.007540106687251962,59.31909089999681
0.2023121387283237,0.7777777777777778,0.3143507972665148,0.3211009174311927,0.7317134902556315,0.7288135593220338,0.7302620853071554,0.7277876382385655,0.280812596739675,0.6942148760330579,0.7157407398163181,0.5666666666666667,0.18085106382978725,0.2741935483870968,0.19401661155230313,0.29132231404958675,12.0,0.2004350693557995,175.06382978723406,254.4464906461457,0.007642988534121591,0.3,0.13989637305699482,0.19081272084805653,0.08063126026901724,0.1993801652892562,12.0,0.08965726321164157,135.41968911917098,301.14682327816337,0.007642988534121591,57.20370969999931
0.1318181818181818,0.43283582089552236,0.2098901098901099,0.20209059233449478,0.6114728555027061,0.5592854364765365,0.5847972835807167,0.5723733729706846,0.13489564816352848,0.7656090071647902,0.4349293165518664,0.2537313432835821,0.13709677419354838,0.17801047120418848,0.1033682010528125,0.1269191402251791,17.0,0.20159438357063184,133.9435483870968,84.32774613506916,0.017567624015837793,0.373134328358209,0.1282051282051282,0.19083969465648856,0.11781471897332718,0.19959058341862845,17.0,0.4434551538612952,125.25641025641026,56.37548641010845,0.017567624015837793,55.448915800006944
0.1362126245847176,0.6029411764705882,0.2898550724637681,0.22222222222222224,0.6565430520034101,0.6521668560298652,0.6543512956152194,0.652385506361187,0.17296059982572282,0.7025906735751295,0.572879479220044,0.4852941176470588,0.12941176470588237,0.2043343653250774,0.13802818926363947,0.26424870466321243,18.0,0.20112370164776586,124.88235294117648,164.07812569894878,0.011284049286393259,0.29411764705882354,0.10362694300518134,0.15325670498084293,0.06478423052226717,0.2,18.0,0.10108366584045955,100.0,197.85590316407814,0.011284049286393259,57.77249510001275
0.16891891891891891,0.6329113924050633,0.27671541057367827,0.26666666666666666,0.6780979909156926,0.6750868793767784,0.676590760060273,0.6749419557410179,0.2116522794274943,0.7159090909090909,0.559195939049373,0.3924050632911392,0.15979381443298968,0.22710622710622708,0.14297149165593903,0.20041322314049587,3.0,0.2010365368004218,154.68041237113403,154.20082584677195,0.002464352243766933,0.379746835443038,0.15544041450777202,0.22058823529411764,0.13457512885442063,0.1993801652892562,3.0,0.1989724375441706,150.4663212435233,150.7746518576986,0.002464352243766933,57.396354299999075
0.18439716312056736,0.65,0.25669642857142855,0.287292817679558,0.6966517857142857,0.693527715475809,0.6950879954571014,0.693085470821821,0.23802501380531305,0.735655737704918,0.676120162655731,0.5375,0.1762295081967213,0.2654320987654321,0.19839384831092682,0.25,5.0,0.20215848636816278,172.0,212.7044022366202,0.003549247538821679,0.4,0.1641025641025641,0.23272727272727273,0.1496141692418227,0.19979508196721313,5.0,0.11946585087963253,160.16410256410256,267.8589719520895,0.003549247538821679,59.836837799986824
0.18125,0.7073170731707317,0.2930648769574944,0.2885572139303483,0.7071260981066186,0.7071260465295728,0.7071260723180952,0.7071260358418163,0.24480123040848148,0.7069672131147541,0.6788946213383596,0.6341463414634146,0.1863799283154122,0.2880886426592798,0.23345604263609582,0.2858606557377049,6.0,0.2018352100932344,181.90681003584228,257.6359197980346,0.0038029387261375677,0.3780487804878049,0.15897435897435896,0.22382671480144403,0.13501552561743735,0.19979508196721313,6.0,0.08930962748351343,155.15897435897435,347.10703508110146,0.0038029387261375677,65.16301920000114
0.16206896551724137,0.618421052631579,0.2649945474372955,0.2568306010928962,0.6767132525971418,0.671691952121964,0.6741979276620315,0.6714999214259689,0.20663977428955965,0.7260825780463243,0.6855971839628583,0.5657894736842105,0.1575091575091575,0.24641833810888253,0.18754922507078006,0.27492447129909364,12.0,0.2000797016879679,156.4065934065934,214.91435481576326,0.0072040712931656205,0.4342105263157895,0.16666666666666666,0.24087591240875914,0.1691923030707205,0.19939577039274925,12.0,0.08503885457288435,165.5,388.0579079497908,0.0072040712931656205,54.0991684999899
0.16279069767441862,0.717948717948718,0.32432432432432434,0.26540284360189575,0.6968121968121969,0.6961710591745399,0.6964915542204981,0.696076331083608,0.22395531575388114,0.6790890269151139,0.6648662294639023,0.6025641025641025,0.15112540192926044,0.24164524421593828,0.17800513114219285,0.3219461697722567,10.0,0.20042276123887423,145.9871382636656,234.50430335097002,0.0062715204306715636,0.2564102564102564,0.10362694300518134,0.14760147601476015,0.04196610524221057,0.1997929606625259,10.0,0.06474680277976119,100.10362694300518,308.89556150024566,0.0062715204306715636,57.62606350000715
0.18528610354223432,0.8607594936708861,0.33002207505518766,0.30493273542600896,0.7653687093078492,0.7534797966429659,0.7594009872565136,0.7467190407605421,0.2981467520657769,0.6852791878172588,0.8419896415752925,0.7721518987341772,0.17681159420289855,0.28773584905660377,0.26115220898524905,0.350253807106599,0.0,0.201548286412452,174.15942028985506,302.657001385606,0.000509667643453211,0.3924050632911392,0.15736040609137056,0.22463768115942026,0.14203845907017987,0.2,0.0,0.047196040986467895,155.0,656.8347546119039,0.000509667643453211,58.267954399998416
0.19390581717451524,0.8235294117647058,0.3211920529801324,0.31390134529147984,0.7511686793922867,0.7441981070919227,0.7476752699604816,0.7408608449021039,0.29231100346722455,0.6912209889001009,0.7476354223248067,0.5764705882352941,0.1794871794871795,0.2737430167597765,0.20636183387191886,0.27547931382441976,0.0,0.20126151807259043,177.8717948717949,243.46432675881346,0.0005389231740503687,0.32941176470588235,0.1414141414141414,0.19787985865724383,0.09928881774581705,0.19979818365287588,0.0,0.10502231724241401,140.14141414141415,266.61,0.0005389231740503687,59.10954260001017
0.1882716049382716,0.7011494252873564,0.2988636363636364,0.2968369829683698,0.7011428944618601,0.7011428944010283,0.7011428944314442,0.701142894390502,0.24386959770732455,0.7011375387797312,0.745549050725427,0.6436781609195402,0.19310344827586207,0.29708222811671087,0.23590330539107318,0.2998965873836608,8.0,0.20123801339913766,186.73103448275862,278.2774439783849,0.0049064175234782405,0.3333333333333333,0.15025906735751296,0.20714285714285713,0.10521547647673607,0.19958634953464321,8.0,0.07363061877856442,145.30051813471505,393.8578879421637,0.0049064175234782405,60.05230570001004
0.20161290322580644,0.5434782608695652,0.21830209481808158,0.2941176470588235,0.6625880830257418,0.6411763641954096,0.6517943065366951,0.6421816781517193,0.21765590524726122,0.7597597597597597,0.5168118914986477,0.358695652173913,0.22758620689655173,0.27848101265822783,0.193082729164399,0.14514514514514515,15.0,0.20048746026139175,227.35862068965517,164.59882307339933,0.013705641353115743,0.4673913043478261,0.21608040201005024,0.29553264604810997,0.21386032176799807,0.1991991991991992,15.0,0.35099258212645706,215.8643216080402,122.50971157136244,0.013705641353115743,58.801473399988026
0.17747440273037543,0.6933333333333334,0.25720384204909286,0.28260869565217395,0.7180647456421202,0.717212952320558,0.717638722603021,0.7169821023245534,0.25189388615182384,0.7391304347826086,0.6738203212647416,0.56,0.16733067729083664,0.25766871165644173,0.20437781003721228,0.24802371541501977,4.0,0.20081366880780957,169.33864541832668,209.14910946722685,0.0026644561147676545,0.4,0.1485148514851485,0.21660649819494582,0.14184387683071323,0.19960474308300397,4.0,0.12038882188831206,150.2970297029703,249.19257061782534,0.0026644561147676545,56.26156449998962
0.2037037037037037,0.6111111111111112,0.2451539338654504,0.3055555555555555,0.6829785886228305,0.675416222232528,0.6791868801687323,0.6749346072011508,0.23700256668401087,0.7414684591520165,0.5623673693491458,0.4444444444444444,0.20618556701030927,0.28169014084507044,0.1950445035725111,0.20062047569803515,1.0,0.20161474274983687,199.3814432989691,198.3981898071408,0.0012569224692169964,0.4444444444444444,0.20725388601036268,0.2826855123674912,0.1962516259014339,0.19958634953464321,1.0,0.19938677969158625,200.41450777202073,200.6151062867481,0.0012569224692169964,59.57067580000148
0.1752988047808765,0.5057471264367817,0.22722283205268934,0.2603550295857988,0.6392621471920462,0.6113764654798091,0.625163844176314,0.6153468325676081,0.18108594165767272,0.749498997995992,0.5024319306787921,0.3448275862068966,0.16483516483516483,0.2230483271375465,0.130018242531046,0.18236472945891782,4.0,0.20198399864269467,164.5054945054945,148.52661696766066,0.003265843278262116,0.41379310344827586,0.18090452261306533,0.2517482517482517,0.16582282052240166,0.19939879759519039,4.0,0.2471780243784761,180.5427135678392,145.64401544401545,0.003265843278262116,56.85741070000222
0.1830601092896175,0.8072289156626506,0.33002207505518766,0.2984409799554566,0.7386034203037315,0.7322272534951343,0.7354084265706463,0.7297452489036229,0.2740471181985251,0.6814964610717897,0.7363125315639727,0.6024096385542169,0.17421602787456447,0.2702702702702703,0.20821835526479615,0.2901921132457027,0.0,0.20072846876791495,172.29965156794427,249.09271867066698,0.0005576773804634037,0.37349397590361444,0.15736040609137056,0.22142857142857142,0.13209308483012128,0.19919110212335692,0.0,0.09400026637172754,155.62944162436548,329.78629951333704,0.0005576773804634037,56.881964100000914
0.1597222222222222,0.6133333333333333,0.2685904550499445,0.25344352617079885,0.6723714391416944,0.6671875515841137,0.6697744801319575,0.6670946503470938,0.20132507402519723,0.7223360655737705,0.5466154199702007,0.36,0.13636363636363635,0.1978021978021978,0.11273478539882478,0.2028688524590164,4.0,0.20075386838180462,133.0909090909091,134.49304971125105,0.0031644535977555285,0.3466666666666667,0.13333333333333333,0.1925925925925926,0.10597733936614878,0.19979508196721313,4.0,0.19430462341536167,130.13333333333333,133.81050611657471,0.0031644535977555285,57.39618129999144
0.19158878504672897,0.45555555555555555,0.19481981981981983,0.26973684210526316,0.6303678678678678,0.5818892792631851,0.6056437106949136,0.5911146155210198,0.18229498873562575,0.7730061349693251,0.4759059198540124,0.3333333333333333,0.18867924528301888,0.24096385542168675,0.1473298443182431,0.16257668711656442,27.0,0.20184229476716276,184.52830188679243,148.6308904415044,0.021273041723485573,0.4222222222222222,0.19487179487179487,0.26666666666666666,0.17755800086855433,0.19938650306748465,27.0,0.3334913586173788,190.5846153846154,113.94598096197794,0.021273041723485573,55.03406540000287
0.09771986970684039,0.39473684210526316,0.29721030042918456,0.1566579634464752,0.5487632708380393,0.5055312580396192,0.5267038889857282,0.5231994898356782,0.05595119671022266,0.6795634920634921,0.3728797964043322,0.2236842105263158,0.08585858585858586,0.12408759124087591,0.01959027973469382,0.19642857142857142,24.0,0.2000487094819237,86.54545454545455,84.97930351075878,0.017787156128633668,0.2236842105263158,0.0845771144278607,0.12274368231046934,0.017352553650669268,0.19940476190476192,24.0,0.2052651551623555,85.25373134328358,82.81970696172843,0.017787156128633668,61.19591310000396
0.18960244648318042,0.7654320987654321,0.29909706546275394,0.30392156862745096,0.7331675166513391,0.7317476457004933,0.7324572371228879,0.7312239269782177,0.2730822987559427,0.7063081695966908,0.7568711807174779,0.7160493827160493,0.1870967741935484,0.2966751918158567,0.2562137503604129,0.32057911065149947,3.0,0.20253488325132768,180.9225806451613,286.3704220671319,0.002143975737770157,0.38271604938271603,0.16062176165803108,0.2262773722627737,0.1385357216442158,0.19958634953464321,3.0,0.0596498549475994,155.32124352331607,519.6995034980818,0.002143975737770157,56.187167500000214
0.13963963963963963,0.44285714285714284,0.21364653243847875,0.21232876712328766,0.614605305209332,0.566611200665592,0.5901205384665935,0.57806813103992,0.14127784355812287,0.7614107883817427,0.44370765965023773,0.3,0.13125,0.1826086956521739,0.1007986599661368,0.16597510373443983,28.0,0.20128091824599303,126.525,104.3317974848222,0.02270627288845584,0.38571428571428573,0.140625,0.20610687022900764,0.13070123471547165,0.1991701244813278,28.0,0.2996192159558334,135.5625,90.11438039401332,0.02270627288845584,56.1093525000033
0.19578313253012047,0.7222222222222222,0.29308452250274425,0.30805687203791465,0.714568849859739,0.714486878600384,0.7145278630545847,0.7144662619253006,0.26073240549247617,0.7082917082917083,0.6713447035301641,0.5555555555555556,0.18726591760299627,0.2801120448179272,0.20526891577022363,0.26673326673326675,11.0,0.20069629326233873,187.45318352059925,249.1326530612245,0.006882180583753922,0.4,0.18,0.24827586206896546,0.15737238532348466,0.1998001998001998,11.0,0.10281010426590924,180.18,350.16013510587624,0.006882180583753922,56.065895899999305
0.1554054054054054,0.6052631578947368,0.27262813522355506,0.24731182795698925,0.6663175113355908,0.6607231302625062,0.6635144247402422,0.6607778938286093,0.1933290838640269,0.7180261832829808,0.6190803821844442,0.4605263157894737,0.1388888888888889,0.2134146341463415,0.13677517217224264,0.2537764350453172,19.0,0.20149894278476774,137.91666666666666,173.6981818181818,0.011627530739334278,0.32894736842105265,0.12626262626262627,0.18248175182481752,0.09334648987768378,0.19939577039274925,19.0,0.11903092092867461,125.37878787878788,210.02945961394715,0.011627530739334278,56.80905869998969
0.15450643776824036,0.43373493975903615,0.22386363636363638,0.22784810126582275,0.6049356516976999,0.5564847401237991,0.5802046698593657,0.5694358084236144,0.13752892596821578,0.7466251298026999,0.46173807050002336,0.3132530120481928,0.13903743315508021,0.1925925925925926,0.09244172120213918,0.19418483904465214,9.0,0.20090147725950913,133.89304812834223,129.41666907911878,0.006244800795660203,0.3373493975903614,0.14583333333333334,0.20363636363636364,0.10605681283743534,0.19937694704049844,9.0,0.21490054670233802,140.4375,130.29282814614345,0.006244800795660203,60.60219900000084
0.17421602787456447,0.6578947368421053,0.26362625139043383,0.27548209366391185,0.6971342427258358,0.694925573681006,0.696029032123607,0.6946028720644998,0.2319228499205192,0.7302564102564103,0.6204929067863629,0.4868421052631579,0.16972477064220184,0.25170068027210885,0.18370782500845492,0.2235897435897436,3.0,0.20056897453784445,165.48165137614677,184.47519156567577,0.0024436782842782146,0.42105263157894735,0.1641025641025641,0.23616236162361626,0.16068030535583075,0.2,3.0,0.1570020927799093,160.0,203.81893918356013,0.0024436782842782146,54.91587240000081
0.1958041958041958,0.6436781609195402,0.25386313465783666,0.3002680965147453,0.6949075131308519,0.6911308284952714,0.6930165981256974,0.6906363433239256,0.24338262877547231,0.7371601208459214,0.6533363330732872,0.5402298850574713,0.18951612903225806,0.2805970149253731,0.20795027454849738,0.2497482376636455,13.0,0.20059071321357672,188.18951612903226,234.3079559718065,0.007894258989803655,0.39080459770114945,0.1717171717171717,0.2385964912280702,0.14845354712311942,0.19939577039274925,13.0,0.11428363918074856,170.5151515151515,297.5054018556963,0.007894258989803655,58.685066100006225
0.1561712846347607,0.8378378378378378,0.36934950385887544,0.2632696390658174,0.7342441669894811,0.7196282542967879,0.7268994759375188,0.7147670926787156,0.2520673567479282,0.6462793068297655,0.7782774132334659,0.7297297297297297,0.14673913043478262,0.24434389140271495,0.20920335063437978,0.3751274209989806,21.0,0.20150585093559334,143.95108695652175,267.98229306631816,0.011674817470594562,0.2972972972972973,0.11224489795918367,0.16296296296296295,0.06965113387609903,0.199796126401631,21.0,0.043495354486953616,110.11224489795917,505.8011426622325,0.011674817470594562,58.33699450000131
0.18394648829431437,0.7857142857142857,0.26695842450765866,0.2981029810298103,0.7593779306033135,0.7584645466707832,0.7589211012264975,0.7579409495985019,0.2899374097152117,0.7367886178861789,0.7818802494485824,0.6428571428571429,0.1717557251908397,0.2710843373493976,0.2357917520183793,0.266260162601626,14.0,0.20058808488877525,169.00763358778627,224.34034416826003,0.008565870080843483,0.42857142857142855,0.15306122448979592,0.22556390977443608,0.15894388520691807,0.1991869918699187,14.0,0.10057103894997017,150.6122448979592,298.2966101694915,0.008565870080843483,62.79259969999839
0.20774647887323944,0.7023809523809523,0.25139664804469275,0.32065217391304346,0.7254921521681298,0.7247559242792317,0.7251239447859531,0.7245209879557282,0.2783306383825583,0.7446373850868233,0.6510371773318822,0.4880952380952381,0.18636363636363637,0.26973684210526316,0.19331030776000122,0.2247191011235955,2.0,0.20222993062438058,182.45000000000002,202.73952462631706,0.001745877374315532,0.42857142857142855,0.18461538461538463,0.25806451612903225,0.17595730031263893,0.19918283963227784,2.0,0.1529298810703667,180.73846153846154,235.4020008910851,0.001745877374315532,57.62004050001269
0.15658362989323843,0.5569620253164557,0.261878453038674,0.24444444444444444,0.6475417861388908,0.6348712631760844,0.641175227005298,0.636088629486776,0.17752194402558605,0.7235772357723578,0.6010282316536405,0.45569620253164556,0.1506276150627615,0.22641509433962265,0.146622070370348,0.24288617886178862,5.0,0.20216790834289716,148.21757322175733,178.06980492146346,0.0035156248146737145,0.4050632911392405,0.16326530612244897,0.23272727272727273,0.15229988066240804,0.1991869918699187,5.0,0.12693302729094127,160.6530612244898,252.1014481648916,0.0035156248146737145,62.15825150000455
0.1881720430107527,0.813953488372093,0.3503480278422274,0.30567685589519655,0.7318027302649328,0.7225806451612903,0.7271770685091966,0.7195030792487633,0.27268967197105715,0.6645569620253164,0.7568233892331307,0.5930232558139535,0.16721311475409836,0.2608695652173913,0.18343727450297162,0.3217299578059072,3.0,0.20170154858854805,158.51803278688524,252.84882717502157,0.0022046453561483034,0.32558139534883723,0.14814814814814814,0.20363636363636364,0.09978395792115473,0.19936708860759494,3.0,0.06985526815477447,140.44444444444443,400.8287526427061,0.0022046453561483034,60.4488696000044
0.15309446254071662,0.618421052631579,0.296127562642369,0.2454308093994778,0.6611467449946051,0.6583856563229594,0.659764756279889,0.6584637453861579,0.18680317751988684,0.6970649895178197,0.5775907766060028,0.4605263157894737,0.1583710407239819,0.2356902356902357,0.15960588751761648,0.23165618448637318,7.0,0.20046698883259295,151.08597285067873,174.59233664265784,0.005187987596324134,0.3684210526315789,0.14736842105263157,0.21052631578947367,0.12469177659034643,0.19916142557651992,7.0,0.1488640724287972,140.58947368421053,188.09105207969242,0.005187987596324134,58.606676600000355
0.15932203389830507,0.5662650602409639,0.27896512935883017,0.24867724867724866,0.6436499654410668,0.6343461141641927,0.6389811064964735,0.6353443121477717,0.17463050336913988,0.7078189300411523,0.5426696093308108,0.40963855421686746,0.16113744075829384,0.2312925170068027,0.14272096545460705,0.21707818930041153,3.0,0.20165026469197148,156.6255924170616,168.60875462740555,0.0024422570454786835,0.37349397590361444,0.15979381443298968,0.22382671480144403,0.13294655279923157,0.19958847736625515,3.0,0.16679868024412065,155.31958762886597,185.8527894503092,0.0024422570454786835,60.21083549999457
0.18596491228070175,0.6625,0.251900108577633,0.29041095890410956,0.7052999457111835,0.7027027027027027,0.7040001264682544,0.7022081979793405,0.24672587487363679,0.7412587412587412,0.7416489528326298,0.6125,0.18081180811808117,0.2792022792022792,0.22669296640305495,0.2707292707292707,7.0,0.20061564234111612,180.99261992619927,244.24815247797585,0.004270320821467298,0.3125,0.125,0.17857142857142858,0.08306941386508608,0.1998001998001998,7.0,0.08402889749764422,125.125,297.5166965709729,0.004270320821467298,66.03447779999988
0.13861386138613863,0.6176470588235294,0.28431372549019607,0.22641509433962265,0.6666666666666667,0.6630622837370241,0.6648620326739597,0.6630815631874591,0.1830724004862057,0.7089249492900609,0.6082766995853008,0.5294117647058824,0.13793103448275862,0.2188449848024316,0.16329931618554522,0.2647058823529412,16.0,0.20000419216902826,136.0,179.99622712695717,0.009844803011422938,0.3382352941176471,0.116751269035533,0.17358490566037738,0.09423107647783002,0.1997971602434077,16.0,0.0988764987004276,115.11675126903553,232.61341473755618,0.009844803011422938,57.75789989999612
0.1404109589041096,0.5,0.2807606263982103,0.21925133689839574,0.609619686800895,0.5899082568807339,0.5996829885872158,0.5945209442304601,0.13282345153193523,0.7008196721311475,0.45677857257751453,0.3170731707317073,0.143646408839779,0.1977186311787072,0.10256395906411352,0.18545081967213115,11.0,0.2002458748015395,140.1988950276243,129.840377614611,0.008695866502074967,0.32926829268292684,0.13846153846153847,0.19494584837545129,0.09806749449375339,0.19979508196721313,11.0,0.22910836406768353,135.13846153846154,117.84816372755218,0.008695866502074967,61.52354819999891
0.18241042345276873,0.6829268292682927,0.2829763246899662,0.2879177377892031,0.6999752522891634,0.6995600251414205,0.6997676079169278,0.6994912680695455,0.2392636935281016,0.7141382868937048,0.6464981378931736,0.5853658536585366,0.17518248175182483,0.2696629213483146,0.20430090925025984,0.28276573787409703,0.0,0.2011990986640914,169.75182481751824,238.56965721371145,0.0005401387981556697,0.36585365853658536,0.15544041450777202,0.21818181818181817,0.12689395127774314,0.19917440660474717,0.0,0.08607355544825367,150.6217616580311,348.53910523117196,0.0005401387981556697,57.690423000007286
0.1693548387096774,0.875,0.34030837004405284,0.2837837837837837,0.7673458149779736,0.7522425547183351,0.7597566559178365,0.7436459609036362,0.28746786175852634,0.6755102040816326,0.8086098350440636,0.6666666666666666,0.15894039735099338,0.25668449197860965,0.2186373534543078,0.3081632653061224,1.0,0.20074733753782892,155.76158940397352,239.1065335596536,0.0010492851933205192,0.375,0.1377551020408163,0.20149253731343283,0.12319735429678218,0.2,1.0,0.07406380668561,135.0,364.55053025577047,0.0010492851933205192,58.09775029998855
0.18980169971671387,0.881578947368421,0.3217097862767154,0.3123543123543123,0.7799345805458527,0.7666878575969484,0.77328285421602,0.7575946243453118,0.3130986240438018,0.694300518134715,0.8009089231211585,0.6578947368421053,0.176056338028169,0.27777777777777773,0.23327461007695935,0.29430051813471503,6.0,0.20195971692977682,169.8943661971831,247.57412398921832,0.0038879018746963007,0.40789473684210525,0.16062176165803108,0.23048327137546468,0.1519635459777751,0.2,6.0,0.08365836274966468,155.0,370.55470584289264,0.0038879018746963007,58.36150069998985
0.15555555555555556,0.6282051282051282,0.28944504896626766,0.24936386768447838,0.6693800396194303,0.6668472880737769,0.6681124636698034,0.6668259741035849,0.19568152243764045,0.7041123370110332,0.689102996661533,0.5512820512820513,0.14930555555555555,0.2349726775956284,0.16867656410371723,0.2888665997993982,15.0,0.2017726304113028,148.85763888888889,213.11116335425066,0.008742903404436387,0.3076923076923077,0.12060301507537688,0.17328519855595667,0.0787873230512091,0.1995987963891675,15.0,0.07885614618910004,120.24120603015075,304.35167275924294,0.008742903404436387,58.39323200000217
0.15869017632241814,0.7682926829268293,0.36264929424538545,0.2630480167014614,0.702821694340722,0.6967227785261453,0.6997655919588509,0.6956952256356113,0.22727390703622977,0.6480558325024925,0.7002347868265653,0.6341463414634146,0.15615615615615616,0.25060240963855424,0.19143887509502797,0.3320039880358923,6.0,0.2006577146566354,156.62462462462463,259.14777355549063,0.0037691187895485963,0.2682926829268293,0.11,0.15602836879432624,0.051447829631920544,0.19940179461615154,6.0,0.06653397671017541,110.33,330.65812518366147,0.0037691187895485963,58.8409171999956
0.18725099601593626,0.6103896103896104,0.2305084745762712,0.28658536585365857,0.6899405679066696,0.6807682491066869,0.685339063822789,0.6798981314145144,0.23474322384464497,0.7567567567567568,0.6605513041831164,0.5454545454545454,0.1875,0.27906976744186046,0.21816965902641755,0.23284823284823286,2.0,0.20033566736446978,180.375,209.6481398072246,0.001771299491107475,0.38961038961038963,0.15625,0.22304832713754646,0.14023818529801732,0.1995841995841996,2.0,0.1368566375514329,150.3125,219.20748994527594,0.001771299491107475,55.89545900000667
0.16610169491525423,0.620253164556962,0.2673913043478261,0.26203208556149726,0.6764309301045679,0.671765351992352,0.6740941046027692,0.6715903711294129,0.20874440364747165,0.7237237237237237,0.5986781022496096,0.46835443037974683,0.16299559471365638,0.2418300653594771,0.1686202582871978,0.22722722722722724,8.0,0.20202235105697688,162.8325991189427,183.14805172010296,0.005308244258300106,0.4177215189873418,0.1658291457286432,0.23741007194244607,0.16032800580259365,0.1991991991991992,8.0,0.1521372976614719,165.66331658291458,216.90933457638968,0.005308244258300106,61.031214799993904
0.1446280991735537,0.4430379746835443,0.23310810810810811,0.21806853582554517,0.604964933287718,0.5616230162937829,0.5828912682353505,0.573065527445751,0.1327448166585386,0.7404343329886246,0.46256531451277216,0.3291139240506329,0.13978494623655913,0.1962264150943396,0.1034978066809329,0.1923474663908997,25.0,0.20264694126852775,135.17204301075267,128.30196122006777,0.018017523111502183,0.3670886075949367,0.15025906735751296,0.21323529411764705,0.12499857672964566,0.19958634953464321,25.0,0.22222034575740687,145.30051813471505,130.5011019632679,0.018017523111502183,59.58639270000276
0.19850187265917604,0.654320987654321,0.2448512585812357,0.3045977011494253,0.7047348645365427,0.7011284600428935,0.7029293494449093,0.7004619236181323,0.2541968573766446,0.7465968586387435,0.6292715408684025,0.5432098765432098,0.20276497695852536,0.2953020134228188,0.22956106673354212,0.22722513089005236,2.0,0.2017669169123532,193.6405529953917,218.07341200100427,0.0018619585022983701,0.48148148148148145,0.20418848167539266,0.2867647058823529,0.21422819563905046,0.2,2.0,0.14923051984235536,195.0,261.3406429274585,0.0018619585022983701,54.158637000000454
0.20408163265306123,0.7058823529411765,0.2543478260869565,0.316622691292876,0.7257672634271101,0.7252224473614659,0.7254948042525476,0.7250472704749239,0.27617596200441924,0.7422885572139304,0.6501122898303697,0.5176470588235295,0.20754716981132076,0.2962962962962963,0.2285037810155116,0.2109452736318408,1.0,0.20141425409791822,208.58490566037736,218.45524388065033,0.001201945004452162,0.49411764705882355,0.208955223880597,0.29370629370629375,0.22349954370379735,0.2,1.0,0.18006849356148527,210.0,233.2445791559804,0.001201945004452162,57.29328329999407
0.16293929712460065,0.7183098591549296,0.28540305010893247,0.265625,0.7164534045229987,0.7164485941281026,0.7164509993215133,0.7164473272381325,0.2402699261823068,0.7148634984833164,0.739475083454402,0.6338028169014085,0.15789473684210525,0.2528089887640449,0.21223182166513135,0.28816986855409504,11.0,0.20093702477074854,156.1578947368421,223.950762938493,0.006749834966541904,0.3380281690140845,0.1218274111675127,0.1791044776119403,0.09667492672143517,0.19919110212335692,11.0,0.07939423526064952,120.48730964467006,302.28894983632665,0.006749834966541904,57.23941100000229
0.19548872180451127,0.8297872340425532,0.375,0.31643002028397565,0.7273936170212766,0.712979890310786,0.7201506934500554,0.7087978488275846,0.2751356251014744,0.6452631578947369,0.7905242182470884,0.7553191489361702,0.19346049046321526,0.3080260303687636,0.25113871068290433,0.3863157894736842,0.0,0.20162372416288502,183.7874659400545,352.1410999364415,0.0005282003346952313,0.2978723404255319,0.14736842105263157,0.19718309859154926,0.08108248060932634,0.2,0.0,0.0382298843643052,140.0,732.4113181504487,0.0005282003346952313,56.87345830000413
0.15492957746478872,0.6285714285714286,0.267260579064588,0.2485875706214689,0.6806554247534202,0.6766699387650167,0.6786597561281892,0.6764359408127903,0.2055327202865514,0.7252066115702479,0.7152305253586342,0.5857142857142857,0.16015625,0.25153374233128833,0.20336272888225992,0.2644628099173554,37.0,0.200254683207727,155.03125,204.73928171492562,0.02338828049518337,0.4714285714285714,0.17098445595854922,0.2509505703422053,0.19010909265035028,0.1993801652892562,37.0,0.09414869334700186,165.51295336787564,350.5093785887457,0.02338828049518337,58.69913710000401
0.23293172690763053,0.6666666666666666,0.21679909194097616,0.34523809523809523,0.7249337873628452,0.7202505219206681,0.7225883604833501,0.7188301604211941,0.2943527877422579,0.7727272727272727,0.7613729030503836,0.632183908045977,0.2301255230125523,0.3374233128834356,0.2807787612318053,0.246900826446281,3.0,0.20326177853026353,222.7615062761506,270.58702525232053,0.0021938185749700804,0.4827586206896552,0.21761658031088082,0.30000000000000004,0.2228868017251969,0.1993801652892562,3.0,0.10753405753220378,210.65284974093265,390.5739350291143,0.0021938185749700804,59.21032379999815
0.1678082191780822,0.7313432835820896,0.2661555312157722,0.27298050139275765,0.7325938761831587,0.732591741327948,0.7325928087547757,0.7325909518423102,0.25669382249630557,0.7336734693877551,0.6896373889490379,0.5970149253731343,0.16194331983805668,0.25477707006369427,0.215235610258887,0.25204081632653064,16.0,0.20022484358706985,158.70445344129553,199.77540890227033,0.009835704354734595,0.3880597014925373,0.1326530612244898,0.19771863117870722,0.12736138221051616,0.2,16.0,0.11230231143552312,130.0,231.51794177386594,0.009835704354734595,57.523018299994874
0.21864951768488747,0.7391304347826086,0.27303370786516856,0.337468982630273,0.73304836345872,0.7329979007697178,0.7330231316799757,0.7329790872540944,0.29196010796898003,0.7281059063136456,0.7560500018256588,0.6304347826086957,0.2116788321167883,0.31693989071038253,0.2519042787860182,0.2790224032586558,0.0,0.20015813987966544,207.86861313868613,289.7708783408432,0.0005462290037466881,0.41304347826086957,0.19387755102040816,0.26388888888888895,0.1716994472791438,0.19959266802443992,0.0,0.09027151464235265,190.3877551020408,420.9522810218978,0.0005462290037466881,60.83566529999371
0.16778523489932887,0.704225352112676,0.27802690582959644,0.2710027100271003,0.7130992231415397,0.7129887958903501,0.7130440073782477,0.7129620210685964,0.2409375606244475,0.7206645898234684,0.7347068548703957,0.6619718309859155,0.16607773851590105,0.2655367231638418,0.2279761576014244,0.29387331256490135,6.0,0.2027162619908343,159.93286219081273,231.85115756586453,0.003976054259811955,0.39436619718309857,0.14583333333333334,0.2129277566539924,0.1376911096959971,0.19937694704049844,6.0,0.07209444650024195,140.4375,388.379429473892,0.003976054259811955,58.524689000012586
0.18566775244299674,0.7307692307692307,0.2799552071668533,0.2961038961038961,0.7254070118011887,0.7253673742021669,0.7253871927309364,0.7253546604068918,0.2635222079803328,0.7209062821833162,0.6846064691493665,0.5769230769230769,0.17928286852589642,0.2735562310030395,0.2149547980990813,0.2584963954685891,3.0,0.201269631408309,174.0836653386454,223.5806747651363,0.0023756818578572706,0.41025641025641024,0.16494845360824742,0.23529411764705882,0.15556214107105767,0.19979402677651906,3.0,0.11475776385439097,160.16494845360825,278.84823584226353,0.0023756818578572706,57.26525080000283
0.13031161473087818,0.6666666666666666,0.3373626373626374,0.21800947867298578,0.6646520146520146,0.6646459079636264,0.6646489613008071,0.6646459630484631,0.17553663425431532,0.6629213483146067,0.5984287627979559,0.5072463768115942,0.11945392491467577,0.19337016574585636,0.12504703223705396,0.2992849846782431,6.0,0.20125365020623417,116.94539249146757,173.90988915795484,0.00402280882529668,0.21739130434782608,0.07692307692307693,0.11363636363636362,0.012554069623950255,0.19918283963227784,6.0,0.0814595277811897,75.3076923076923,184.14052239894937,0.00402280882529668,59.719327899991185
0.15616438356164383,0.6867469879518072,0.33514689880304677,0.2544642857142857,0.6758000445743801,0.6756227205711182,0.6757113767559532,0.6756152798492469,0.2013861642100743,0.6666666666666666,0.5773665923989859,0.43373493975903615,0.15789473684210525,0.2315112540192926,0.14780147532297186,0.2275449101796407,2.0,0.20000488099523492,158.21052631578948,179.99560721149447,0.0017837644580759957,0.37349397590361444,0.155,0.21908127208480563,0.13074628969302723,0.1996007984031936,2.0,0.15407471583455867,155.31,201.20108501960163,0.0017837644580759957,52.09007360000396
0.14285714285714285,0.704225352112676,0.32085561497326204,0.23752969121140144,0.691684868569707,0.6914575053084336,0.6915711775954818,0.6914299366491132,0.20614218024575298,0.6809145129224652,0.6749654082275119,0.5915492957746479,0.1423728813559322,0.22950819672131148,0.18056830350283468,0.2932405566600398,0.0,0.20100596721461397,143.2271186440678,208.94902067835937,0.0005381710968783426,0.3380281690140845,0.11940298507462686,0.1764705882352941,0.09526166947633134,0.19980119284294234,0.0,0.08745970415418734,120.11940298507463,274.4120876248235,0.0005381710968783426,54.696173499993165
0.15841584158415842,0.631578947368421,0.2768729641693811,0.2532981530343008,0.67735299159952,0.674259681093394,0.6758045665009587,0.6741221775648886,0.2046463843368002,0.7161484453360081,0.5960457237844514,0.47368421052631576,0.1572052401746725,0.2360655737704918,0.16663068131214595,0.2296890672016048,5.0,0.20108089559921077,156.73362445414847,179.03242320819112,0.0035723509781869127,0.42105263157894735,0.16080402010050251,0.2327272727272727,0.1591575925778364,0.1995987963891675,5.0,0.14729347173372223,160.321608040201,217.25334886429818,0.0035723509781869127,58.911092800000915
0.20754716981132076,0.7586206896551724,0.2863636363636364,0.32592592592592595,0.736128526645768,0.7354412860640903,0.7357848261175461,0.7351716558844676,0.28763617638679523,0.717683557394002,0.7874724190394305,0.7011494252873564,0.2103448275862069,0.32360742705570295,0.27534015213631347,0.2998965873836608,0.0,0.2012962853349794,203.40344827586208,303.0358950662662,0.0005551145103157148,0.4482758620689655,0.20207253886010362,0.2785714285714286,0.19563794870656523,0.19958634953464321,0.0,0.07250911120318618,195.40414507772022,537.8634402332361,0.0005551145103157148,59.02231010000105
0.17037037037037037,0.6388888888888888,0.251685393258427,0.26900584795321636,0.693601747815231,0.6892858749943751,0.6914404440300331,0.6887551030558491,0.2267595527027128,0.7401247401247402,0.7523151017197801,0.6111111111111112,0.17254901960784313,0.2691131498470948,0.22299275204698596,0.26507276507276506,3.0,0.20275936370616635,165.9921568627451,217.0060074944981,0.0022317640557420583,0.4305555555555556,0.16145833333333334,0.23484848484848483,0.16436466691507845,0.1995841995841996,3.0,0.09002504492408132,155.32291666666666,344.3486201661159,0.0022317640557420583,57.64905540000473
0.1605351170568562,0.6075949367088608,0.27018299246501615,0.25396825396825395,0.6687059721219224,0.6631212176783422,0.6659077402330361,0.6631167983455735,0.1985286289161693,0.7202380952380952,0.5832608721146881,0.46835443037974683,0.15677966101694915,0.23492063492063495,0.16130185151099397,0.23412698412698413,2.0,0.20105449412919854,158.03389830508473,184.0297087625588,0.0017258933807127563,0.3924050632911392,0.15422885572139303,0.22142857142857142,0.14086056040801057,0.19940476190476192,2.0,0.14386531931432311,155.46268656716416,215.47931181572588,0.0017258933807127563,52.6862540999864
0.16447368421052633,0.5952380952380952,0.28896473265073946,0.2577319587628866,0.653136681293678,0.6480041472265422,0.6505653527387419,0.6483376503928815,0.18593613885300322,0.7009345794392523,0.5716048980598402,0.4523809523809524,0.14960629921259844,0.22485207100591717,0.13231940949914978,0.26375908618899274,14.0,0.20104436126807038,144.07086614173227,189.0130106625135,0.008891292668991422,0.2857142857142857,0.125,0.17391304347826086,0.06680244324794535,0.19937694704049844,14.0,0.10645451874117856,120.375,225.44839132992445,0.008891292668991422,56.57490649999818
0.10638297872340426,0.46153846153846156,0.27421109902067464,0.17291066282420747,0.5936636812588935,0.5642580190341909,0.5787741293109848,0.5727222476956628,0.1029016982591992,0.7083333333333334,0.5082975833821977,0.4,0.11403508771929824,0.17747440273037543,0.10607937049118936,0.23170731707317074,4.0,0.2003387805061984,112.21052631578947,129.78016504994932,0.0029293198228618265,0.3076923076923077,0.10204081632653061,0.15325670498084293,0.07225266859006894,0.1991869918699187,4.0,0.14216018980990006,100.40816326530611,140.68636252346363,0.0029293198228618265,60.52593030000571
0.16065573770491803,0.6125,0.27856365614798695,0.2545454545454545,0.6669681719260065,0.6625200110124297,0.66474037082861,0.6625433653589443,0.19680529652659534,0.7127127127127127,0.5823193495881468,0.425,0.14107883817427386,0.2118380062305296,0.1267236433596151,0.24124124124124124,5.0,0.20027890259414421,140.9377593360996,169.7632629278951,0.00354563775730032,0.3125,0.12562814070351758,0.17921146953405018,0.08369782525895626,0.1991991991991992,5.0,0.13445088863734495,125.50251256281406,185.94150067265545,0.00354563775730032,58.74795869999798
0.24537037037037038,0.5955056179775281,0.18480725623582767,0.34754098360655744,0.7053491808708502,0.6882433152424213,0.6967437539340272,0.6855406011540153,0.28493901257826565,0.7950566426364573,0.5825953029346607,0.4606741573033708,0.25625,0.3293172690763052,0.25336580329202363,0.164778578784758,5.0,0.20034425382982385,248.81875,204.64774614811844,0.00403055882039942,0.5280898876404494,0.2422680412371134,0.3321554770318021,0.2608158459143531,0.19979402677651906,5.0,0.3190429743530897,235.2422680412371,147.31557745567025,0.00403055882039942,56.14634269999806
0.16184971098265896,0.7,0.3258426966292135,0.26291079812206575,0.6870786516853932,0.686835650040883,0.6869571401183268,0.6868119870216952,0.21486411030777527,0.6762886597938145,0.648508322706261,0.525,0.15384615384615385,0.23796033994334279,0.16237684351332315,0.28144329896907216,8.0,0.20084143769785961,149.23076923076923,209.12019193560872,0.0053800963833103175,0.325,0.13402061855670103,0.1897810218978102,0.09369146112448268,0.2,8.0,0.09792075770842941,130.0,265.5208212074713,0.0053800963833103175,60.165849299999536
0.15034965034965034,0.581081081081081,0.2682119205298013,0.23888888888888887,0.65643458027564,0.6477845944103612,0.6520952448383527,0.6482680744213853,0.1818360395960097,0.7204081632653061,0.534619416904734,0.32432432432432434,0.11162790697674418,0.1660899653979239,0.07246941416329478,0.2193877551020408,10.0,0.20227993961241025,109.39534883720931,118.64745483900448,0.006832320690546298,0.2702702702702703,0.10204081632653061,0.14814814814814814,0.050206898462093676,0.2,10.0,0.16226391841513388,100.0,123.25599058215926,0.006832320690546298,55.780156399996486
0.19858156028368795,0.5957446808510638,0.2516703786191537,0.2978723404255319,0.6720371511159551,0.6633761105626851,0.667692587543796,0.6632802778760083,0.2234089690364455,0.7338709677419355,0.5845891654850703,0.40425531914893614,0.17272727272727273,0.24203821656050958,0.14211351823009133,0.2217741935483871,9.0,0.2015906462214995,171.34545454545454,188.50080949811115,0.005847670014883563,0.3191489361702128,0.15151515151515152,0.20547945205479454,0.09677251290123298,0.19959677419354838,9.0,0.1595455950894953,150.3030303030303,188.03402239448752,0.005847670014883563,55.32398139999714
0.16783216783216784,0.6,0.27107061503416857,0.26229508196721313,0.6644646924829157,0.6582104902296879,0.6613301981457514,0.6583281703629911,0.19885076740240454,0.7181628392484343,0.5776812445460138,0.525,0.17073170731707318,0.25766871165644173,0.1853270476162363,0.2567849686847599,6.0,0.20005788263683943,163.5609756097561,209.93924081582756,0.004165013051293013,0.4,0.16753926701570682,0.23616236162361623,0.15157820271854416,0.19937369519832984,6.0,0.10852994407395934,160.50261780104714,294.8495023474178,0.004165013051293013,60.73183640000934
0.19230769230769232,0.7317073170731707,0.28410372040586246,0.30456852791878175,0.7238017983336541,0.7237154525595973,0.723758624158974,0.7236886831303062,0.2666258923163383,0.717234262125903,0.6956064664389797,0.5609756097560976,0.1796875,0.27218934911242604,0.20466668312307024,0.26418988648090813,4.0,0.20125070505431983,174.1171875,228.57062780269058,0.0029797145049771452,0.35365853658536583,0.15025906735751296,0.21090909090909093,0.11760972907990765,0.19917440660474717,4.0,0.10603526497780612,145.60103626943004,273.49391738748324,0.0029797145049771452,57.7607105000061
0.178125,0.7125,0.2821888412017167,0.28500000000000003,0.7151555793991415,0.7151457184651739,0.7151506489151617,0.715143200801905,0.24969366364269918,0.717391304347826,0.6621440397003229,0.5375,0.17916666666666667,0.26875,0.20688305180539868,0.23715415019762845,13.0,0.20043841373937935,181.31666666666666,214.52973608098335,0.008236464395287373,0.4125,0.16336633663366337,0.23404255319148937,0.15605056362045663,0.19960474308300397,13.0,0.14012331141264636,165.32673267326732,235.50685226685056,0.008236464395287373,58.1687954999943
0.2054380664652568,0.8095238095238095,0.29751131221719457,0.327710843373494,0.7560062486533075,0.7522177491182443,0.7541096198042554,0.7502059247745065,0.30385236707002855,0.7117768595041323,0.7866160549121888,0.6666666666666666,0.19112627986348124,0.29708222811671087,0.24422017973070426,0.30268595041322316,9.0,0.20106033937241097,185.0102389078498,278.52335361015605,0.005370018773940686,0.36904761904761907,0.16062176165803108,0.223826714801444,0.13090550318484945,0.1993801652892562,9.0,0.06794361164139896,155.4818652849741,456.2607028253894,0.005370018773940686,55.53120990000025
0.14915254237288136,0.6875,0.2737186477644493,0.24512534818941506,0.7068906761177753,0.7063587716338041,0.7066246738275851,0.7062499803114912,0.22282940649145072,0.7237512742099899,0.6472228810283209,0.578125,0.16371681415929204,0.2551724137931034,0.21817805436821683,0.23037716615698267,5.0,0.20068150108117422,160.60619469026548,184.37175225749266,0.003694579291966237,0.5,0.16326530612244897,0.24615384615384614,0.1983479673510695,0.199796126401631,5.0,0.14668949454410024,160.16326530612244,218.14786464056994,0.003694579291966237,60.82066469998972
0.11949685534591195,0.5352112676056338,0.30803080308030806,0.19537275064267354,0.6135902322626628,0.6035782376485145,0.6085636458312645,0.6057212018082501,0.12578809630186571,0.6806122448979591,0.5165904447472267,0.4788732394366197,0.13026819923371646,0.2048192771084337,0.13438258596985636,0.26632653061224487,4.0,0.20047542360474344,127.66283524904216,169.5968482751994,0.0029170272351537645,0.36619718309859156,0.1326530612244898,0.19475655430711614,0.11612103551192642,0.2,4.0,0.1095362115596514,130.0,237.36442615454962,0.0029170272351537645,59.86417050000455
0.15492957746478872,0.4782608695652174,0.20594965675057209,0.23404255319148937,0.6361556064073226,0.5969659055364405,0.6162493064020688,0.6033723526136122,0.16958777971566816,0.7709437963944857,0.48041265112594855,0.2898550724637681,0.13333333333333333,0.18264840182648398,0.10047709615365502,0.15906680805938495,13.0,0.20098678461476413,125.73333333333333,99.50903010033444,0.01075385188256892,0.391304347826087,0.14361702127659576,0.21011673151750973,0.13498795047029968,0.19936373276776245,13.0,0.34249761370205556,135.4308510638298,78.8326660386246,0.01075385188256892,55.73500459999195
0.17692307692307693,0.5974025974025974,0.22291666666666668,0.27299703264094954,0.6872429653679654,0.6754985138087832,0.6813454349532267,0.6745952452283827,0.22652664967008096,0.76374156219865,0.6167496574450799,0.5194805194805194,0.18181818181818182,0.26936026936026936,0.2128978181233375,0.21215043394406943,5.0,0.20162595938599295,188.54545454545453,198.38715273475256,0.003337675845029095,0.4805194805194805,0.178743961352657,0.2605633802816901,0.19903253549504046,0.19961427193828352,5.0,0.17083566517428844,185.3574879227053,216.5824095469303,0.003337675845029095,64.8033706999995
0.1595744680851064,0.6338028169014085,0.2502639915522703,0.254957507082153,0.6917694126745692,0.6869121203977426,0.6893364882889845,0.6863661032533169,0.21829814050877616,0.7416502946954814,0.6226219988764726,0.5774647887323944,0.16141732283464566,0.2523076923076923,0.207517122643332,0.24950884086444008,21.0,0.20179189387182103,164.32283464566927,203.1796184342437,0.012800921629864456,0.43661971830985913,0.15270935960591134,0.22627737226277372,0.16255730936718954,0.1994106090373281,21.0,0.10808068733199079,155.45812807881774,286.82275034740934,0.012800921629864456,58.70531699999992
0.16195372750642673,0.7325581395348837,0.36836158192090396,0.26526315789473687,0.6820982788069899,0.6783653892457792,0.6802292734121193,0.67811849714195,0.21116425498826397,0.6405767250257467,0.6618453342514499,0.5116279069767442,0.14057507987220447,0.22055137844611528,0.12624552742402737,0.3223480947476828,8.0,0.2001086619062403,136.49840255591056,219.88053680862618,0.005158303147694184,0.29069767441860467,0.12886597938144329,0.17857142857142855,0.07087070550235153,0.19979402677651906,8.0,0.07429757839180379,125.12886597938144,336.48472185949333,0.005158303147694184,60.38454710000951
0.18250950570342206,0.6075949367088608,0.24130190796857465,0.28070175438596495,0.6831465143701431,0.674790999459302,0.6789559037293713,0.6742636461140716,0.2253686326723655,0.7463917525773196,0.5915969043766108,0.4936708860759494,0.1902439024390244,0.2746478873239437,0.2059192054266608,0.211340206185567,21.0,0.20157468359921482,184.53658536585365,193.47667724753862,0.01465062057028,0.46835443037974683,0.19072164948453607,0.271062271062271,0.1997668731794233,0.2,21.0,0.1780194991812079,185.0,207.84240024367955,0.01465062057028,59.120547700003954
0.17804154302670624,0.6976744186046512,0.3101903695408735,0.28368794326241137,0.6937420245318888,0.6937197342242578,0.6937308792885469,0.6937167793349273,0.23085873941477014,0.6905005107252298,0.6354834677761505,0.5116279069767442,0.17120622568093385,0.2565597667638484,0.175699751863354,0.26251276813074564,6.0,0.20134076920854163,167.61089494163426,218.5349751715032,0.004193448614448069,0.3488372093023256,0.15384615384615385,0.21352313167259784,0.11628407780283698,0.19918283963227784,6.0,0.11553731903950068,150.6153846153846,259.656362545018,0.004193448614448069,62.05733650000184
0.14511873350923482,0.8208955223880597,0.35294117647058826,0.2466367713004484,0.7339771729587357,0.7236842105263158,0.7288125211307637,0.7201376338723899,0.2421621756762413,0.6588832487309645,0.7609272680902229,0.6716417910447762,0.13846153846153847,0.22959183673469388,0.1963243444662634,0.3299492385786802,3.0,0.20079364734415,136.3846153846154,224.1106757868306,0.002095652417754912,0.3283582089552239,0.1116751269035533,0.16666666666666666,0.08669213886195849,0.2,3.0,0.06678633674813214,110.0,329.4086945203697,0.002095652417754912,64.42771709999943
0.171021377672209,0.9,0.39038031319910516,0.2874251497005988,0.7548098434004474,0.7268820391227031,0.74071432963107,0.7150466801970615,0.2824595975123196,0.63347022587269,0.8371760854604788,0.775,0.17079889807162535,0.2799097065462754,0.24889843595201702,0.3726899383983573,0.0,0.20123111075336692,166.35812672176309,308.10345263157893,0.0005154652448057255,0.3625,0.14948453608247422,0.2116788321167883,0.12232916172662239,0.19917864476386038,0.0,0.04691014924993751,145.5979381443299,618.2031066558295,0.0005154652448057255,54.73749119999411
0.16816816816816818,0.8115942028985508,0.30306345733041573,0.27860696517412936,0.7542653727840675,0.7499080273710543,0.7520835444409039,0.7476666851657344,0.27449602734470196,0.7049847405900305,0.776874160810498,0.7391304347826086,0.16887417218543047,0.2749326145552561,0.25722834984016024,0.3072227873855544,0.0,0.20211490449919942,166.00331125827816,252.33171262835796,0.0005295152708621405,0.463768115942029,0.16326530612244897,0.24150943396226413,0.18180912852796507,0.19938962360122076,0.0,0.06451710818870988,160.48979591836735,495.99247235944483,0.0005295152708621405,58.42942510001012
0.14423076923076922,0.6081081081081081,0.29832402234636873,0.23316062176165803,0.6548920428808697,0.651549909506957,0.6532188387331284,0.6517353899406926,0.17608667754569543,0.6945304437564499,0.5538906201252347,0.3918918918918919,0.1277533039647577,0.1926910299003322,0.10701667881702039,0.23426212590299278,7.0,0.20009284512272965,123.79295154185021,144.93271851980742,0.005021601282537038,0.3108108108108108,0.11917098445595854,0.17228464419475653,0.08037563991386502,0.19917440660474717,7.0,0.1427783902976847,115.47668393782384,161.08880308880308,0.005021601282537038,57.88260029999947
0.19035532994923857,0.9259259259259259,0.3564245810055866,0.3157894736842105,0.7847506724601697,0.7593534948717273,0.771947644426465,0.7425845280534411,0.320213161086595,0.6670081967213115,0.8816134656042924,0.8518518518518519,0.18699186991869918,0.30666666666666664,0.2939329312577142,0.3780737704918033,0.0,0.2018568853960469,182.5040650406504,341.8263383219291,0.0005141416267126854,0.4074074074074074,0.16923076923076924,0.2391304347826087,0.15620362913565275,0.19979508196721313,0.0,0.04304295801695867,165.16923076923075,766.675933075933,0.0005141416267126854,62.82156759999634
0.14521452145214522,0.5432098765432098,0.28938547486033517,0.22916666666666669,0.6269122008414374,0.6157366660799155,0.6212993066718561,0.61763814916508,0.15134168042988477,0.6967213114754098,0.5252206471061344,0.43209876543209874,0.15418502202643172,0.22727272727272727,0.14207132759532456,0.23258196721311475,3.0,0.2009521393639426,150.48458149779736,174.17082550493188,0.002468027259962556,0.35802469135802467,0.14871794871794872,0.2101449275362319,0.11904899755424848,0.19979508196721313,3.0,0.1464961389391964,145.14871794871794,197.95743567027745,0.002468027259962556,55.22006279999914
0.1505016722408027,0.5921052631578947,0.28004410143329656,0.24000000000000002,0.656030580862299,0.6498015324569065,0.6529086282037606,0.6501408747144983,0.18117009646809806,0.7100712105798576,0.5444555246076532,0.35526315789473684,0.135,0.1956521739130435,0.10915535135524562,0.2034587995930824,3.0,0.20057855439584066,132.70499999999998,134.61060222178912,0.002409214997742064,0.35526315789473684,0.1377551020408163,0.19852941176470587,0.112931124171832,0.19938962360122076,3.0,0.19227160783393926,135.41326530612244,140.4263494967978,0.002409214997742064,56.06057500001043
0.2131782945736434,0.6626506024096386,0.22681564245810057,0.3225806451612903,0.7179174799757689,0.7136629133422713,0.7157870355761196,0.7125543949559667,0.2756109869845401,0.7638036809815951,0.6581418359893867,0.5542168674698795,0.21296296296296297,0.30769230769230765,0.24472191766846174,0.22085889570552147,4.0,0.20037445413714772,208.27777777777777,229.5701824770286,0.00295558581383294,0.4939759036144578,0.21025641025641026,0.2949640287769784,0.2245356544598228,0.19938650306748465,4.0,0.1577530677232981,205.63076923076923,259.8998586316862,0.00295558581383294,55.96124089999648
0.17971014492753623,0.8732394366197183,0.3066088840736728,0.2980769230769231,0.7833152762730228,0.772992032415795,0.7781365352100001,0.7653968795802266,0.3065477386625228,0.7062374245472837,0.8060876648749244,0.704225352112676,0.18248175182481752,0.28985507246376807,0.2660090384451836,0.27565392354124746,5.0,0.20145721908993228,181.38686131386862,248.1916519341983,0.003156948913172621,0.4084507042253521,0.14646464646464646,0.21561338289962825,0.1453123511857705,0.19919517102615694,5.0,0.09335498436537927,145.58585858585857,310.6422243776269,0.003156948913172621,55.599952299991855
0.1821561338289963,0.6447368421052632,0.23630504833512353,0.28405797101449276,0.7042158968850699,0.6991922131353167,0.701699559261757,0.6982948565022418,0.2438354565781277,0.7547169811320755,0.638927870936036,0.5131578947368421,0.17567567567567569,0.26174496644295303,0.20173184189018284,0.22045680238331677,1.0,0.2000347834728813,176.90540540540542,194.96609201112878,0.0011719350913453523,0.4473684210526316,0.1691542288557214,0.24548736462093868,0.17710750133680772,0.19960278053624628,1.0,0.15896544013515865,170.33830845771143,213.8829670844925,0.0011719350913453523,59.500053799987654
0.18181818181818182,0.7142857142857143,0.24861878453038674,0.2898550724637682,0.7328334648776638,0.7323640280021539,0.7325987088390075,0.7321904099153735,0.26713656634648103,0.7487179487179487,0.7044726908048464,0.5428571428571428,0.16666666666666666,0.25503355704697983,0.2030371673215363,0.23384615384615384,10.0,0.20110951769944901,162.5,188.9517733158191,0.006292018168763584,0.45714285714285713,0.1641025641025641,0.24150943396226415,0.1787883449690276,0.2,10.0,0.13692857322565224,160.0,233.69848415250345,0.006292018168763584,56.78416209999705
0.21739130434782608,0.6896551724137931,0.2440677966101695,0.3305785123966942,0.7227936879018118,0.7212743591816932,0.7220336239137012,0.7208199493591496,0.2821012294586448,0.75,0.6402293640315707,0.5402298850574713,0.22065727699530516,0.31333333333333335,0.24337494606841498,0.2191358024691358,2.0,0.20212393307100404,214.4788732394366,232.5306028133214,0.0017504655775345342,0.4827586206896552,0.21649484536082475,0.29893238434163705,0.2221319622467286,0.19958847736625515,2.0,0.16236002942447136,210.43298969072166,258.6843581445523,0.0017504655775345342,62.87013979999756
0.1773049645390071,0.6493506493506493,0.2615558060879369,0.2785515320334262,0.6938974216313563,0.6910376114364087,0.6924660401969291,0.690672983067174,0.23109601719135564,0.7313278008298755,0.6190488432186096,0.5194805194805194,0.17937219730941703,0.26666666666666666,0.20133615592991158,0.23132780082987553,5.0,0.20032841583950642,172.91479820627802,199.67212256121516,0.003712729898271329,0.45454545454545453,0.18229166666666666,0.26022304832713755,0.18839972433698468,0.1991701244813278,5.0,0.14033743940570373,175.72916666666669,249.3988785046729,0.003712729898271329,58.30150549999962
0.13454545454545455,0.5285714285714286,0.26125137211855104,0.21449275362318843,0.6336600282264389,0.6162317334224235,0.6248851235182993,0.6188850715381191,0.1532043354056379,0.7237512742099899,0.49271600569973995,0.35714285714285715,0.1404494382022472,0.20161290322580644,0.12637214116780443,0.18144750254842,18.0,0.20072438999526268,137.78089887640448,124.54889015027037,0.013461857652788706,0.4,0.14285714285714285,0.21052631578947364,0.13879328373016242,0.199796126401631,18.0,0.2424547705998405,140.14285714285714,115.4854570637119,0.013461857652788706,60.51482510000642
0.16091954022988506,0.5384615384615384,0.2419889502762431,0.24778761061946902,0.6482362940926476,0.6296466268930703,0.638873849836648,0.6315054928936606,0.18145430790593328,0.7405900305188199,0.5301293592315657,0.4358974358974359,0.15668202764976957,0.2305084745762712,0.1522869908615653,0.22075279755849442,6.0,0.20033079366011441,154.0184331797235,169.71928967488213,0.004179543756258714,0.34615384615384615,0.1377551020408163,0.1970802919708029,0.1078403592748877,0.19938962360122076,6.0,0.15280122530669368,135.41326530612244,176.70015371805547,0.004179543756258714,58.076601400010986
0.1452513966480447,0.611764705882353,0.3426651735722284,0.23476297968397294,0.6345497661550623,0.6337316128764365,0.634140557570491,0.6338401545923549,0.15736595337754278,0.6533742331288344,0.5618153181649201,0.4470588235294118,0.12751677852348994,0.19843342036553527,0.09541876347069288,0.3047034764826176,17.0,0.20146430563941092,124.71140939597315,188.61902052274192,0.010203623292337734,0.25882352941176473,0.11282051282051282,0.15714285714285714,0.04589670150587724,0.19938650306748465,17.0,0.08164497466506683,110.33846153846154,269.4593279041468,0.010203623292337734,59.314467600008356
0.1752136752136752,0.5466666666666666,0.21758737316798196,0.2653721682847896,0.6645396467493424,0.6436318807469152,0.6540022191615025,0.6444332860958062,0.20564557998518693,0.764033264033264,0.500050670482125,0.32,0.17777777777777778,0.2285714285714286,0.15041579394405633,0.14033264033264034,4.0,0.20078335471994732,171.0222222222222,119.53182091949408,0.0038819494384604867,0.4666666666666667,0.18229166666666666,0.2621722846441948,0.19430916974757667,0.1995841995841996,4.0,0.37952394069077644,175.36458333333331,92.22079623302827,0.0038819494384604867,58.317753399998765
0.18548387096774194,0.5974025974025974,0.22799097065462753,0.28307692307692306,0.6847058133739851,0.6735742421647543,0.6791172206248223,0.6728421242899583,0.22913631392032757,0.7580477673935618,0.5861332615314516,0.4025974025974026,0.1791907514450867,0.248,0.17120899417643107,0.17964693665628245,18.0,0.20196621041022483,172.56069364161849,153.4910217755444,0.013667518098323953,0.45454545454545453,0.18229166666666666,0.26022304832713755,0.1882799432817917,0.19937694704049844,18.0,0.25193339512980645,175.546875,138.92560762723244,0.013667518098323953,58.89068730000872
