0.2826086956521739,0.8125,0.17232375979112272,0.41935483870967744,0.8200881201044387,0.8200179086658045,0.8200530136336996,0.8199281696259121,0.4111296067292808,0.8265060240963855,0.612754471240178,0.34375,0.18032786885245902,0.23655913978494625,0.16061957967386387,0.14698795180722893,10.0,0.2008878100684977,74.83606557377048,54.75693122568899,0.01974533099479116,0.59375,0.2289156626506024,0.3304347826086957,0.28453531582740765,0.2,10.0,0.45743831881359315,95.0,41.53565457585229,0.01974533099479116,49.28297850000672
0.2840909090909091,0.7575757575757576,0.16666666666666666,0.4132231404958678,0.7954545454545455,0.7936507936507938,0.7945521577046603,0.7919768148826367,0.3914541883119456,0.8272506082725061,0.572128331160979,0.2727272727272727,0.15,0.19354838709677416,0.10605809531409148,0.145985401459854,12.0,0.20432243387321314,61.650000000000006,44.04802658911508,0.024244340531482826,0.5757575757575758,0.23170731707317074,0.3304347826086957,0.27817482487345335,0.19951338199513383,12.0,0.4705442939119215,95.23170731707317,40.37877038533699,0.024244340531482826,51.815795000002254
0.175,0.6363636363636364,0.171875,0.27450980392156865,0.7322443181818181,0.7196896217264792,0.725939829712929,0.7155949889825448,0.26436152749548003,0.8177339901477833,0.4979401385439808,0.2727272727272727,0.0967741935483871,0.14285714285714285,0.07986247528273228,0.15270935960591134,24.0,0.20777787070335368,39.29032258064516,28.87699243278055,0.04900344872904591,0.6363636363636364,0.1728395061728395,0.27184466019417475,0.2616532434002381,0.19950738916256158,24.0,0.7448858409299992,70.17283950617283,18.794826308580152,0.04900344872904591,53.21487470000284
0.3698630136986301,0.7941176470588235,0.11886304909560723,0.5046728971962616,0.8376272989816081,0.8353672367645059,0.8364965045885024,0.8318988880273246,0.4859722144179001,0.8741092636579573,0.651311331091309,0.35294117647058826,0.25,0.2926829268292683,0.2228210058805556,0.11401425178147269,1.0,0.20625926632708483,105.25,58.179204327094155,0.003711115945333338,0.7941176470588235,0.32142857142857145,0.45762711864406774,0.44099235030017386,0.1995249406175772,1.0,0.7582901516374793,135.32142857142858,35.60642313723213,0.003711115945333338,51.88317929999903
0.2835820895522388,0.7037037037037037,0.12532637075718014,0.4042553191489362,0.7891886664732618,0.7799289302781521,0.7845451372802794,0.7725157209760762,0.3879788683620692,0.8634146341463415,0.5558718239191994,0.2962962962962963,0.17391304347826086,0.2191780821917808,0.15487927354962985,0.11219512195121951,12.0,0.2045629518355084,71.30434782608695,39.10776574261061,0.027993363728586115,0.7407407407407407,0.24390243902439024,0.36697247706422015,0.35893151776545273,0.2,12.0,0.7130973617500704,100.0,28.04666104908363,0.027993363728586115,51.9226181999984
0.2,0.7586206896551724,0.2268041237113402,0.3165467625899281,0.7659082829719162,0.7658389417498259,0.7658736115761128,0.7657948741007005,0.30698078533458734,0.7721822541966427,0.6022134586076325,0.2413793103448276,0.09210526315789473,0.13333333333333333,0.041870408153064545,0.18225419664268586,21.0,0.2039662786029707,38.4078947368421,34.319398519918124,0.036977050234561444,0.3448275862068966,0.12048192771084337,0.17857142857142858,0.0998217480778219,0.19904076738609114,21.0,0.25160979526294663,50.24096385542168,39.74408066883655,0.036977050234561444,53.33840139998938
0.29508196721311475,0.6206896551724138,0.11653116531165311,0.4,0.7520792449303804,0.7291252485089464,0.7405133127488556,0.7194150305325371,0.3637469823106286,0.864321608040201,0.5169840518771743,0.2413793103448276,0.17073170731707318,0.20000000000000004,0.1276047078928022,0.10301507537688442,4.0,0.20399974319465844,67.95121951219512,34.313768686073956,0.00983655598227398,0.6551724137931034,0.24050632911392406,0.35185185185185186,0.3209755465312622,0.1984924623115578,4.0,0.7134533898305084,95.72151898734177,26.63103192279139,0.00983655598227398,53.21948320000956
0.21951219512195122,0.8571428571428571,0.15920398009950248,0.3495145631067961,0.8489694385216775,0.8488907492674758,0.848930092982841,0.8487484371240599,0.3834916820949508,0.8416075650118203,0.6463999485263761,0.38095238095238093,0.13559322033898305,0.2,0.1593044563979203,0.13947990543735225,7.0,0.20416274019748432,57.35593220338983,39.184427051976726,0.013990483100757532,0.8571428571428571,0.21428571428571427,0.34285714285714286,0.3773059900452459,0.19858156028368795,7.0,0.7517378894033132,90.64285714285714,23.944516105590175,0.013990483100757532,51.231033899995964
0.3793103448275862,0.6875,0.09254498714652956,0.4888888888888889,0.7974775064267352,0.7823108693462275,0.789857785513798,0.7695430358549006,0.45747420235973907,0.8907363420427553,0.5893549100461366,0.375,0.3157894736842105,0.34285714285714286,0.28499525110001617,0.09026128266033254,6.0,0.20712876248942902,132.94736842105263,57.934976561318614,0.013520730597792604,0.71875,0.27380952380952384,0.39655172413793105,0.3726347354309775,0.1995249406175772,6.0,0.7204090581639365,115.27380952380952,31.926305949870653,0.013520730597792604,51.495414400007576
0.23809523809523808,0.6451612903225806,0.16623376623376623,0.34782608695652173,0.7394637620444071,0.7274375389496347,0.7334260011780478,0.722922235715496,0.3133086054689348,0.8197115384615384,0.4863802858477442,0.1935483870967742,0.09836065573770492,0.13043478260869565,0.037632673187031125,0.1466346153846154,25.0,0.2083461551612131,40.91803278688524,28.798227619594652,0.0480636902930215,0.6129032258064516,0.2289156626506024,0.3333333333333333,0.29351905999868166,0.19951923076923078,25.0,0.6676924128970493,95.22891566265059,28.456216714461284,0.0480636902930215,49.74716699999408
0.25263157894736843,0.8571428571428571,0.1868421052631579,0.3902439024390244,0.8351503759398496,0.8345712356515868,0.8348607555772445,0.8336898446208484,0.4009650776850609,0.8161764705882353,0.6349502844146082,0.32142857142857145,0.140625,0.1956521739130435,0.12283378290790217,0.1568627450980392,14.0,0.20572801308481276,57.375,43.74708074534161,0.02756557439481739,0.5357142857142857,0.18518518518518517,0.2752293577981651,0.22945582049219754,0.19852941176470587,14.0,0.38097590895151123,75.55555555555556,39.37256831089844,0.02756557439481739,49.17924349999521
0.3068181818181818,0.675,0.15968586387434555,0.421875,0.7576570680628272,0.7486395439232961,0.7531348099011337,0.7439486622556953,0.37155162397229474,0.8246445497630331,0.5244281125568839,0.225,0.16666666666666666,0.19148936170212766,0.0940007743186284,0.12796208530805686,11.0,0.20563044342452386,70.33333333333334,43.767838312829525,0.023053974929867375,0.625,0.2976190476190476,0.4032258064516129,0.3451987545084042,0.1990521327014218,11.0,0.5728379892306025,125.59523809523809,43.64235694908838,0.023053974929867375,48.69126300000062
0.29850746268656714,0.625,0.11959287531806616,0.40404040404040403,0.7527035623409669,0.7310373969997888,0.7417913810002167,0.721676936073524,0.3659600763381961,0.8611764705882353,0.4905146444893904,0.1875,0.13953488372093023,0.15999999999999998,0.0816828577088552,0.1011764705882353,11.0,0.2011826350970838,59.302325581395344,29.823647538489624,0.02561344784724693,0.6875,0.25882352941176473,0.3760683760683761,0.34777098281563057,0.2,11.0,0.7162410322959771,110.0,30.71591686038561,0.02561344784724693,48.96133829999599
0.26595744680851063,0.78125,0.17468354430379746,0.3968253968253968,0.8032832278481012,0.8026788792042153,0.8029809966696959,0.8020531597239593,0.38544807647828977,0.8220140515222483,0.5922568353977089,0.34375,0.18333333333333332,0.23913043478260868,0.16645378899093813,0.1405152224824356,5.0,0.20682670174284776,78.28333333333335,53.18462223352836,0.010531186970882714,0.625,0.23529411764705882,0.3418803418803419,0.3036175921742632,0.1990632318501171,5.0,0.45969089115422557,100.47058823529412,43.507496852466524,0.010531186970882714,54.06346079999639
0.2653061224489796,0.8125,0.19047619047619047,0.39999999999999997,0.8110119047619049,0.8110091743119265,0.8110105395357666,0.8110060462100415,0.39123487656228734,0.8097560975609757,0.6029095264882773,0.25,0.13114754098360656,0.17204301075268816,0.08275601220150358,0.14878048780487804,4.0,0.20212622594894064,53.77049180327869,39.5792280909697,0.009174599232703414,0.53125,0.2073170731707317,0.29824561403508776,0.24094892046890826,0.2,4.0,0.3998802126225949,85.0,42.51273122144836,0.009174599232703414,52.08070530000259
0.28378378378378377,0.8076923076923077,0.13838120104438642,0.42,0.8346555533239607,0.8337845154304278,0.8342199206921003,0.8324714870190795,0.4242050451885129,0.8581907090464548,0.634801719127199,0.3076923076923077,0.16326530612244897,0.21333333333333332,0.15075097598909368,0.1198044009779951,10.0,0.20577029776216016,66.77551020408164,38.878303073881,0.023943086544970456,0.8461538461538461,0.2716049382716049,0.411214953271028,0.42372079310810407,0.1980440097799511,10.0,0.7226928056223414,111.08641975308642,30.441703347323166,0.023943086544970456,51.775182600002154
0.2894736842105263,0.6285714285714286,0.13917525773195877,0.3963963963963964,0.7446980854197349,0.7265895382181352,0.7355880898961419,0.719528133284079,0.3511873940647705,0.8416075650118203,0.5359175824653912,0.3142857142857143,0.22448979591836735,0.26190476190476186,0.18623789975616462,0.11583924349881797,6.0,0.2038738338516215,94.95918367346938,53.9549376797699,0.014502574637172026,0.6571428571428571,0.27380952380952384,0.3865546218487395,0.3452362825668727,0.19858156028368795,6.0,0.7227721012883163,115.82142857142857,31.821925554408224,0.014502574637172026,55.93137960000604
0.34615384615384615,0.6428571428571429,0.08785529715762273,0.45,0.77750092284976,0.7541839762611277,0.7657537055356168,0.7399331108668219,0.42050768895147256,0.8939759036144578,0.574641529839564,0.32142857142857145,0.2571428571428571,0.2857142857142857,0.2294886887656352,0.08433734939759036,4.0,0.20608424112474996,106.71428571428572,43.671461490119405,0.01309695474130047,0.6785714285714286,0.2289156626506024,0.34234234234234234,0.3218179832181978,0.2,4.0,0.6241095969262207,95.0,30.443370993774497,0.01309695474130047,48.467841699995915
0.23655913978494625,0.8461538461538461,0.185378590078329,0.3697478991596639,0.8303876280377586,0.830088281533438,0.8302379412942358,0.8296564343559119,0.38464032864562003,0.8166259168704156,0.6627306813663062,0.38461538461538464,0.15151515151515152,0.21739130434782608,0.15811592965240473,0.16136919315403422,8.0,0.20401385565832234,61.96969696969697,49.01627866269911,0.014823464164291863,0.5384615384615384,0.1728395061728395,0.2616822429906542,0.22255793253791883,0.1980440097799511,8.0,0.3585865800092847,70.69135802469135,39.04217497385849,0.014823464164291863,49.92544520000229
0.2111111111111111,0.6551724137931034,0.18635170603674542,0.31932773109243695,0.734410353878179,0.7258611128227247,0.730123220240629,0.7228420824222406,0.29038356256674736,0.802439024390244,0.4768031864668767,0.1724137931034483,0.08196721311475409,0.11111111111111112,0.01832176051430758,0.14878048780487804,17.0,0.2069920113897018,33.606557377049185,24.15552158960642,0.033839220777717546,0.5172413793103449,0.18292682926829268,0.27027027027027023,0.21880958842143328,0.2,17.0,0.47107490310843947,75.0,31.8420699150408,0.033839220777717546,51.356004200002644
0.28169014084507044,0.6896551724137931,0.12944162436548223,0.4,0.7801067740241554,0.7696191170696136,0.7748452017303167,0.762230104798897,0.37879148802413365,0.8581560283687943,0.5928709576446214,0.3103448275862069,0.1956521739130435,0.24,0.17568206013618323,0.10874704491725769,7.0,0.20011592777348416,82.76086956521739,44.97393136136224,0.015779597874549522,0.7241379310344828,0.25,0.37168141592920356,0.3574135953304625,0.19858156028368795,7.0,0.6985702241270287,105.75,30.061401523723315,0.015779597874549522,50.84765729999344
0.22988505747126436,0.7692307692307693,0.17914438502673796,0.35398230088495575,0.7950431921020156,0.7942051481050317,0.7946240596239699,0.7934241682136671,0.3526194581488178,0.8175,0.5994018164112959,0.34615384615384615,0.14754098360655737,0.20689655172413793,0.14202742869407814,0.1525,16.0,0.20741711206062322,59.01639344262295,43.39082687338501,0.033018821926781704,0.6538461538461539,0.2125,0.32075471698113206,0.29915725590359604,0.2,16.0,0.43847608271672944,85.0,38.770643759337226,0.033018821926781704,48.97787750000134
0.2857142857142857,0.8125,0.1724137931034483,0.42276422764227645,0.8200431034482759,0.8199737187910645,0.8200084103858011,0.8198850838321287,0.41328522252275557,0.8264058679706602,0.6166773562751356,0.34375,0.1774193548387097,0.23404255319148934,0.1561103663792909,0.15158924205378974,11.0,0.2064492161379003,72.56451612903226,53.281868566904194,0.0222559285821596,0.59375,0.2345679012345679,0.33628318584070793,0.2892816030640422,0.1980440097799511,11.0,0.4233598335686158,95.93827160493828,44.87908037908038,0.0222559285821596,49.508600000001024
0.30434782608695654,0.8235294117647058,0.16452442159383032,0.4444444444444444,0.8295024950854377,0.8294594840944308,0.8294809893111537,0.8293978988803257,0.43430522256512766,0.83451536643026,0.632871056470818,0.35294117647058826,0.1935483870967742,0.25,0.17250440587733387,0.14657210401891252,9.0,0.2060270110062641,81.87096774193549,58.2447900466563,0.01677074670806462,0.6764705882352942,0.27380952380952384,0.38983050847457634,0.35415435985236093,0.19858156028368795,9.0,0.4682708790592608,115.82142857142857,49.11687023161928,0.01677074670806462,50.0842277000047
0.34375,0.6875,0.11023622047244094,0.4583333333333333,0.7886318897637795,0.7756630265210609,0.7821205779323268,0.7656836814218346,0.4264902282239864,0.87409200968523,0.5432671146641548,0.25,0.21621621621621623,0.2318840579710145,0.16278095776273976,0.08958837772397095,10.0,0.20439240634834693,89.29729729729729,39.140397350993375,0.03192908258984775,0.71875,0.2804878048780488,0.4035087719298246,0.3779325540397394,0.19854721549636803,10.0,0.71160028425434,115.84146341463415,32.32151603775828,0.03192908258984775,49.84505669999635
0.3611111111111111,0.7428571428571429,0.11734693877551021,0.4859813084112149,0.8127551020408164,0.8067437897946373,0.8097438676491076,0.8001341036850269,0.45828013226994213,0.8711943793911007,0.5971919747041423,0.2857142857142857,0.22727272727272727,0.2531645569620253,0.17953943995155514,0.10304449648711944,7.0,0.20038686741948974,97.04545454545455,49.90346986694495,0.015928743815851208,0.7428571428571429,0.3058823529411765,0.43333333333333335,0.40694028806934124,0.1990632318501171,7.0,0.7561166875784191,130.61176470588236,34.386226923874716,0.015928743815851208,46.30891900000279
0.3877551020408163,0.6785714285714286,0.08196721311475409,0.4935064935064935,0.7983021077283373,0.7803447011367804,0.7892723355548015,0.76544195754951,0.4645134445988398,0.9010152284263959,0.6019643822083427,0.35714285714285715,0.3448275862068966,0.3508771929824561,0.3003321014088742,0.07360406091370558,2.0,0.21088731197248523,135.86206896551724,47.41868966163652,0.010586968629780763,0.7142857142857143,0.2564102564102564,0.3773584905660377,0.3583930503496949,0.19796954314720813,2.0,0.646182127255836,101.02564102564102,30.95102627634517,0.010586968629780763,49.51371319999453
0.27906976744186046,0.7058823529411765,0.15048543689320387,0.4,0.7776984580239864,0.7710666421883606,0.7743754507108428,0.7663859411033263,0.3735863970850525,0.8385650224215246,0.5437282258926345,0.2647058823529412,0.15789473684210525,0.1978021978021978,0.11779505360423209,0.12780269058295965,14.0,0.2037408884610095,70.42105263157895,44.173754556500604,0.026113351584678493,0.7058823529411765,0.2696629213483146,0.39024390243902435,0.36394095458641096,0.19955156950672645,14.0,0.7676935772245909,120.26966292134831,31.262473351367813,0.026113351584678493,52.357876699999906
0.3,0.75,0.14933333333333335,0.4285714285714285,0.8003333333333333,0.797167846730529,0.7987490219086343,0.7940868575777101,0.40682280052814357,0.8427518427518428,0.5990526060809065,0.375,0.22641509433962265,0.28235294117647064,0.21246535529438568,0.13022113022113022,7.0,0.20189873417721518,92.15094339622642,59.43573667711599,0.0147939299838034,0.75,0.2962962962962963,0.4247787610619469,0.40312571061570646,0.19901719901719903,7.0,0.7799902629016553,120.59259259259258,30.769614880469383,0.0147939299838034,49.426327799999854
0.3333333333333333,0.7714285714285715,0.1487603305785124,0.4655172413793103,0.8113341204250295,0.8093713620488941,0.8103521469862023,0.8071599964828201,0.43799777999171785,0.8442211055276382,0.6140158475486648,0.4,0.2641509433962264,0.3181818181818182,0.24386964387297894,0.13316582914572864,6.0,0.20203642661601207,105.13207547169812,69.29443484272382,0.014115496191499988,0.7142857142857143,0.31645569620253167,0.43859649122807015,0.40154160502555053,0.1984924623115578,6.0,0.6857785351136935,125.9493670886076,36.45491761543005,0.014115496191499988,50.17503349999606
0.27941176470588236,0.6785714285714286,0.12564102564102564,0.39583333333333337,0.7764652014652015,0.7641231277273263,0.7702694452690034,0.7559692705264959,0.37453577837270896,0.861244019138756,0.5645418510933471,0.2857142857142857,0.1702127659574468,0.2133333333333333,0.1469673108507895,0.11244019138755981,24.0,0.20628863378327236,71.14893617021276,38.78061458492585,0.061118826215049646,0.7142857142857143,0.24096385542168675,0.36036036036036034,0.34639886648451856,0.19856459330143542,24.0,0.6538886085530465,100.72289156626506,30.5862493066776,0.061118826215049646,49.63327859999845
0.2621359223300971,0.8709677419354839,0.1958762886597938,0.40298507462686567,0.8375457266378451,0.8362120309708159,0.8368786131230503,0.8341433690195614,0.4103903743117267,0.8090692124105012,0.6861878789725468,0.3870967741935484,0.16666666666666666,0.23300970873786409,0.16129075385042813,0.1718377088305489,12.0,0.20363928655570493,69.83333333333334,58.92772560228664,0.0219158317038923,0.5161290322580645,0.1927710843373494,0.28070175438596495,0.22555361933750043,0.19809069212410502,12.0,0.29510650387349807,80.7710843373494,54.2177139100216,0.0219158317038923,49.88328670000192
0.18699186991869918,0.92,0.25906735751295334,0.3108108108108108,0.8304663212435233,0.8208135762415772,0.8256258420665398,0.808276376352907,0.3449626366603908,0.7518248175182481,0.6232634252271346,0.28,0.09090909090909091,0.13725490196078433,0.06043029241049898,0.1873479318734793,23.0,0.20004260758415,37.36363636363637,34.99254526091587,0.043161715997126315,0.28,0.08536585365853659,0.13084112149532712,0.0512550873175355,0.19951338199513383,23.0,0.2284192586280358,35.08536585365854,30.64540197724305,0.043161715997126315,51.05014479999954
0.35135135135135137,0.7027027027027027,0.12151898734177215,0.46846846846846846,0.7905918576804652,0.7808213250248822,0.7856914037126433,0.7728958969273703,0.43167358453211824,0.8634259259259259,0.5482938624866095,0.32432432432432434,0.25,0.2823529411764706,0.20764139855392855,0.1111111111111111,7.0,0.20758559246531755,108.0,57.807480073574496,0.01618302150948199,0.7567567567567568,0.32558139534883723,0.45528455284552855,0.4274506136425766,0.19907407407407407,7.0,0.7809214712994782,140.65116279069767,35.855077660250664,0.01618302150948199,48.79692189999332
0.38461538461538464,0.4838709677419355,0.06153846153846154,0.4285714285714286,0.711166253101737,0.6385205861828332,0.6738651888946113,0.632456696300853,0.3804553320397407,0.9049881235154394,0.5041153563882439,0.1935483870967742,0.24,0.21428571428571427,0.16004989676559972,0.05938242280285035,9.0,0.20110703679433375,101.04,29.83485856905158,0.034993197469957577,0.5483870967741935,0.20238095238095238,0.2956521739130435,0.24611036607770492,0.1995249406175772,9.0,0.5861020871965757,85.20238095238095,29.00518590765278,0.034993197469957577,49.2647108000092
0.24285714285714285,0.9444444444444444,0.13659793814432988,0.38636363636363635,0.9039232531500573,0.9021067638206874,0.9030145517329531,0.895727720705912,0.4402124365677286,0.8669950738916257,0.7098295597979368,0.2777777777777778,0.10204081632653061,0.1492537313432836,0.10386222561284715,0.1206896551724138,19.0,0.20739324912806165,41.42857142857142,24.108788598574822,0.04439447810711794,0.9444444444444444,0.20987654320987653,0.3434343434343434,0.4014965439453816,0.19950738916256158,19.0,0.7435220398431496,85.20987654320987,22.864150743381128,0.04439447810711794,51.981311199997435
0.2753623188405797,0.7037037037037037,0.1272264631043257,0.3958333333333333,0.788238620299689,0.779172644667623,0.7836925228736504,0.771988960669731,0.3815770267238845,0.861904761904762,0.5884638055751659,0.3333333333333333,0.20930232558139536,0.2571428571428572,0.19968821656199007,0.10238095238095238,4.0,0.2083676908184849,87.90697674418605,43.192876806607025,0.009008703327170325,0.7407407407407407,0.23809523809523808,0.36036036036036034,0.3543355340903098,0.2,4.0,0.6986878428279497,100.0,28.625086589527154,0.009008703327170325,51.435741300010704
0.24096385542168675,0.7407407407407407,0.1675531914893617,0.36363636363636365,0.7865937746256895,0.7839208565525014,0.7852561783032564,0.7817233000410597,0.35437128002625484,0.826302729528536,0.6025814714144886,0.25925925925925924,0.125,0.1686746987951807,0.0931976777796647,0.13895781637717122,15.0,0.20375317104312618,50.375,34.355293535620056,0.032064882732529235,0.7407407407407407,0.25,0.37383177570093457,0.3642754911634782,0.19851116625310175,15.0,0.5504258857920468,100.75,36.33550041205018,0.032064882732529235,49.568221900000935
0.3150684931506849,0.71875,0.13227513227513227,0.4380952380952381,0.7932374338624338,0.7862428348097967,0.7897323905458409,0.7802293546462543,0.4112386403116851,0.8560975609756097,0.5750199730616035,0.28125,0.1875,0.225,0.14857642556453912,0.11707317073170732,2.0,0.2032411791186104,76.875,44.28236462231727,0.005350531431766873,0.75,0.2926829268292683,0.4210526315789473,0.40006613209931935,0.2,2.0,0.7654957234442185,120.0,31.35223263170702,0.005350531431766873,50.158199800003786
0.3118279569892473,0.8787878787878788,0.17066666666666666,0.4603174603174603,0.8540606060606061,0.8533446872930267,0.8537025716302375,0.8519805934347575,0.46023904167779117,0.8333333333333334,0.681416989983584,0.3333333333333333,0.1774193548387097,0.23157894736842108,0.14987843915142954,0.15196078431372548,13.0,0.20705058897171796,72.38709677419355,53.12711282121754,0.02699439759970454,0.6060606060606061,0.24691358024691357,0.3508771929824561,0.3030721086495525,0.19852941176470587,13.0,0.3945683719342173,100.74074074074075,50.688299981972236,0.02699439759970454,50.64475140000286
0.27692307692307694,0.72,0.1211340206185567,0.4,0.7994329896907216,0.7915403958991553,0.7954769042245281,0.7842762751211437,0.3921653413003099,0.8692493946731235,0.582836863838849,0.32,0.17391304347826086,0.22535211267605634,0.168324713468938,0.11138014527845036,5.0,0.20054557277211235,71.82608695652173,39.891182285488334,0.011125753041687633,0.72,0.21951219512195122,0.33644859813084116,0.33181671616794667,0.19854721549636803,5.0,0.7206794284173632,90.65853658536585,24.976430976430976,0.011125753041687633,53.79749300000549
0.2727272727272727,0.8,0.17486338797814208,0.4067796610169491,0.812568306010929,0.812373907195696,0.8124711007891212,0.8121473922789542,0.397886689058846,0.8232323232323232,0.6326445971355035,0.4,0.2,0.26666666666666666,0.1984129065832892,0.15151515151515152,7.0,0.2034722014534797,79.2,58.97611523480561,0.014594535237834577,0.6,0.22784810126582278,0.33027522935779813,0.28693273031536654,0.1994949494949495,7.0,0.4150043365134432,90.22784810126582,43.373040752351095,0.014594535237834577,51.236745700007305
0.4318181818181818,0.5588235294117647,0.06510416666666667,0.48717948717948717,0.7468596813725491,0.6995179981540355,0.7228013483770532,0.6846626958968753,0.4397674599482054,0.9043062200956937,0.5506748972714557,0.3235294117647059,0.4074074074074074,0.36065573770491804,0.31345304073939345,0.0645933014354067,9.0,0.20285105392288544,170.29629629629628,54.22697978281981,0.035878698078575355,0.6176470588235294,0.25301204819277107,0.3589743589743589,0.3125994205607644,0.19856459330143542,9.0,0.5741506832142409,105.7590361445783,36.575764192139744,0.035878698078575355,47.85126720000699
0.3793103448275862,0.5789473684210527,0.09836065573770492,0.45833333333333337,0.7402933563416738,0.7051282051282052,0.7224968689382254,0.694254896068058,0.4000848018773243,0.8712871287128713,0.49593118759035804,0.2631578947368421,0.29411764705882354,0.27777777777777773,0.20775145153307378,0.08415841584158416,8.0,0.20356965438932653,118.8235294117647,49.123235140317234,0.02372643587543766,0.631578947368421,0.3,0.4067796610169491,0.35056089878056734,0.19801980198019803,8.0,0.6980874316939891,121.19999999999999,34.37964774951076,0.02372643587543766,51.296149699992384
0.2761904761904762,0.8529411764705882,0.19895287958115182,0.4172661870503597,0.8269941484447183,0.8261800577227446,0.8265870028608177,0.8250592302070684,0.4124452179870906,0.8052884615384616,0.6828422476570877,0.4411764705882353,0.19480519480519481,0.2702702702702703,0.19671256182086236,0.18509615384615385,24.0,0.20606220967836772,81.03896103896103,72.79355114852333,0.04275607951024692,0.47058823529411764,0.1927710843373494,0.2735042735042735,0.202357733108005,0.19951923076923078,24.0,0.2511465866995943,80.19277108433734,63.707813871817386,0.04275607951024692,50.54066320000857
0.4032258064516129,0.7352941176470589,0.09840425531914894,0.5208333333333333,0.818444931163955,0.8099971327535123,0.8142100758154798,0.8003094874347239,0.4902439584687046,0.8878048780487805,0.5815807084729281,0.35294117647058826,0.2926829268292683,0.32,0.25353844100100564,0.1,3.0,0.20250385917208366,120.0,59.25812993915659,0.008191980037657368,0.7647058823529411,0.3170731707317073,0.4482758620689655,0.424529482606335,0.2,3.0,0.748736032629477,130.0,34.72518867389208,0.008191980037657368,48.7974019000103
0.3176470588235294,0.8181818181818182,0.14795918367346939,0.4576271186440678,0.8351113172541745,0.8347681199666759,0.8349397009767601,0.8342445004336374,0.44840471713899777,0.8494117647058823,0.6231323694045023,0.30303030303030304,0.19230769230769232,0.23529411764705882,0.15997441082861424,0.1223529411764706,16.0,0.20202538642240953,81.73076923076923,49.49872972444792,0.03485480782517717,0.8181818181818182,0.3176470588235294,0.4576271186440678,0.44840471713899777,0.2,16.0,0.7029038434964565,135.0,38.41208189400961,0.03485480782517717,50.22186639999563
0.3373493975903614,0.8,0.14435695538057744,0.4745762711864407,0.8278215223097113,0.8268864933417882,0.8273538757360952,0.8255882306626786,0.45541025451063527,0.8509615384615384,0.6651925178161175,0.34285714285714286,0.21818181818181817,0.26666666666666666,0.18848739846440118,0.13221153846153846,5.0,0.20161609498680738,90.76363636363637,59.51905774578767,0.011284757458899938,0.8,0.3373493975903614,0.4745762711864407,0.45541025451063527,0.19951923076923078,5.0,0.7636213720316622,140.33734939759034,36.66738651578629,0.011284757458899938,50.62237890000688
0.20161290322580644,0.9259259259259259,0.26052631578947366,0.33112582781456956,0.8326998050682262,0.8222625387721658,0.8274647157132969,0.8084785525472826,0.3597925464235135,0.7518427518427518,0.6976529145851673,0.4444444444444444,0.14814814814814814,0.2222222222222222,0.16385358828794636,0.19901719901719903,11.0,0.20134156501676956,60.29629629629629,59.60021220159151,0.01995446480717037,0.4444444444444444,0.14814814814814814,0.2222222222222222,0.16385358828794636,0.19901719901719903,11.0,0.20134156501676956,60.29629629629629,59.60021220159151,0.01995446480717037,48.4424277000071
0.22641509433962265,0.8888888888888888,0.22465753424657534,0.3609022556390977,0.8321156773211568,0.8282421803548564,0.8301766696865993,0.8227760079643605,0.378714329096078,0.7831632653061225,0.7086885243460624,0.37037037037037035,0.12987012987012986,0.19230769230769232,0.11907616377272306,0.19642857142857142,23.0,0.20377799483708922,50.909090909090914,49.073012068817945,0.043929415064707246,0.37037037037037035,0.1282051282051282,0.19047619047619047,0.11676074114567303,0.1989795918367347,23.0,0.2101967487615991,50.256410256410255,47.574475147290684,0.043929415064707246,50.12147769999865
0.2717391304347826,0.7575757575757576,0.1871508379888268,0.4,0.7852124597934654,0.7842397455937046,0.7847259519765064,0.7834417520909351,0.37382424536210074,0.8081841432225064,0.5956480069701588,0.30303030303030304,0.16393442622950818,0.21276595744680848,0.12301185288725434,0.15601023017902813,12.0,0.20517595797389182,64.09836065573771,48.73865387908888,0.02542633197611257,0.5454545454545454,0.23076923076923078,0.3243243243243243,0.2628489415654694,0.19948849104859334,12.0,0.36226434984275346,90.23076923076924,49.68747271933654,0.02542633197611257,49.646423900005175
0.2222222222222222,0.5714285714285714,0.14545454545454545,0.32,0.712987012987013,0.6848816029143897,0.6987930225121658,0.6799761773077326,0.28225982065611704,0.8353510895883777,0.4656267231465513,0.21428571428571427,0.1276595744680851,0.16,0.08533108660411262,0.11380145278450363,17.0,0.20502418992834462,52.72340425531915,29.26483944210185,0.04147621783627961,0.5714285714285714,0.1951219512195122,0.29090909090909095,0.2520858383840448,0.19854721549636803,17.0,0.7110342649088098,80.58536585365854,22.502431724653945,0.04147621783627961,53.1219870000059
0.4716981132075472,0.7352941176470589,0.07387862796833773,0.5747126436781609,0.8307077448393605,0.8197487038161521,0.8252100321021943,0.8056713404786453,0.543555932067465,0.910411622276029,0.6519064462864931,0.47058823529411764,0.5161290322580645,0.4923076923076923,0.4496082623185786,0.07506053268765134,1.0,0.2071592299605329,213.16129032258064,77.23527454242928,0.004325724719916737,0.7647058823529411,0.3170731707317073,0.4482758620689655,0.4250961210209301,0.19854721549636803,1.0,0.6787308481119556,130.95121951219514,38.306789904017066,0.004325724719916737,48.79275140000391
0.359375,0.7666666666666667,0.10732984293193717,0.4893617021276596,0.8296684118673647,0.8248843079511992,0.827272901618433,0.8183903366719729,0.4729552290789956,0.883495145631068,0.6628256953569176,0.43333333333333335,0.30952380952380953,0.3611111111111111,0.30693197358077456,0.10194174757281553,10.0,0.2079055194022656,127.52380952380953,62.5284025040575,0.025649667210331024,0.8,0.2926829268292683,0.4285714285714285,0.4218088525838279,0.19902912621359223,10.0,0.7231782758897727,120.58536585365854,33.18683760303953,0.025649667210331024,51.9959022999974
0.27835051546391754,0.84375,0.1881720430107527,0.4186046511627907,0.8277889784946235,0.8274812258981125,0.827635087891806,0.827050903051157,0.4144916124983246,0.8143564356435643,0.667728599534507,0.375,0.1935483870967742,0.25531914893617014,0.18026759169153034,0.15346534653465346,13.0,0.2015845532294454,78.19354838709677,59.52837064029151,0.028292680519429247,0.625,0.25,0.35714285714285715,0.31424987964647744,0.19801980198019803,13.0,0.3557374468754919,101.0,56.22123893805309,0.028292680519429247,47.94530510000186
0.2698412698412698,0.7727272727272727,0.11246943765281174,0.39999999999999997,0.8301289175372305,0.8261597161791284,0.8281419388635293,0.8206926284728885,0.4113318832048471,0.8816705336426914,0.6415325051879219,0.45454545454545453,0.23809523809523808,0.31249999999999994,0.27926371655915055,0.09744779582366589,5.0,0.20959830685409486,102.61904761904762,47.710309067339836,0.01101466887246159,0.8181818181818182,0.20930232558139536,0.33333333333333337,0.3590130960879486,0.19953596287703015,5.0,0.7370332766091321,90.2093023255814,24.422235157159488,0.01101466887246159,54.75637999999162
0.2604166666666667,0.8333333333333334,0.18441558441558442,0.3968253968253969,0.8244588744588746,0.8243633499606196,0.8244111108261943,0.8242346940475463,0.3985196011776709,0.8168674698795181,0.6549208778442497,0.36666666666666664,0.171875,0.23404255319148934,0.164206800462222,0.15421686746987953,12.0,0.2037550942737984,71.328125,53.98638026305549,0.022893744305332208,0.6333333333333333,0.2289156626506024,0.336283185840708,0.30240736837950305,0.2,12.0,0.373780942262254,95.0,50.83191209537143,0.022893744305332208,53.315541699994355
0.19047619047619047,0.8571428571428571,0.2537313432835821,0.31168831168831174,0.8017057569296374,0.7978723404255318,0.7997867519620917,0.7941022610252881,0.32710227951976556,0.7534883720930232,0.671761193948305,0.35714285714285715,0.11363636363636363,0.17241379310344826,0.09975306428976795,0.20465116279069767,23.0,0.204935494316342,48.86363636363637,48.795841995842,0.03887379508868219,0.35714285714285715,0.11627906976744186,0.1754385964912281,0.10368134989951903,0.2,23.0,0.19496565945770916,50.0,51.29108391608391,0.03887379508868219,51.69084049999947
0.1935483870967742,0.6,0.19329896907216496,0.2926829268292683,0.7033505154639176,0.6881641626969586,0.6957159036249646,0.6858626960671801,0.2523879456650706,0.7918660287081339,0.48541333730557945,0.23333333333333334,0.1076923076923077,0.1473684210526316,0.059721306011077044,0.15550239234449761,13.0,0.20633395723253772,45.01538461538461,33.92558400899093,0.025815034874504643,0.4,0.14457831325301204,0.21238938053097345,0.1404091487406252,0.19856459330143542,13.0,0.390058469845792,60.433734939759034,30.764618455136098,0.025815034874504643,49.40210900000238
0.23655913978494625,0.8461538461538461,0.17929292929292928,0.3697478991596639,0.8334304584304585,0.8332362195548304,0.8333333333333334,0.8329452282218587,0.3868388725772427,0.8222748815165877,0.5975845452124696,0.23076923076923078,0.10344827586206896,0.14285714285714288,0.06945459785690009,0.13744075829383887,16.0,0.20157475049733362,43.6551724137931,29.765632774921215,0.03368302832026693,0.6538461538461539,0.20238095238095238,0.3090909090909091,0.2918557711797309,0.1990521327014218,16.0,0.4881392199802738,85.4047619047619,34.8261301369863,0.03368302832026693,48.7555629999988
0.36666666666666664,0.6875,0.10052910052910052,0.47826086956521735,0.7934854497354498,0.7793290268806002,0.7863753832529624,0.767876810665985,0.44547959101578355,0.8829268292682927,0.5339627898296926,0.25,0.20512820512820512,0.22535211267605634,0.15359729104039896,0.0951219512195122,5.0,0.20151217958389914,84.1025641025641,39.699833610648916,0.012849437502070037,0.71875,0.2804878048780488,0.4035087719298246,0.3773351018664035,0.2,5.0,0.7428959412563496,115.0,30.959921467740845,0.012849437502070037,52.6166998000117
0.24691358024691357,0.7407407407407407,0.15721649484536082,0.37037037037037035,0.7917621229476899,0.7884742901922962,0.790116496405641,0.7856027171777576,0.3631122562668919,0.8361445783132531,0.5511921766537276,0.2222222222222222,0.12244897959183673,0.15789473684210525,0.08514017303010324,0.1180722891566265,13.0,0.20062426346466222,50.816326530612244,29.906651849499923,0.033007546956945855,0.7407407407407407,0.24096385542168675,0.36363636363636365,0.35661131557100073,0.2,13.0,0.765296047393063,100.0,26.133677376394207,0.033007546956945855,49.47583750000922
0.35294117647058826,0.6486486486486487,0.11369509043927649,0.4571428571428572,0.767476779104686,0.749078665999363,0.7582219212586946,0.7388732628718231,0.4114271712535467,0.8655660377358491,0.5667661663510082,0.40540540540540543,0.32608695652173914,0.3614457831325302,0.2952013395641857,0.10849056603773585,4.0,0.2074428336571514,138.26086956521738,72.30907780979827,0.008864936079365206,0.7027027027027027,0.30952380952380953,0.42975206611570244,0.3914446298465955,0.19811320754716982,4.0,0.7403432018586704,131.23809523809524,35.1188474949532,0.008864936079365206,51.80160329998762
0.21505376344086022,0.8,0.18814432989690721,0.3389830508474576,0.8059278350515464,0.8058842340901823,0.805906034276003,0.8058373248119554,0.3493159310608932,0.8111380145278451,0.6062980784660915,0.36,0.14285714285714285,0.2045454545454545,0.14646346435801857,0.15254237288135594,9.0,0.20495407548258943,58.99999999999999,43.91227634194831,0.018532574439656675,0.52,0.15853658536585366,0.24299065420560748,0.20455046080264022,0.19854721549636803,9.0,0.41272643927946895,65.47560975609757,31.497860962566843,0.018532574439656675,50.36252209999657
0.4,0.7692307692307693,0.07792207792207792,0.5263157894736842,0.8456543456543456,0.8387477849970468,0.8421939855465066,0.8277700837579068,0.5148141231328757,0.9124087591240876,0.6421157992572044,0.46153846153846156,0.4,0.42857142857142855,0.3881657306514345,0.072992700729927,6.0,0.20948071745969965,164.4,57.28450878687002,0.020281570331501117,0.7692307692307693,0.24390243902439024,0.37037037037037035,0.3704697308745271,0.19951338199513383,6.0,0.6834030683403068,100.24390243902438,29.26530612244898,0.020281570331501117,48.99543310000445
0.3291139240506329,0.7428571428571429,0.13486005089058525,0.45614035087719296,0.8039985459832788,0.7993489465593634,0.8016703753831707,0.7946835584934768,0.42944301210544555,0.8551401869158879,0.5947874144191319,0.3142857142857143,0.22448979591836735,0.26190476190476186,0.18726593118894028,0.11448598130841121,10.0,0.20684539263830987,96.08163265306122,53.17981638215464,0.022189814203061764,0.7428571428571429,0.3058823529411765,0.43333333333333335,0.4071276721904743,0.1985981308411215,10.0,0.7452487278014331,130.91764705882352,34.88768115942029,0.022189814203061764,50.03010899999936
0.3466666666666667,0.6046511627906976,0.129973474801061,0.4406779661016949,0.7373388439948183,0.7134610558018908,0.7253016959309337,0.7057264816241449,0.37571933244916805,0.8428571428571429,0.5064158295785306,0.3023255813953488,0.25,0.2736842105263158,0.18304781496284556,0.12380952380952381,9.0,0.20086123582447427,105.0,64.72129849564529,0.016877664783295845,0.6046511627906976,0.30952380952380953,0.4094488188976378,0.34165230419075926,0.2,9.0,0.7619857357816572,130.0,34.121373641369786,0.016877664783295845,50.10328959999606
0.25,0.7878787878787878,0.20155038759689922,0.3795620437956204,0.7931642001409444,0.7931289797127201,0.7931465897313327,0.793096680340512,0.36550487373283497,0.7976190476190477,0.6097996527184026,0.2727272727272727,0.13636363636363635,0.1818181818181818,0.09274200068480454,0.15714285714285714,8.0,0.2008977338179507,57.27272727272727,44.798912506178944,0.0146369058259066,0.48484848484848486,0.19047619047619047,0.2735042735042735,0.20794831700407704,0.2,8.0,0.34765337941170626,80.0,46.02285191956125,0.0146369058259066,49.1952248000016
0.35714285714285715,0.8108108108108109,0.13881748071979436,0.4958677685950414,0.8359966650455083,0.835237897361313,0.8356171950801876,0.8340740492577288,0.4756504687723343,0.8568075117370892,0.658054531379981,0.35135135135135137,0.22413793103448276,0.27368421052631575,0.19352731656890954,0.13615023474178403,11.0,0.20682281059063137,95.48275862068967,62.85573609059576,0.021806842412246733,0.8108108108108109,0.35294117647058826,0.4918032786885247,0.4717255548142952,0.19953051643192488,11.0,0.746418873048201,150.35294117647058,40.19190977511994,0.021806842412246733,49.11893880000571
0.2857142857142857,0.6875,0.14138817480719795,0.4036697247706422,0.773055912596401,0.7635872389067858,0.7683069893083437,0.7574645737471424,0.374374954156233,0.8456057007125891,0.530619919622179,0.25,0.16666666666666666,0.2,0.12271584576665948,0.11401425178147269,3.0,0.20071051368218915,70.16666666666666,39.8584003061615,0.008792840583709546,0.6875,0.2619047619047619,0.37931034482758624,0.3502073982449244,0.1995249406175772,3.0,0.7074027844455113,110.26190476190476,31.099679678592757,0.008792840583709546,50.42434699999285
0.26,0.7222222222222222,0.19072164948453607,0.3823529411764706,0.7657502863688431,0.7632759910246821,0.7645121377098031,0.7617404341802173,0.3489782374977772,0.8018867924528302,0.5799873299071786,0.3055555555555556,0.16417910447761194,0.21359223300970875,0.12320540582872822,0.1580188679245283,18.0,0.20508761854067153,69.61194029850746,53.63561232156273,0.034109144107344905,0.5,0.21428571428571427,0.3,0.23070991314090705,0.19811320754716982,18.0,0.3543262967684097,90.85714285714285,50.800632536074325,0.034109144107344905,48.82172530000389
0.20212765957446807,0.6333333333333333,0.18796992481203006,0.3064516129032258,0.7226817042606516,0.7116351655973643,0.7171371656006361,0.7086435713097403,0.2745840314164206,0.7995337995337995,0.4982286941541316,0.26666666666666666,0.13793103448275862,0.18181818181818182,0.10542711734140685,0.1351981351981352,6.0,0.20003180408682517,59.172413793103445,39.99364019397408,0.013215357963708126,0.4666666666666667,0.16470588235294117,0.24347826086956523,0.18473023149041962,0.19813519813519814,6.0,0.4751371551244335,70.65882352941176,29.465176210716557,0.013215357963708126,51.91328149999026
0.22857142857142856,0.64,0.13953488372093023,0.33684210526315794,0.7502325581395349,0.7340359578425294,0.7420900716345723,0.7269890260676198,0.3181538809116592,0.8470873786407767,0.48416000790218816,0.12,0.07317073170731707,0.0909090909090909,0.01739314370899215,0.09951456310679611,19.0,0.20407911255633993,30.146341463414636,14.70018152480839,0.05914599313001244,0.72,0.21951219512195122,0.33644859813084116,0.3316357075808498,0.19902912621359223,19.0,0.7200600959064809,90.4390243902439,24.99791351073256,0.05914599313001244,47.39654000000155
0.2708333333333333,0.8387096774193549,0.18518518518518517,0.40944881889763773,0.8267622461170849,0.8265895953757225,0.826675916239154,0.8263507544355002,0.40811337673789444,0.8166259168704156,0.661362166178473,0.3548387096774194,0.16417910447761194,0.22448979591836735,0.14780765864784354,0.16381418092909536,14.0,0.2037670265076584,67.14925373134328,53.98321891685736,0.026172427812195424,0.5806451612903226,0.2222222222222222,0.3214285714285714,0.27493187663373336,0.1980440097799511,14.0,0.3307805346747301,90.88888888888889,54.416744980777445,0.026172427812195424,48.62226699999883
0.4,0.5882352941176471,0.0797872340425532,0.4761904761904762,0.7542240300375471,0.7176934246007052,0.7357320348019326,0.703422711821571,0.42849299167665056,0.8926829268292683,0.5080216399004195,0.29411764705882354,0.3225806451612903,0.3076923076923077,0.2485398695842816,0.07560975609756097,5.0,0.20078477535805375,132.25806451612902,49.80457299198749,0.016243892868593193,0.5882352941176471,0.24390243902439024,0.3448275862068965,0.29186401929185535,0.2,5.0,0.7443463475246878,100.0,26.869212251137782,0.016243892868593193,51.465898099995684
0.27710843373493976,0.7419354838709677,0.15625,0.40350877192982454,0.7928427419354839,0.789574062301335,0.7912067141500564,0.7866793997466355,0.3849486769310524,0.8361445783132531,0.5959129041188438,0.3548387096774194,0.2,0.25581395348837205,0.1862889002619652,0.13253012048192772,10.0,0.2036751890894939,83.0,54.00756002326161,0.020943497504799482,0.7419354838709677,0.27710843373493976,0.40350877192982454,0.3849486769310524,0.2,10.0,0.7456809759894415,115.0,30.844289636706073,0.020943497504799482,48.813426299995626
0.2903225806451613,0.6206896551724138,0.12054794520547946,0.3956043956043956,0.7500708549834672,0.7277536368788967,0.7388279858201648,0.7185678191939614,0.3586522991086149,0.8604060913705583,0.516596657000816,0.3103448275862069,0.21951219512195122,0.2571428571428571,0.19042978202333177,0.10406091370558376,5.0,0.2002388294334603,86.48780487804878,44.94632747037065,0.012232086104433054,0.6206896551724138,0.23076923076923078,0.33644859813084116,0.2990273120016094,0.19796954314720813,5.0,0.7322691819336115,90.92307692307692,24.581124597473373,0.012232086104433054,49.96315450000111
0.2403846153846154,0.78125,0.19554455445544555,0.36764705882352944,0.7928527227722773,0.7926829268292683,0.792767820254886,0.7925280316799657,0.3583927553043754,0.8027522935779816,0.6072571026601101,0.3125,0.13157894736842105,0.18518518518518517,0.1025140310911233,0.1743119266055046,21.0,0.2038327802740422,57.368421052631575,49.05982240224334,0.0368674188622618,0.46875,0.1724137931034483,0.25210084033613445,0.18957784059684402,0.19954128440366972,21.0,0.28660114634107614,75.17241379310344,52.33754362639189,0.0368674188622618,51.09896509999817
0.4642857142857143,0.5909090909090909,0.03787878787878788,0.52,0.7765151515151515,0.7321507760532151,0.7540067445314386,0.709491674411909,0.49396541528919974,0.9425837320574163,0.5829704899881423,0.36363636363636365,0.42105263157894735,0.3902439024390244,0.3600411499115478,0.045454545454545456,2.0,0.21686472464682582,176.0,36.88935585549179,0.010888618404489795,0.6818181818181818,0.18072289156626506,0.2857142857142857,0.2855312635414721,0.19856459330143542,2.0,0.5879692922494479,75.54216867469879,25.511536397782148,0.010888618404489795,50.213953099999344
0.24778761061946902,0.8484848484848485,0.22251308900523561,0.3835616438356164,0.8129858797398065,0.8114358198760794,0.8122104800323285,0.8096464921293658,0.38045272471676,0.7831325301204819,0.5893176156191722,0.18181818181818182,0.08571428571428572,0.11650485436893204,0.010316331430306898,0.1686746987951807,10.0,0.20213263024396755,35.57142857142858,29.6834805580781,0.01915195407669459,0.36363636363636365,0.14457831325301204,0.2068965517241379,0.12023893395030559,0.2,10.0,0.2851349998331275,60.0,42.08532802715515,0.01915195407669459,51.73634020000463
0.32098765432098764,0.8666666666666667,0.14473684210526316,0.4684684684684684,0.8609649122807018,0.8609271523178809,0.8609460320922785,0.8608480484499379,0.47217930774826333,0.8560975609756097,0.7288667437581258,0.4666666666666667,0.24561403508771928,0.3218390804597701,0.2660895627951557,0.13902439024390245,13.0,0.20026150470407889,100.7017543859649,69.90859287054408,0.025263978991649005,0.8666666666666667,0.3170731707317073,0.4642857142857143,0.468292905790847,0.2,13.0,0.7601971805584778,130.0,34.201652761852046,0.025263978991649005,48.20677999999316
0.24166666666666667,0.8285714285714286,0.2394736842105263,0.3741935483870968,0.7945488721804512,0.7930920274426306,0.7938201156054498,0.7917508697120158,0.3610867474481756,0.7662650602409639,0.6138964078647549,0.2571428571428571,0.10465116279069768,0.1487603305785124,0.03737360674246544,0.20722891566265061,34.0,0.20101872332471415,43.43023255813953,44.77194885703216,0.05927201125133576,0.2,0.08433734939759036,0.11864406779661017,0.0,0.2,34.0,0.18212405370883827,35.0,38.43534040369484,0.05927201125133576,51.59957039999426
0.22727272727272727,0.625,0.17042606516290726,0.3333333333333333,0.7272869674185464,0.7129011415033384,0.7200581290931886,0.7087354778840105,0.29564978714760076,0.814385150812065,0.4293267012349151,0.15625,0.09259259259259259,0.11627906976744184,0.026484933267506974,0.12529002320185614,25.0,0.2022341602570084,39.90740740740741,24.72381517368664,0.058469330091830383,0.59375,0.22093023255813954,0.3220338983050848,0.279343855411139,0.19953596287703015,25.0,0.7120652652065532,95.22093023255815,26.68294737630342,0.058469330091830383,50.575138200001675
0.2926829268292683,0.7272727272727273,0.15675675675675677,0.41739130434782606,0.7852579852579853,0.7809762202753442,0.7831141763930808,0.7775670369772578,0.3885672518099991,0.8337468982630273,0.583201082307806,0.2727272727272727,0.17647058823529413,0.21428571428571427,0.13130522518486556,0.12655086848635236,8.0,0.2030545536519387,71.11764705882352,44.323064113238964,0.018642958842644698,0.696969696969697,0.2875,0.4070796460176991,0.37320197413980777,0.19851116625310175,8.0,0.6301472798316802,115.8625,36.49940376818507,0.018642958842644698,50.385155100011616
0.2835820895522388,0.6551724137931034,0.13008130081300814,0.39583333333333337,0.7625455564900476,0.7474264705882353,0.7549481663995867,0.7393976122226822,0.36475012704023135,0.8542713567839196,0.5312202616899083,0.2413793103448276,0.16666666666666666,0.19718309859154928,0.12396076054549354,0.10552763819095477,4.0,0.2004588993699239,66.33333333333333,34.91987645348837,0.009877939795492011,0.6551724137931034,0.24050632911392406,0.35185185185185186,0.3209755465312622,0.1984924623115578,4.0,0.7189787667989948,95.72151898734177,26.426371511068336,0.009877939795492011,51.18432250000478
0.22340425531914893,0.7241379310344828,0.19010416666666666,0.3414634146341463,0.7670168821839081,0.7646197974594627,0.7658174019330249,0.7631039518291161,0.32544234383187987,0.8038740920096852,0.5226671678153834,0.1724137931034483,0.0847457627118644,0.11363636363636363,0.023211917272131483,0.14285714285714285,42.0,0.20410220040686064,35.0,24.497531089978054,0.11273260420409406,0.5172413793103449,0.18292682926829268,0.27027027027027023,0.2195516097710652,0.19854721549636803,42.0,0.43405311584330264,75.54878048780488,34.557982542890315,0.11273260420409406,50.02985669999907
0.18518518518518517,0.5357142857142857,0.1625615763546798,0.2752293577981651,0.6865763546798028,0.6534272901985906,0.6697967803392684,0.6521584479991542,0.23528745359310568,0.8179723502304147,0.4245495110330003,0.14285714285714285,0.07142857142857142,0.09523809523809523,0.010829972051127191,0.12903225806451613,14.0,0.2072146562905318,31.0,19.303653861200218,0.028784024278721156,0.5357142857142857,0.1744186046511628,0.26315789473684215,0.2223897547874205,0.19815668202764977,14.0,0.7083009079118029,75.69767441860465,21.177440029298662,0.028784024278721156,50.68883719999576
0.4423076923076923,0.6571428571428571,0.07611548556430446,0.528735632183908,0.7905136857892763,0.7680121424844663,0.7791816922171069,0.7516609298249135,0.4876865052233197,0.9014423076923077,0.5538950398794076,0.3142857142857143,0.3548387096774194,0.3333333333333333,0.2767210055369283,0.07451923076923077,1.0,0.20031392979995324,147.61290322580646,54.91380460153385,0.004624732504579213,0.6857142857142857,0.2891566265060241,0.40677966101694907,0.36873489553709105,0.19951923076923078,1.0,0.6599205156463949,120.28915662650601,36.36801619433198,0.004624732504579213,51.441038999997545
0.28,0.7,0.13670886075949368,0.4,0.7816455696202531,0.7731174089068826,0.7773697945433399,0.7668805964637879,0.37846649745068045,0.851764705882353,0.5442301107881184,0.26666666666666666,0.1702127659574468,0.20779220779220778,0.13715102963974288,0.11058823529411765,17.0,0.2024374901714106,72.34042553191489,39.51837178590849,0.04084937513297503,0.7666666666666667,0.27058823529411763,0.39999999999999997,0.3904179303484316,0.2,17.0,0.7452586884730303,115.0,30.86176700217341,0.04084937513297503,50.810750200005714
0.3181818181818182,0.6774193548387096,0.11278195488721804,0.43298969072164945,0.7823186999757458,0.7682529840334832,0.7752539427320327,0.758361797328261,0.40514853825212827,0.872093023255814,0.5881075152529786,0.3548387096774194,0.24444444444444444,0.2894736842105263,0.22782003898992423,0.10465116279069768,3.0,0.20329646050286487,105.1111111111111,54.10817272859006,0.007029975888162728,0.7096774193548387,0.2558139534883721,0.37606837606837606,0.355164705204195,0.2,3.0,0.737726650071438,110.0,29.82134371568334,0.007029975888162728,50.52217009999731
0.275,0.7857142857142857,0.14720812182741116,0.40740740740740744,0.8192530819434373,0.8178800619606109,0.8185662840731469,0.816167741570076,0.4054470773659114,0.8483412322274881,0.6429706019678985,0.2857142857142857,0.13333333333333333,0.18181818181818182,0.10956423503365811,0.14218009478672985,18.0,0.20515303791685702,56.266666666666666,38.99527923755233,0.03668270261258901,0.7857142857142857,0.2619047619047619,0.39285714285714285,0.3916818381718673,0.1990521327014218,18.0,0.6531932389218822,110.52380952380952,33.68069154590723,0.03668270261258901,49.520150600001216
0.2191780821917808,0.5714285714285714,0.15281501340482573,0.31683168316831684,0.7093067790118728,0.6825053995680346,0.6957770523851832,0.6782657170041774,0.2764702274305895,0.827930174563591,0.42973179103552817,0.17857142857142858,0.09259259259259259,0.12195121951219512,0.03524129593225007,0.13466334164588528,20.0,0.2101189181350156,37.12962962962963,23.796048658441894,0.04271705986285103,0.5714285714285714,0.2,0.29629629629629634,0.2549937575679644,0.19950124688279303,20.0,0.7424044666811689,80.2,21.55159447184646,0.04271705986285103,51.734456899997895
0.32608695652173914,0.6818181818181818,0.07673267326732673,0.4411764705882353,0.8025427542754275,0.7843824477779335,0.7934106440204873,0.7685614848731548,0.4314674726084645,0.9107981220657277,0.6138990414615954,0.36363636363636365,0.26666666666666666,0.30769230769230765,0.26742775904173666,0.07042253521126761,8.0,0.20702116675271037,113.6,38.64339152119701,0.02606905026549019,0.6818181818181818,0.17647058823529413,0.2803738317757009,0.2816110938442896,0.19953051643192488,8.0,0.5900521602905311,75.17647058823529,25.421481369739023,0.02606905026549019,50.2332185000123
0.18309859154929578,0.5652173913043478,0.14720812182741116,0.2765957446808511,0.7090046347384683,0.6798443579766538,0.6942714171750453,0.6754186173267553,0.25388130245515933,0.8369304556354916,0.5004068523321633,0.21739130434782608,0.10416666666666667,0.14084507042253522,0.0774324813662711,0.11510791366906475,16.0,0.20530111645342677,43.4375,24.354470576560484,0.03562287485633692,0.6521739130434783,0.18072289156626506,0.2830188679245283,0.27419871391455947,0.19904076738609114,16.0,0.674843126069595,75.36144578313252,22.227387996618766,0.03562287485633692,52.20899159999681
0.3125,0.5769230769230769,0.08483290488431877,0.4054054054054054,0.746045086019379,0.7077065800808429,0.7266230222150224,0.6948846901650553,0.3728657694834743,0.8939759036144578,0.5318525387974509,0.23076923076923078,0.17142857142857143,0.19672131147540986,0.13622907000187337,0.08433734939759036,21.0,0.20069116529873535,71.14285714285715,29.89668225339568,0.06332100331673918,0.6153846153846154,0.1927710843373494,0.29357798165137616,0.26847403467899145,0.2,21.0,0.6605544218193735,80.0,24.222076897057164,0.06332100331673918,51.0919212000008
0.27380952380952384,0.8518518518518519,0.16310160427807488,0.4144144144144144,0.8443751237868885,0.8443089192517446,0.8443420208704325,0.8441956240701062,0.42414092286985516,0.8379052369077307,0.6976816760822577,0.4074074074074074,0.18333333333333332,0.2528735632183908,0.19417322267591422,0.14962593516209477,6.0,0.2058157031235837,73.51666666666667,53.44587333744385,0.013341946524164743,0.7407407407407407,0.25,0.37383177570093457,0.3639003079773255,0.19950124688279303,6.0,0.46744982868330887,100.25,42.78534031413613,0.013341946524164743,51.24285459998646
0.31645569620253167,0.6944444444444444,0.15126050420168066,0.4347826086956521,0.7715919701213819,0.763878384510664,0.7677254897668319,0.7589150174085797,0.3909794306807729,0.8346055979643766,0.5558756423301263,0.2777777777777778,0.2,0.23255813953488372,0.14347035826804871,0.1272264631043257,7.0,0.2065033245286456,78.6,48.42537050105857,0.01628978477764745,0.6666666666666666,0.3076923076923077,0.42105263157894735,0.37276264707294826,0.1984732824427481,7.0,0.6811913653338191,120.92307692307692,35.232390223030436,0.01628978477764745,49.82298389999778
0.275,0.7857142857142857,0.15591397849462366,0.40740740740740744,0.8149001536098309,0.8138548539114046,0.814377336047922,0.8126133195275599,0.40172917335568054,0.84,0.630173090525193,0.4642857142857143,0.23214285714285715,0.30952380952380953,0.25640241975522876,0.14,10.0,0.20467688088708716,92.85714285714285,63.514745503531636,0.019733963276499344,0.7857142857142857,0.275,0.40740740740740744,0.40172917335568054,0.2,10.0,0.768287230237272,110.0,28.635123862732545,0.019733963276499344,50.15147890000662
0.36,0.6923076923076923,0.12532637075718014,0.47368421052631576,0.7834906607752561,0.7728787490387081,0.778166615695823,0.7650731439147667,0.42954144448997644,0.8578199052132701,0.5329516274780826,0.28205128205128205,0.22916666666666666,0.2528735632183908,0.1691576560917838,0.11374407582938388,7.0,0.20880056142027384,96.70833333333334,52.681850686498855,0.015398969224564785,0.717948717948718,0.3333333333333333,0.4552845528455284,0.41469441556054615,0.1990521327014218,7.0,0.7813447210069729,140.66666666666666,35.83565518163925,0.015398969224564785,49.74175250000553
0.3068181818181818,0.8181818181818182,0.15601023017902813,0.44628099173553726,0.8310857940013952,0.8308854385228702,0.8309856102237734,0.8305936200136153,0.4374263252706303,0.8419811320754716,0.6424890104946666,0.30303030303030304,0.17857142857142858,0.2247191011235955,0.14668912021103073,0.1320754716981132,8.0,0.20550381182104688,75.71428571428571,48.66089787525703,0.017180455817324924,0.7272727272727273,0.2857142857142857,0.4102564102564102,0.38569318030908134,0.19811320754716982,8.0,0.563057907988098,121.14285714285714,42.62439024390244,0.017180455817324924,51.71259919999284
