0.5789473684210527,0.7586206896551724,0.07017543859649122,0.6567164179104478,0.8442226255293406,0.8355428161949122,0.8398715080476584,0.8222521960125042,0.6136517473726337,0.9105058365758755,0.6355108117531811,0.3448275862068966,0.43478260869565216,0.38461538461538464,0.3190072249148953,0.08949416342412451,2.0,0.20653039554021768,111.73913043478261,48.419023136246786,0.009907012120066507,0.8275862068965517,0.47058823529411764,0.6,0.5625940206000168,0.19844357976653695,2.0,0.7360705542282394,120.94117647058825,32.605570026046884,0.009907012120066507,45.615281300008064
0.41818181818181815,0.7419354838709677,0.13793103448275862,0.5348837209302325,0.8020022246941045,0.79750346740638,0.7997496827515339,0.7930914879005754,0.4789078601087941,0.8479087452471483,0.580476705464124,0.3548387096774194,0.3235294117647059,0.3384615384615384,0.24575348780662093,0.12927756653992395,11.0,0.20484604527157718,85.08823529411765,53.698864361362766,0.0403132961380676,0.6774193548387096,0.40384615384615385,0.5060240963855421,0.4402709970167765,0.19771863117870722,11.0,0.5934967849861467,106.21153846153847,35.383510966264424,0.0403132961380676,49.17842140000721
0.4084507042253521,0.7435897435897436,0.19004524886877827,0.5272727272727273,0.7767722473604827,0.7753547423450335,0.7760631712128593,0.7743194556347742,0.44362999243185774,0.8,0.5907982111397212,0.358974358974359,0.2857142857142857,0.31818181818181823,0.18315858733989532,0.18846153846153846,16.0,0.20110542388919952,74.28571428571429,69.61522831782698,0.047295086306441636,0.38461538461538464,0.28846153846153844,0.32967032967032966,0.1938849347115706,0.2,16.0,0.23297776248440794,75.0,64.38382719468291,0.047295086306441636,48.883986200002255
0.3055555555555556,0.8461538461538461,0.205761316872428,0.44897959183673475,0.8201962646407092,0.8193747587803937,0.8197854088068176,0.8183322282649862,0.4274021537880329,0.7992565055762082,0.6958249697735144,0.46153846153846156,0.2222222222222222,0.3,0.2129702365821208,0.20074349442379183,3.0,0.20851187752215336,59.77777777777778,57.550678371907416,0.008703821385648798,0.4230769230769231,0.20754716981132076,0.2784810126582279,0.18589908354594217,0.1970260223048327,3.0,0.19867287931106212,55.83018867924528,55.36739608417967,0.008703821385648798,46.869744299998274
0.40789473684210525,0.7560975609756098,0.20454545454545456,0.5299145299145299,0.7757760532150775,0.7752768846016435,0.7755264287470441,0.77491419109898,0.4417709518884577,0.789272030651341,0.58989638766367,0.3170731707317073,0.25,0.27956989247311825,0.1273611591149427,0.19923371647509577,4.0,0.207204591643031,65.25,62.739922397068334,0.011342842696762851,0.3170731707317073,0.25,0.27956989247311825,0.1273611591149427,0.19923371647509577,4.0,0.207204591643031,65.25,62.739922397068334,0.011342842696762851,46.54795819999708
0.4098360655737705,0.7142857142857143,0.16216216216216217,0.5208333333333334,0.7760617760617761,0.7711442786069652,0.7735991199940694,0.767697158973107,0.44509614166720846,0.8210116731517509,0.5425636265725109,0.2571428571428571,0.23076923076923078,0.24324324324324323,0.11663725162500095,0.1517509727626459,8.0,0.20588318165168634,59.307692307692314,43.71410975776652,0.02768132042463333,0.5142857142857142,0.35294117647058826,0.41860465116279066,0.31444306878365524,0.19844357976653695,8.0,0.38677411174664,90.70588235294119,46.53879216143367,0.02768132042463333,48.18799160000344
0.358974358974359,0.717948717948718,0.21367521367521367,0.47863247863247865,0.7521367521367521,0.7505827505827505,0.7513593496012277,0.7497900654990692,0.39060857679698735,0.7765567765567766,0.5442931986337012,0.2564102564102564,0.18518518518518517,0.21505376344086022,0.06006554474662097,0.1978021978021978,21.0,0.20677492661679764,50.55555555555556,48.361763022323984,0.06023670093123744,0.2564102564102564,0.18518518518518517,0.21505376344086022,0.06006554474662097,0.1978021978021978,21.0,0.20677492661679764,50.55555555555556,48.361763022323984,0.06023670093123744,46.609549899993
0.41304347826086957,0.7037037037037037,0.11440677966101695,0.5205479452054794,0.7946484620213433,0.7842401500938085,0.7894271525146779,0.7754110349646414,0.4708290762179529,0.8669201520912547,0.5835375544854102,0.2962962962962963,0.2857142857142857,0.2909090909090909,0.208180027623909,0.10646387832699619,11.0,0.20809038845266786,75.14285714285715,38.44483188044832,0.04428353713360464,0.7777777777777778,0.40384615384615385,0.5316455696202531,0.4926188305801485,0.19771863117870722,11.0,0.7647775272746119,106.21153846153847,27.45896584440228,0.04428353713360464,45.3717151999881
0.2717391304347826,0.78125,0.27800829875518673,0.4032258064516128,0.7516208506224066,0.7504528594841714,0.7510366279999334,0.7498598626002285,0.3424734676712912,0.7289377289377289,0.5896493444521758,0.25,0.11594202898550725,0.15841584158415842,-0.0023034993931898107,0.25274725274725274,9.0,0.2051485777848403,31.65217391304348,38.996127033307516,0.022698195390075258,0.125,0.07407407407407407,0.09302325581395349,-0.06659700029968257,0.1978021978021978,9.0,0.10998993590762222,20.22222222222222,36.36696364074163,0.022698195390075258,47.49178810000012
0.28,0.75,0.216,0.4077669902912622,0.767,0.7666232073011735,0.7668115805072326,0.7663806514862265,0.3620859109335128,0.7805755395683454,0.5512809330870052,0.2857142857142857,0.16326530612244897,0.20779220779220778,0.09613350870161287,0.17625899280575538,0.0,0.20673444202855967,45.38775510204082,38.69698692438886,0.0023127528417414157,0.32142857142857145,0.16363636363636364,0.21686746987951808,0.1038226896875105,0.19784172661870503,0.0,0.2655873538226479,45.49090909090909,33.88715565881182,0.0023127528417414157,47.06824280000001
0.5428571428571428,0.48717948717948717,0.06779661016949153,0.5135135135135135,0.7096914385049978,0.6399265156154317,0.6739067957845556,0.6342259859421615,0.4389947804845617,0.8690909090909091,0.4373008862372564,0.2564102564102564,0.43478260869565216,0.3225806451612903,0.25370143629220027,0.08363636363636363,5.0,0.21226666666666666,119.56521739130436,47.1105527638191,0.018153535353535356,0.5897435897435898,0.41818181818181815,0.48936170212765956,0.396091289263829,0.2,5.0,0.7260888888888889,115.0,31.676562404358204,0.018153535353535356,46.15306549999514
0.3559322033898305,0.75,0.15702479338842976,0.4827586206896552,0.796487603305785,0.7937743190661478,0.795129803842541,0.7912456159278577,0.4374777806840933,0.8333333333333334,0.5708970922403875,0.25,0.1891891891891892,0.2153846153846154,0.11173580172423374,0.13703703703703704,17.0,0.20044634840828054,51.08108108108108,34.922062963910925,0.06378250348442484,0.6428571428571429,0.3333333333333333,0.43902439024390244,0.3765953863311434,0.2,17.0,0.5090680553061591,90.0,35.35873015873016,0.06378250348442484,45.467115199993714
0.35,0.84,0.1638655462184874,0.49411764705882355,0.8380672268907563,0.8380627694775896,0.8380649981812095,0.8380556928486166,0.4725719124573509,0.8365019011406845,0.643251245123007,0.32,0.20512820512820512,0.25,0.15659545260762803,0.1482889733840304,7.0,0.20892843973549005,53.94871794871795,38.290622426167786,0.025115957009983664,0.6,0.28846153846153844,0.3896103896103896,0.32735900653353384,0.19771863117870722,7.0,0.421667199292018,75.86538461538461,35.57307759575584,0.025115957009983664,46.319830299995374
0.36904761904761907,0.775,0.2245762711864407,0.5000000000000001,0.7752118644067796,0.7752118065045094,0.775211835455644,0.7752117645649513,0.4211074142042868,0.7753623188405797,0.6113103833791396,0.3,0.21052631578947367,0.24742268041237106,0.09506796878055104,0.20652173913043478,3.0,0.2076358763542211,58.10526315789474,57.79348063880988,0.008904374949185336,0.3,0.21818181818181817,0.2526315789473684,0.10381050614169485,0.19927536231884058,3.0,0.19094233346203637,60.21818181818182,62.84619959557512,0.008904374949185336,44.71937120000075
0.19148936170212766,0.72,0.3220338983050847,0.3025210084033613,0.6989830508474575,0.6983511154219204,0.6986670116874983,0.698250243034423,0.24397758288241134,0.6819923371647509,0.49767358731069045,0.24,0.09523809523809523,0.13636363636363635,-0.0010490921412980388,0.2413793103448276,7.0,0.20153639492905717,24.857142857142858,29.77129764632368,0.019838305877145662,0.16,0.07692307692307693,0.1038961038961039,-0.03196974296766575,0.19923371647509577,7.0,0.13924103769624716,20.076923076923077,28.727163099186015,0.019838305877145662,46.34165960000246
0.39215686274509803,0.6451612903225806,0.14220183486238533,0.4878048780487804,0.7514797277300975,0.7364379245840307,0.7439208096676189,0.7296928860316797,0.4114569359863098,0.8313253012048193,0.4855605595218335,0.16129032258064516,0.16129032258064516,0.16129032258064516,0.042024267534773604,0.12449799196787148,3.0,0.20101845157639958,40.16129032258065,24.873338545738857,0.013454440147665126,0.6129032258064516,0.3877551020408163,0.4749999999999999,0.3946875298137199,0.19678714859437751,3.0,0.6328544934460755,96.55102040816327,30.0226990513088,0.013454440147665126,41.74467490000825
0.3037974683544304,0.7741935483870968,0.23109243697478993,0.43636363636363634,0.7715505557061534,0.7715415019762846,0.7715460288279389,0.7715352674733388,0.3807673231677661,0.7695167286245354,0.5595823233628727,0.1935483870967742,0.1111111111111111,0.1411764705882353,-0.0064828476421304885,0.20074349442379183,2.0,0.20393057084631422,29.88888888888889,29.421778084079943,0.006524885885683748,0.1935483870967742,0.11320754716981132,0.14285714285714285,-0.0031554685941905525,0.1970260223048327,2.0,0.19540418355156824,30.452830188679247,30.705586190362023,0.006524885885683748,45.91258079999534
0.5,0.6388888888888888,0.10043668122270742,0.5609756097560975,0.7692261038330908,0.7471418434124417,0.7581035610118355,0.7349634350670337,0.48709669203997413,0.8641509433962264,0.606873794575242,0.3888888888888889,0.42424242424242425,0.40579710144927533,0.31744985153469274,0.12452830188679245,5.0,0.20510556904288973,112.42424242424242,68.25753228120516,0.01796633209749561,0.6944444444444444,0.4716981132075472,0.5617977528089889,0.49010712867085826,0.2,5.0,0.7265259079428137,125.0,34.410335167246096,0.01796633209749561,46.75864860000729
0.6,0.631578947368421,0.06779661016949153,0.6153846153846154,0.7818911685994647,0.7529948659440957,0.7673070022373224,0.7351128047898174,0.5518503738664275,0.8905109489051095,0.5463260490697119,0.34210526315789475,0.5416666666666666,0.4193548387096774,0.3612621389461948,0.08759124087591241,0.0,0.2107280583561771,148.41666666666666,61.690883033844116,0.0032535216951751836,0.6578947368421053,0.46296296296296297,0.5434782608695652,0.4648407824159941,0.19708029197080293,0.0,0.7486177577475259,126.85185185185185,33.394879751745535,0.0032535216951751836,48.00045649999811
0.5490196078431373,0.7777777777777778,0.10550458715596331,0.6436781609195402,0.8361365953109072,0.832063395306309,0.8340975089485946,0.8260547011840605,0.585318407984128,0.8779527559055118,0.6276150871239599,0.3333333333333333,0.3870967741935484,0.3582089552238806,0.26229761787737643,0.1220472440944882,4.0,0.20790184943362994,98.32258064516128,57.71954425942156,0.0161591402930141,0.75,0.54,0.627906976744186,0.565326367491289,0.1968503937007874,4.0,0.6768501928391387,137.16,39.89065865039483,0.0161591402930141,38.12050090001139
0.4067796610169492,0.8275862068965517,0.14583333333333334,0.5454545454545454,0.8408764367816091,0.840666381888082,0.8407714027749386,0.8403223917334841,0.5109706366613078,0.8513011152416357,0.6351124230366205,0.27586206896551724,0.21052631578947367,0.23880597014925373,0.13433429208272954,0.1412639405204461,9.0,0.20228045491851332,56.63157894736842,39.54905086219388,0.03019481750650852,0.6206896551724138,0.33962264150943394,0.4390243902439024,0.3702559391677705,0.1970260223048327,9.0,0.47910071520694103,91.35849056603774,37.570388498011624,0.03019481750650852,46.269806700001936
0.3287671232876712,0.7741935483870968,0.20675105485232068,0.4615384615384615,0.7837212467673881,0.7836054185481068,0.7836633305177698,0.7835114872879421,0.4076600369100036,0.7910447761194029,0.6326889857531173,0.3225806451612903,0.18867924528301888,0.2380952380952381,0.11333565834739572,0.19776119402985073,4.0,0.2095953232878093,50.56603773584906,47.71098821832171,0.011092204401567227,0.3225806451612903,0.18867924528301888,0.2380952380952381,0.11333565834739572,0.19776119402985073,4.0,0.2095953232878093,50.56603773584906,47.71098821832171,0.011092204401567227,47.16984930000035
0.39759036144578314,0.825,0.2145922746781116,0.5365853658536586,0.8052038626609442,0.8047171696981812,0.8049604793966956,0.8042005562424575,0.46925848151128197,0.7912087912087912,0.6079377475058785,0.25,0.19230769230769232,0.2173913043478261,0.0628069337858722,0.19047619047619047,1.0,0.20213953235158016,52.5,49.470778346350656,0.004534060091127897,0.3,0.2222222222222222,0.25531914893617025,0.10630098801475536,0.1978021978021978,1.0,0.22293600457304624,60.66666666666667,53.82710622710623,0.004534060091127897,43.386770199998864
0.6226415094339622,0.825,0.08620689655172414,0.7096774193548386,0.8693965517241379,0.8671294000991571,0.8682622359315344,0.8620568432051091,0.660597352141239,0.9007352941176471,0.7169233251844063,0.45,0.5294117647058824,0.48648648648648646,0.40804713337332393,0.125,5.0,0.20184158885558406,144.0,89.17884615384615,0.016981150923267976,0.825,0.6111111111111112,0.7021276595744681,0.6521244252054925,0.19852941176470587,5.0,0.7096586375692753,166.22222222222223,46.50123066638305,0.016981150923267976,46.70925149999675
0.29577464788732394,0.7241379310344828,0.2,0.42000000000000004,0.7620689655172415,0.7601809954751132,0.7611243951073873,0.7590644473163666,0.367243190273803,0.7921146953405018,0.5669933427080021,0.1724137931034483,0.10416666666666667,0.12987012987012989,0.0003345997736232537,0.17204301075268819,12.0,0.20378663341080439,29.062499999999996,24.535465924895686,0.035711753269458836,0.3793103448275862,0.2,0.26190476190476186,0.15596355517194369,0.1971326164874552,12.0,0.2874553596734879,55.8,38.26681127982646,0.035711753269458836,48.01472949999152
0.559322033898305,0.7333333333333333,0.11353711790393013,0.6346153846153846,0.8098981077147016,0.8026599568655642,0.8062709099327499,0.7950588032470752,0.558634408782882,0.8613138686131386,0.625047861234929,0.4,0.46153846153846156,0.42857142857142855,0.32690907902899585,0.14233576642335766,3.0,0.20512228403484833,126.46153846153847,87.75253300583358,0.011193465517518784,0.6666666666666666,0.5555555555555556,0.606060606060606,0.5232947110600114,0.19708029197080293,3.0,0.5249921276372416,152.22222222222223,57.14371401151631,0.011193465517518784,48.355468499998096
0.27472527472527475,0.8620689655172413,0.2773109243697479,0.41666666666666663,0.7923790205737468,0.78624977143902,0.7893084465652087,0.7809950696350788,0.3838721896952602,0.7378277153558053,0.6424703376206755,0.2413793103448276,0.10606060606060606,0.1473684210526316,-0.004702784085136992,0.24719101123595505,10.0,0.20665485014502094,28.31818181818182,33.8729044834308,0.025339287460123764,0.13793103448275862,0.07547169811320754,0.0975609756097561,-0.05300789322900409,0.19850187265917604,10.0,0.11746696745085401,20.150943396226413,34.05212620027435,0.025339287460123764,46.031105899994145
0.45588235294117646,0.7560975609756098,0.16818181818181818,0.5688073394495413,0.7939578713968958,0.7921524820219228,0.7930546629633379,0.7905083250711517,0.487399688726637,0.8199233716475096,0.5623955032040908,0.21951219512195122,0.21428571428571427,0.21686746987951805,0.06883630805102184,0.16091954022988506,14.0,0.20918242681913699,55.92857142857143,43.024646653428334,0.050115683984719266,0.4634146341463415,0.36538461538461536,0.40860215053763443,0.2855273567152601,0.19923371647509577,14.0,0.3279577774519865,95.36538461538463,57.93428699150648,0.050115683984719266,44.6415765999991
0.3263157894736842,0.8857142857142857,0.24806201550387597,0.4769230769230769,0.8188261351052049,0.813362185555856,0.8160895875082735,0.8068731142154968,0.44180780880235937,0.7679180887372014,0.6072042617060951,0.2571428571428571,0.15,0.1894736842105263,0.04779437918884362,0.20477815699658702,1.0,0.20104648265551894,43.95,44.76576700633434,0.004298880526043816,0.2571428571428571,0.15517241379310345,0.19354838709677422,0.054713801186714796,0.19795221843003413,1.0,0.18806234600370975,45.46551724137931,47.85646989548064,0.004298880526043816,45.778284700005315
0.375,0.7241379310344828,0.15086206896551724,0.4941176470588236,0.7866379310344828,0.7816721776098253,0.7841511235356432,0.7776722633739863,0.43886980679590293,0.8352490421455939,0.5582077907422434,0.2413793103448276,0.20588235294117646,0.22222222222222224,0.11670799746681089,0.13026819923371646,25.0,0.20054392540451596,53.735294117647065,34.905071225071225,0.11310260591738441,0.6896551724137931,0.38461538461538464,0.4938271604938272,0.434100375272306,0.19923371647509577,25.0,0.5554895328640643,100.38461538461539,36.00427877890233,0.11310260591738441,45.39449510000122
0.5,0.48148148148148145,0.055793991416309016,0.49056603773584906,0.7128437450325862,0.6377522577767868,0.6742534448088433,0.6312355606048745,0.4328686437257782,0.8961538461538462,0.44613503419672085,0.2222222222222222,0.35294117647058826,0.27272727272727276,0.21597320784180424,0.06538461538461539,5.0,0.21400558719243581,91.76470588235294,28.036651186142837,0.035713813424138985,0.5925925925925926,0.3076923076923077,0.40506329113924056,0.3341073512252366,0.2,5.0,0.6892661437627592,80.0,23.213094310210444,0.035713813424138985,47.361264799998025
0.36666666666666664,0.8461538461538461,0.1589958158995816,0.5116279069767441,0.8435790151271323,0.8435711560473101,0.8435750855780689,0.8435578245375819,0.4884157889141452,0.8415094339622642,0.6630010554034584,0.34615384615384615,0.21951219512195122,0.26865671641791045,0.17459959563346455,0.15471698113207547,13.0,0.21080281546465368,58.170731707317074,42.69392692959109,0.04157626949008679,0.6538461538461539,0.32075471698113206,0.430379746835443,0.3742280973047844,0.2,13.0,0.4387432418647353,85.0,38.74703557312253,0.04157626949008679,50.363586299994495
0.40816326530612246,0.7407407407407407,0.11983471074380166,0.5263157894736843,0.8104530149984694,0.8044566141063165,0.8074492481499531,0.798039952700156,0.48339935012095725,0.8661710037174721,0.597395206245277,0.3333333333333333,0.2571428571428571,0.2903225806451613,0.20176918582174033,0.13011152416356878,5.0,0.20406537563521493,69.17142857142856,44.103513258850455,0.016371479672355964,0.7407407407407407,0.37735849056603776,0.5,0.4565966894220311,0.1970260223048327,5.0,0.7698942452959758,101.50943396226415,25.97759383473669,0.016371479672355964,48.70453270000871
0.3787878787878788,0.7142857142857143,0.17672413793103448,0.49504950495049505,0.76878078817734,0.7649179014817781,0.7668469124878304,0.7624457177941305,0.4205680113759086,0.8089887640449438,0.5331236266066932,0.2857142857142857,0.2222222222222222,0.25,0.1215775424690883,0.16853932584269662,16.0,0.20441565830069364,59.333333333333336,48.919931492185825,0.050401539333136486,0.42857142857142855,0.2830188679245283,0.3409090909090909,0.22403487220816873,0.19850187265917604,16.0,0.31552920067394585,75.56603773584905,47.53918169209432,0.050401539333136486,46.77017160000105
0.3717948717948718,0.8787878787878788,0.21120689655172414,0.5225225225225225,0.8337904911180772,0.8313621054280567,0.8325754129097365,0.8278071844127162,0.4836562607850022,0.8,0.7043147731776429,0.3333333333333333,0.19298245614035087,0.24444444444444444,0.1085301694434911,0.21509433962264152,2.0,0.2080935805450972,51.14035087719298,52.860832954028226,0.0069153796080228995,0.30303030303030304,0.18867924528301888,0.23255813953488372,0.09714444318753006,0.2,2.0,0.1762922971277024,50.0,56.7239758226998,0.0069153796080228995,42.46507280001242
0.6304347826086957,0.7837837837837838,0.07203389830508475,0.6987951807228915,0.8558749427393495,0.8498026359804642,0.8528333849055911,0.8388504814467557,0.6508672582938797,0.9084249084249084,0.6454596653078732,0.3783783783783784,0.5384615384615384,0.4444444444444445,0.38192142229024645,0.09523809523809523,0.0,0.20885619165133984,147.0,67.03176903355256,0.0032632993776569312,0.8378378378378378,0.5740740740740741,0.6813186813186813,0.636198628257415,0.1978021978021978,0.0,0.7674900472609597,156.72222222222223,40.39140326396893,0.0032632993776569312,43.58286530000623
0.48333333333333334,0.8285714285714286,0.1297071129707113,0.6105263157894737,0.8494321578003587,0.8489198508197875,0.8491759656757901,0.84799393061914,0.5640834092591146,0.864963503649635,0.7096724330480969,0.45714285714285713,0.41025641025641024,0.4324324324324324,0.34479733920662137,0.14233576642335766,5.0,0.2045178428021333,112.41025641025642,78.2327829238824,0.017239702630235297,0.7714285714285715,0.5,0.6067415730337079,0.5525260246170764,0.19708029197080293,5.0,0.49239132673022673,137.0,54.834434593509535,0.017239702630235297,46.75053940000362
0.32142857142857145,0.6666666666666666,0.1623931623931624,0.43373493975903615,0.7521367521367521,0.7424242424242425,0.7472647177570733,0.7378143307661886,0.3740976815150409,0.8199233716475096,0.47467928089103195,0.18518518518518517,0.13157894736842105,0.15384615384615383,0.038130294771196144,0.14559386973180077,15.0,0.21085983373059705,34.34210526315789,23.712434518886134,0.05351338390065088,0.5555555555555556,0.28846153846153844,0.37974683544303794,0.3030275308235549,0.19923371647509577,15.0,0.5145631067961165,75.28846153846155,29.150943396226417,0.05351338390065088,46.02403799998865
0.27710843373493976,0.8846153846153846,0.24489795918367346,0.42201834862385323,0.8198587127158554,0.8147438966012445,0.8172973034707728,0.8085729644488744,0.4087332100594784,0.7675276752767528,0.6631694589398511,0.3076923076923077,0.14545454545454545,0.19753086419753085,0.08483565656998274,0.2029520295202952,1.0,0.20572764465225016,39.41818181818182,38.88636363636363,0.004524970523145993,0.3076923076923077,0.14814814814814814,0.2,0.08842944423914113,0.1992619926199262,1.0,0.19737830842448026,40.14814814814815,40.53130287648054,0.004524970523145993,47.87043429999903
0.29411764705882354,0.9090909090909091,0.3116883116883117,0.4444444444444445,0.7987012987012987,0.7834441980783443,0.7910359653423927,0.7704198762381339,0.40576302841913836,0.7159090909090909,0.6642962681700744,0.2727272727272727,0.13432835820895522,0.18000000000000002,0.01644941546971481,0.2537878787878788,2.0,0.2023710982350271,35.46268656716418,44.472753661432904,0.007003545238505587,0.18181818181818182,0.11538461538461539,0.14117647058823532,-0.014399299635098211,0.19696969696969696,2.0,0.12282716082347601,30.461538461538463,48.84913043478261,0.007003545238505587,45.71283449999464
0.40384615384615385,0.84,0.12916666666666668,0.5454545454545454,0.8554166666666666,0.855138821237214,0.8552777326693359,0.8545970636854644,0.5231809676457135,0.8679245283018868,0.653026964036413,0.28,0.22580645161290322,0.25,0.1637040239095201,0.1169811320754717,4.0,0.20252158109950022,59.83870967741935,34.56421761076837,0.01508480279118411,0.84,0.39622641509433965,0.5384615384615384,0.5163977794943222,0.2,4.0,0.7557928214447979,105.0,27.785392245266003,0.01508480279118411,44.341103500002646
0.3333333333333333,0.6956521739130435,0.13617021276595745,0.4507042253521127,0.779740980573543,0.7706726776604579,0.7751935689750035,0.764235365153526,0.40968840396589923,0.8488372093023255,0.5635057503133007,0.30434782608695654,0.22580645161290322,0.25925925925925924,0.1772264495996797,0.12015503875968993,4.0,0.21118855075547988,58.25806451612903,33.145736238821016,0.01458458091858568,0.7391304347826086,0.3333333333333333,0.4594594594594595,0.4253462572106479,0.19767441860465115,4.0,0.7322834645669292,86.0,23.21505376344086,0.01458458091858568,50.62362700000813
0.6896551724137931,0.625,0.03614457831325301,0.6557377049180328,0.7944277108433735,0.7582938388625592,0.7761505257063328,0.7336060900269651,0.6148710864922295,0.9252669039145908,0.5715966294014627,0.3125,0.5882352941176471,0.40816326530612246,0.37892985065712753,0.060498220640569395,0.0,0.21377789309807993,165.2941176470588,46.77752154387668,0.005230319472120291,0.71875,0.4107142857142857,0.5227272727272728,0.46617602244973605,0.199288256227758,0.0,0.6986507524649714,115.41071428571429,32.92059719230484,0.005230319472120291,47.9794777000061
0.3333333333333333,0.8484848484848485,0.24034334763948498,0.4786324786324786,0.8040707504226818,0.8016174686615446,0.8028431724680847,0.799099818450538,0.43128488209762567,0.7706766917293233,0.676370681877567,0.2727272727272727,0.14516129032258066,0.18947368421052632,0.03528851517303354,0.23308270676691728,6.0,0.20769307028849013,38.612903225806456,43.33317422434368,0.01645421673545418,0.18181818181818182,0.11320754716981132,0.13953488372093023,-0.01642210270254208,0.19924812030075187,6.0,0.140651333399425,30.113207547169814,42.65867841409691,0.01645421673545418,47.90476299999864
0.2857142857142857,0.75,0.19230769230769232,0.4137931034482759,0.7788461538461539,0.7777777777777779,0.7783117824941563,0.7769728172164769,0.3770688213404151,0.8023255813953488,0.5663735169081998,0.25,0.14285714285714285,0.18181818181818182,0.0756534415836003,0.16279069767441862,27.0,0.2087979482604817,36.857142857142854,28.735914552736983,0.10197487276033995,0.5416666666666666,0.2549019607843137,0.3466666666666666,0.27662778105421193,0.19767441860465115,27.0,0.32886373773416594,65.76470588235294,39.530050012715094,0.10197487276033995,48.32557960000122
0.43103448275862066,0.6578947368421053,0.14285714285714285,0.5208333333333334,0.7575187969924813,0.7444168734491317,0.7509392614826383,0.7378510210341851,0.4361958148441644,0.828996282527881,0.5316832796374293,0.23684210526315788,0.2571428571428571,0.2465753424657534,0.12867228443655102,0.13011152416356878,1.0,0.20145729663857012,69.17142857142856,44.674480151228735,0.006687919971096815,0.6052631578947368,0.4339622641509434,0.5054945054945055,0.4162802302286289,0.1970260223048327,1.0,0.5077180867269219,116.73584905660378,45.3007300730073,0.006687919971096815,45.18519570000353
0.3170731707317073,0.8387096774193549,0.22950819672131148,0.46017699115044247,0.8046007403490216,0.8031547814656589,0.803877435796108,0.8016460480347861,0.4211638912818115,0.7781818181818182,0.644968242975966,0.25806451612903225,0.13559322033898305,0.17777777777777778,0.03778724836631329,0.21454545454545454,2.0,0.20162762794094632,37.28813559322034,39.6771021992238,0.0064587710270844504,0.25806451612903225,0.14545454545454545,0.18604651162790697,0.051741230604555814,0.2,2.0,0.16886639887318067,40.0,47.37472968798269,0.0064587710270844504,46.55058579999604
0.2976190476190476,0.6756756756756757,0.2576419213973799,0.4132231404958677,0.7090168771391478,0.7074490220557637,0.7082325157412088,0.7071129680151722,0.3112107689391084,0.7330827067669173,0.4836150124278561,0.24324324324324326,0.15789473684210525,0.19148936170212766,0.028367148743559556,0.21428571428571427,8.0,0.20560702333026143,42.0,43.77282377919321,0.022070807323396523,0.16216216216216217,0.11320754716981132,0.13333333333333336,-0.03732042018285189,0.19924812030075187,8.0,0.17032060920599507,30.113207547169814,35.22768047842802,0.022070807323396523,46.26499039999908
0.2839506172839506,0.92,0.23868312757201646,0.43396226415094336,0.8406584362139917,0.8331701586058352,0.8369059222121354,0.8219977031221795,0.43147831350147664,0.7761194029850746,0.7236466151649399,0.4,0.1694915254237288,0.23809523809523808,0.1392242082841855,0.22014925373134328,1.0,0.20125468276149136,45.42372881355932,49.688284827891856,0.004638163762859012,0.32,0.1509433962264151,0.2051282051282051,0.09843591801095003,0.19776119402985073,1.0,0.15552714515074031,40.45283018867925,51.43796597208947,0.004638163762859012,47.69867529999465
0.359375,0.7666666666666667,0.18303571428571427,0.4893617021276596,0.7918154761904761,0.7910167261792896,0.7914160004158911,0.7903019824264831,0.4338665469121221,0.8110236220472441,0.5813489044998283,0.3,0.225,0.2571428571428572,0.14318855500019567,0.15748031496062992,12.0,0.20962407084681864,57.15,42.93400067865626,0.042697639419534625,0.43333333333333335,0.26,0.325,0.21765570963452335,0.1968503937007874,12.0,0.33734039904684,66.03999999999999,38.5367422245651,0.042697639419534625,39.93945289999829
0.43103448275862066,0.8620689655172413,0.14473684210526316,0.5747126436781608,0.858666061705989,0.8586525759577278,0.8586593188053833,0.8586251017045674,0.5429329098811755,0.8560311284046692,0.7125308107979994,0.3448275862068966,0.24390243902439024,0.2857142857142857,0.18047142693745052,0.15953307392996108,1.0,0.20252181744774683,62.6829268292683,49.377396104891886,0.004915927132618736,0.6206896551724138,0.35294117647058826,0.45000000000000007,0.37758229533551996,0.19844357976653695,1.0,0.3843908195906705,90.70588235294119,46.827341035792195,0.004915927132618736,48.01040090000606
0.4153846153846154,0.7941176470588235,0.16666666666666666,0.5454545454545455,0.8137254901960784,0.8132530120481929,0.8134892168199607,0.812696341426051,0.48819900825549795,0.8282442748091603,0.6217004488552393,0.29411764705882354,0.24390243902439024,0.2666666666666666,0.1462835606888141,0.15648854961832062,1.0,0.2065454743967682,63.90243902439024,48.41548830447998,0.004608365025349445,0.5294117647058824,0.34615384615384615,0.41860465116279066,0.32041237269712486,0.1984732824427481,1.0,0.3422862757943007,90.6923076923077,52.58755980861244,0.004608365025349445,44.973590499997954
0.2891566265060241,0.8,0.23046875,0.4247787610619469,0.784765625,0.7844698855151818,0.7846177413237608,0.7842271510053194,0.3845130673711466,0.7727272727272727,0.4935668711214849,0.1,0.05357142857142857,0.06976744186046512,-0.08264817650252512,0.1958041958041958,26.0,0.20871413976861694,15.321428571428571,14.373726683423733,0.07790661032922953,0.1,0.05263157894736842,0.06896551724137931,-0.08509495554634605,0.1993006993006993,26.0,0.21862661181213242,15.052631578947368,13.72202576408184,0.07790661032922953,43.54579260000901
0.3333333333333333,0.9642857142857143,0.23076923076923078,0.49541284403669716,0.8667582417582418,0.8557844690966718,0.8612538776448218,0.8348789109866579,0.49035998740567865,0.7900763358778626,0.7377061304729549,0.2857142857142857,0.1568627450980392,0.20253164556962022,0.07955421641036413,0.1946564885496183,18.0,0.20108935287251978,41.09803921568628,39.78330968657294,0.05485635173703473,0.32142857142857145,0.17307692307692307,0.225,0.10663708724905648,0.1984732824427481,18.0,0.21042666320840359,45.34615384615385,42.77024528534451,0.05485635173703473,45.9810051000095
0.40298507462686567,0.8181818181818182,0.17316017316017315,0.54,0.8225108225108226,0.8224880382775118,0.8224994303152734,0.8224580376241569,0.4901925809975014,0.8257575757575758,0.6347815792589085,0.3333333333333333,0.24444444444444444,0.28205128205128205,0.16371599852424681,0.17045454545454544,14.0,0.20521473201339274,64.53333333333333,53.602389516957864,0.04400319599464099,0.45454545454545453,0.28846153846153844,0.3529411764705882,0.24478809379666958,0.19696969696969696,14.0,0.2859666236060215,76.15384615384616,52.453673826864566,0.04400319599464099,47.19325700000627
0.44642857142857145,0.7352941176470589,0.12757201646090535,0.5555555555555557,0.8038610505930768,0.7980124971768425,0.8009314354968105,0.7922214838630439,0.49654369959641453,0.855595667870036,0.6167276823430028,0.3235294117647059,0.3055555555555556,0.31428571428571433,0.21531996555231378,0.1299638989169675,9.0,0.20610365823474086,84.6388888888889,53.37120211360634,0.03291366710408768,0.7352941176470589,0.45454545454545453,0.5617977528089887,0.5032928175191905,0.19855595667870035,9.0,0.6865501707836246,125.90909090909092,36.413944768909076,0.03291366710408768,46.878499700003886
0.391304347826087,0.75,0.17647058823529413,0.5142857142857143,0.7867647058823529,0.7850467289719627,0.7859052479933758,0.7836185445652624,0.4463689196180365,0.8138686131386861,0.5745079117787262,0.3055555555555556,0.24444444444444444,0.2716049382716049,0.14835392700104527,0.16423357664233576,9.0,0.20871284155740166,66.97777777777777,52.703992327059105,0.029958714668018735,0.4722222222222222,0.3148148148148148,0.3777777777777778,0.26900595498697083,0.19708029197080293,9.0,0.30875287758983083,86.25925925925925,55.06021557662696,0.029958714668018735,47.355335799991735
0.2631578947368421,0.6896551724137931,0.23236514522821577,0.380952380952381,0.7286450135927887,0.7265586647029946,0.7276010913395278,0.7258581820239365,0.31484122195328995,0.7592592592592593,0.544914041615938,0.2413793103448276,0.12962962962962962,0.1686746987951807,0.03588506477354734,0.2,5.0,0.20030187967264923,35.0,34.947250677028144,0.013563883451386104,0.2413793103448276,0.12962962962962962,0.1686746987951807,0.03588506477354734,0.2,5.0,0.20030187967264923,35.0,34.947250677028144,0.013563883451386104,45.9714629999944
0.32098765432098764,0.8387096774193549,0.22727272727272727,0.4642857142857143,0.8057184750733138,0.8043676069153776,0.8050427576484548,0.8029372425848151,0.4246656039160023,0.7802197802197802,0.6125067797445882,0.22580645161290322,0.1346153846153846,0.1686746987951807,0.03220214859903418,0.19047619047619047,1.0,0.2002459160372387,36.75,34.95701754385965,0.004917677322384858,0.25806451612903225,0.14814814814814814,0.18823529411764706,0.0541455424332214,0.1978021978021978,1.0,0.21715891696569722,40.44444444444444,36.83938063323318,0.004917677322384858,47.277389200011385
0.29473684210526313,0.8235294117647058,0.2875536480686695,0.4341085271317829,0.7679878818480181,0.7639710716633793,0.7659768437230456,0.7614324319718719,0.373195625738815,0.7265917602996255,0.5940522438909397,0.23529411764705882,0.12903225806451613,0.16666666666666666,0.0027904088267248187,0.23220973782771537,2.0,0.20068292965245826,34.45161290322581,39.863878875270366,0.007108268930700068,0.17647058823529413,0.11320754716981132,0.13793103448275862,-0.021099285812329064,0.19850187265917604,2.0,0.15059177590647335,30.22641509433962,39.84281322059954,0.007108268930700068,46.81475780000619
0.28431372549019607,0.90625,0.3244444444444444,0.43283582089552236,0.7909027777777778,0.7740802528755818,0.7824463062870335,0.7611975083558966,0.39262520591872496,0.7042801556420234,0.7133149284546099,0.3125,0.13513513513513514,0.18867924528301885,0.020457083437151004,0.28793774319066145,8.0,0.2016705599207192,34.72972972972973,49.585819585819586,0.02110803819015514,0.15625,0.09803921568627451,0.12048192771084337,-0.03989739388790289,0.19844357976653695,8.0,0.08678417215261557,25.196078431372552,57.61419249592169,0.02110803819015514,45.8235840999987
0.5333333333333333,0.8571428571428571,0.09051724137931035,0.6575342465753424,0.8833128078817735,0.8825374695015684,0.8829250535839978,0.8804141850965875,0.6281752883711291,0.9038461538461539,0.6381236779512109,0.32142857142857145,0.34615384615384615,0.3333333333333333,0.25641736127582365,0.1,1.0,0.20494972931167826,90.0,43.91320754716981,0.006939734665952764,0.8571428571428571,0.46153846153846156,0.6,0.5707354170332849,0.2,1.0,0.7588725616567844,120.0,31.625863435624503,0.006939734665952764,45.031937599997036
0.37735849056603776,0.7142857142857143,0.13253012048192772,0.4938271604938272,0.7908777969018933,0.7834602829162133,0.7871603029325785,0.7772929211989673,0.44581770631408696,0.851985559566787,0.5393988942274534,0.25,0.2413793103448276,0.24561403508771928,0.15915503684268933,0.10469314079422383,1.0,0.21005001974463605,66.86206896551724,33.32539558201473,0.006407265075659259,0.7142857142857143,0.36363636363636365,0.48192771084337355,0.4335343068096351,0.19855595667870035,1.0,0.737659602474661,100.72727272727273,27.112776588151323,0.006407265075659259,46.81338739999046
0.37662337662337664,0.8529411764705882,0.1951219512195122,0.5225225225225226,0.8289096126255381,0.8282128948507139,0.828561180506413,0.8272301047265983,0.4811939877535176,0.8107142857142857,0.6447983675099972,0.2647058823529412,0.16666666666666666,0.2045454545454545,0.0677014530941323,0.19285714285714287,3.0,0.20526490249157506,46.666666666666664,43.84578118691966,0.009104074755143757,0.3235294117647059,0.19642857142857142,0.2444444444444444,0.11481067942068254,0.2,3.0,0.2274183746754323,55.0,48.36900279363537,0.009104074755143757,45.7452445999952
0.7407407407407407,0.6060606060606061,0.03017241379310345,0.6666666666666666,0.7879440961337514,0.7459593866556155,0.7666643950718244,0.720626933428221,0.6285918933578278,0.9245283018867925,0.5333970883687901,0.30303030303030304,0.625,0.40816326530612246,0.3842242329893233,0.06037735849056604,1.0,0.2073144399460189,165.625,48.235906782970964,0.007727700965039595,0.7272727272727273,0.4528301886792453,0.5581395348837209,0.49715097395971264,0.2,1.0,0.700080971659919,120.0,34.28174878556558,0.007727700965039595,44.81797470001038
0.46153846153846156,0.7058823529411765,0.112,0.558139534883721,0.7969411764705884,0.7865367581930913,0.7917218762998561,0.7774587787493982,0.49849891697912946,0.8661971830985915,0.6194462143360454,0.38235294117647056,0.38235294117647056,0.3823529411764706,0.2983529411764706,0.11971830985915492,3.0,0.20743774927239408,108.58823529411765,62.66940345042611,0.010653334689607951,0.7058823529411765,0.42857142857142855,0.5333333333333333,0.47150625479621827,0.19718309859154928,3.0,0.7538212784305272,121.71428571428572,31.83778527712635,0.010653334689607951,47.20270110000274
0.3472222222222222,0.8064516129032258,0.21171171171171171,0.48543689320388356,0.7973699505957569,0.7972665148063781,0.7973182310237319,0.7971665374948382,0.4321941407398009,0.7905138339920948,0.6594299578054629,0.3225806451612903,0.18867924528301888,0.2380952380952381,0.10385163853130853,0.20948616600790515,3.0,0.2006626368901591,47.73584905660377,49.83488782455256,0.009220295526496228,0.25806451612903225,0.16,0.19753086419753085,0.05671370063184194,0.1976284584980237,3.0,0.16791016464756317,40.480000000000004,47.64452477782798,0.009220295526496228,38.29532809999364
0.3253012048192771,0.7714285714285715,0.23140495867768596,0.45762711864406785,0.7700118063754426,0.7700091996320148,0.7700105030026256,0.7700074426641101,0.3916648017117729,0.7689530685920578,0.6308361955207928,0.4,0.22580645161290322,0.288659793814433,0.16074263617958234,0.22382671480144403,4.0,0.2026875699888018,62.5483870967742,69.07182320441989,0.010631970207949901,0.2857142857142857,0.18181818181818182,0.2222222222222222,0.0830916095758262,0.19855595667870035,4.0,0.1513218754564487,50.36363636363637,66.08429858429858,0.010631970207949901,46.85492100000556
0.46808510638297873,0.7096774193548387,0.10504201680672269,0.5641025641025641,0.8023177012740581,0.7916209139285413,0.7969513610902589,0.7816871211686196,0.5084373911067145,0.8736059479553904,0.6041020621955858,0.3548387096774194,0.39285714285714285,0.3728813559322034,0.2963447040552067,0.10408921933085502,0.0,0.20419497326479477,105.67857142857143,53.87008222643896,0.0033827719130687874,0.7419354838709677,0.4339622641509434,0.5476190476190477,0.49442928593109897,0.1970260223048327,0.0,0.7218763722780461,116.73584905660378,31.86141129320833,0.0033827719130687874,48.728398199993535
0.3684210526315789,0.8484848484848485,0.2077922077922078,0.5137614678899083,0.8203463203463204,0.8193811465579274,0.8198635914223443,0.8181560521246041,0.46797965682978887,0.7992424242424242,0.6672538323544335,0.30303030303030304,0.18518518518518517,0.22988505747126436,0.09228217049999132,0.20454545454545456,3.0,0.20877887082976904,48.888888888888886,47.89756722151088,0.009179692562926096,0.24242424242424243,0.15384615384615385,0.18823529411764706,0.04319789890529463,0.19696969696969696,3.0,0.18977224123182207,40.61538461538462,42.15579659106916,0.009179692562926096,45.74515930000052
0.2840909090909091,0.78125,0.2727272727272727,0.41666666666666663,0.7542613636363636,0.7532956685499059,0.7537783614444091,0.7527837709723973,0.3523148801759421,0.7338403041825095,0.5566474794790089,0.25,0.14285714285714285,0.18181818181818182,0.03370500754402914,0.21292775665399238,0.0,0.2017824859653018,37.57142857142858,39.6466519962276,0.002456185246559779,0.21875,0.1346153846153846,0.16666666666666669,0.019653929224623442,0.19771863117870722,0.0,0.17853404801928383,35.40384615384615,39.2082074968911,0.002456185246559779,44.81498090000241
0.30985915492957744,0.7586206896551724,0.20851063829787234,0.43999999999999995,0.77505502567865,0.7747065505490345,0.774880768524552,0.7744554836114046,0.38794903995671437,0.7878787878787878,0.5614942919751318,0.2413793103448276,0.15555555555555556,0.18918918918918917,0.06625804007048491,0.17045454545454544,0.0,0.2043639256969734,41.06666666666667,34.25262054507338,0.002628400941817106,0.3448275862068966,0.19230769230769232,0.2469135802469136,0.13060021577892156,0.19696969696969696,0.0,0.28637879854331794,50.769230769230774,34.91878606539859,0.002628400941817106,50.379177800001344
0.49019607843137253,0.7352941176470589,0.11304347826086956,0.588235294117647,0.8111253196930946,0.8040359451363708,0.8075728530872482,0.7964710928030556,0.527951269239008,0.8674242424242424,0.6145511646165922,0.3235294117647059,0.3548387096774194,0.3384615384615384,0.2461555002967885,0.11742424242424243,3.0,0.20235761733638244,93.6774193548387,54.35920893313602,0.011999693108807778,0.7352941176470589,0.4807692307692308,0.5813953488372092,0.520419962178543,0.19696969696969696,3.0,0.7465697484482196,126.92307692307693,33.486489443168146,0.011999693108807778,45.27849640000204
0.4666666666666667,0.7777777777777778,0.13389121338912133,0.5833333333333334,0.8219432821943281,0.8195701357466064,0.8207558512517695,0.8165475905415878,0.5258534271800355,0.8545454545454545,0.6117321537010416,0.2777777777777778,0.2702702702702703,0.273972602739726,0.16290585344662303,0.13454545454545455,7.0,0.20366742418305775,74.32432432432432,49.09965371296653,0.024236440100400602,0.6388888888888888,0.41818181818181815,0.5054945054945054,0.42584043300749097,0.2,7.0,0.522320612282214,115.0,44.03425685137027,0.024236440100400602,46.05236139999761
0.5348837209302325,0.696969696969697,0.08658008658008658,0.6052631578947368,0.8051948051948052,0.7906484196806778,0.7978884635476089,0.7771508627491992,0.5466882353208312,0.8863636363636364,0.6337293867869171,0.3333333333333333,0.4230769230769231,0.3728813559322034,0.2978979516269384,0.09848484848484848,3.0,0.21110236949278044,111.6923076923077,52.10742080455991,0.013939141507634659,0.7575757575757576,0.4807692307692308,0.5882352941176471,0.5327740864986338,0.19696969696969696,3.0,0.6857645316549427,126.92307692307693,36.45566203266297,0.013939141507634659,46.89545710000675
0.24719101123595505,0.88,0.27235772357723576,0.38596491228070173,0.8038211382113821,0.7966015980580562,0.8002032262194602,0.7895496144073693,0.37441638225265295,0.7416974169741697,0.6246400798834578,0.24,0.09375,0.1348314606741573,0.002880451919384816,0.23616236162361623,7.0,0.20231289835074578,25.40625,29.657031503734977,0.018916136825472336,0.12,0.05555555555555555,0.0759493670886076,-0.06325720239853758,0.1992619926199262,7.0,0.1427820487548459,15.055555555555555,21.011044638748277,0.018916136825472336,49.681310999993
0.44680851063829785,0.65625,0.11403508771929824,0.5316455696202532,0.7711074561403508,0.7539992890152861,0.7625053925607415,0.743906204945192,0.46288716585912904,0.8576923076923076,0.5058517511356828,0.25,0.2962962962962963,0.2711864406779661,0.17948630609362315,0.10384615384615385,5.0,0.2100473449947552,77.03703703703704,38.08665136995546,0.022339924413748588,0.65625,0.40384615384615385,0.5000000000000001,0.42731727653414786,0.2,5.0,0.7701074476228277,105.0,27.268922102783094,0.022339924413748588,45.133330299999216
0.5714285714285714,0.375,0.0371900826446281,0.4528301886792453,0.668904958677686,0.5397683397683397,0.6008774575637402,0.5572765523223814,0.4078356252166664,0.8941605839416058,0.44271817697109495,0.1875,0.46153846153846156,0.26666666666666666,0.23956521849356616,0.04744525547445255,1.0,0.217039887065076,126.46153846153847,27.644688177528376,0.012784077420309011,0.59375,0.35185185185185186,0.4418604651162791,0.36260908855203433,0.19708029197080293,1.0,0.5966728485620173,96.4074074074074,31.843245500092785,0.012784077420309011,48.422548499991535
0.5789473684210527,0.5945945945945946,0.06584362139917696,0.5866666666666667,0.7643754865977089,0.7266642415423791,0.745281378555852,0.7095788186005718,0.5228242188622759,0.8892857142857142,0.5264110674515774,0.2972972972972973,0.4583333333333333,0.36065573770491804,0.29492456496117114,0.08571428571428572,0.0,0.2110510457284651,128.33333333333334,52.12009237875289,0.003092874867068415,0.6486486486486487,0.42857142857142855,0.5161290322580645,0.43766729804143006,0.2,0.0,0.7324308755760369,120.0,32.76759732599292,0.003092874867068415,48.35134750000725
0.4528301886792453,0.7272727272727273,0.12831858407079647,0.5581395348837209,0.7994770716009654,0.7929559748427674,0.7962098471356558,0.7868734832227695,0.49503193656174094,0.8532818532818532,0.6069876333334976,0.42424242424242425,0.3888888888888889,0.40579710144927533,0.31507854397480395,0.138996138996139,9.0,0.2094334467598917,100.72222222222223,66.84701138519924,0.02834602673156112,0.696969696969697,0.45098039215686275,0.5476190476190477,0.4805145833331998,0.1969111969111969,9.0,0.5938998037803334,116.80392156862746,38.727071222449915,0.02834602673156112,45.72796540000127
0.6530612244897959,0.7804878048780488,0.07296137339055794,0.711111111111111,0.8537632157437454,0.847474252084355,0.8506129217920243,0.8364320235891298,0.6586023234445934,0.9051094890510949,0.6558284504769912,0.36585365853658536,0.5172413793103449,0.42857142857142855,0.35455174482258467,0.10583941605839416,3.0,0.2090518970081014,141.72413793103448,71.7525179856115,0.011971605037298468,0.8292682926829268,0.6296296296296297,0.7157894736842105,0.6666571767461282,0.19708029197080293,3.0,0.7902261971605037,172.5185185185185,43.02565534042176,0.011971605037298468,47.67380769998999
0.33663366336633666,0.918918918918919,0.28270042194092826,0.4927536231884059,0.8181092484889954,0.8056872037914692,0.8118744686286414,0.7920412657823004,0.45071040884373337,0.7445255474452555,0.6596453575799037,0.2972972972972973,0.16417910447761194,0.21153846153846156,0.04851278117758018,0.24452554744525548,5.0,0.20532463233555587,44.98507462686567,53.573698756333485,0.013774364985594409,0.13513513513513514,0.09259259259259259,0.1098901098901099,-0.061528508613936536,0.19708029197080293,5.0,0.13692249491653663,25.37037037037037,36.517009152132616,0.013774364985594409,46.00020169999334
0.2891566265060241,0.8888888888888888,0.24583333333333332,0.43636363636363634,0.8215277777777777,0.8160045083122005,0.8187614856418017,0.8092387529002242,0.4188784712194292,0.7677902621722846,0.6353088573833303,0.18518518518518517,0.0847457627118644,0.11627906976744184,-0.028931738410769865,0.2209737827715356,8.0,0.20765643802647413,22.627118644067796,24.078232524447664,0.021629805027109615,0.14814814814814814,0.07547169811320754,0.1,-0.04234228593818908,0.19850187265917604,8.0,0.15904532691536302,20.150943396226413,25.150063051702396,0.021629805027109615,48.03800049998972
0.6666666666666666,0.6666666666666666,0.048458149779735685,0.6666666666666666,0.8091042584434655,0.7840290381125227,0.7964679739199663,0.7618201274339219,0.618208516886931,0.9153846153846154,0.5849383535704424,0.3333333333333333,0.55,0.4150943396226416,0.3668868648648748,0.07692307692307693,2.0,0.20977445355508584,143.0,52.43727161997564,0.013527470995938626,0.7575757575757576,0.4807692307692308,0.5882352941176471,0.5314812321177912,0.2,2.0,0.743165083273327,125.0,33.639901231480906,0.013527470995938626,49.00208730000304
0.47540983606557374,0.8529411764705882,0.14414414414414414,0.6105263157894736,0.8543985161632222,0.8543960303923089,0.8543972732768614,0.854391223017116,0.5646191619684146,0.85546875,0.7220794139439547,0.47058823529411764,0.3902439024390244,0.4266666666666667,0.33125179522803405,0.16015625,8.0,0.21057612681888088,99.90243902439025,75.98202247191011,0.026296923059860405,0.6470588235294118,0.43137254901960786,0.5176470588235293,0.4387972230511309,0.19921875,8.0,0.37591387673015497,110.43137254901961,58.52404330312185,0.026296923059860405,41.26399960000708
0.29411764705882354,0.7692307692307693,0.21145374449339208,0.4255319148936171,0.7788885123686885,0.7787687622362413,0.7788286350009165,0.7786776966389298,0.3820497355477038,0.7865612648221344,0.5456051551152096,0.19230769230769232,0.10638297872340426,0.136986301369863,0.005688350045589502,0.1857707509881423,24.0,0.20888690741566354,26.914893617021274,23.936397268070575,0.08367669405681386,0.2692307692307692,0.14,0.18421052631578946,0.06085388135454042,0.1976284584980237,24.0,0.24419676029127657,35.42,28.665408958130477,0.08367669405681386,39.2367707999947
0.27835051546391754,0.8181818181818182,0.2880658436213992,0.4153846153846154,0.7650579872802096,0.7613691931540342,0.7632113616106501,0.7591268160411191,0.36026213266262797,0.7246376811594203,0.6072203304910965,0.3333333333333333,0.1746031746031746,0.22916666666666666,0.09225539116085323,0.22826086956521738,3.0,0.2050571086973112,48.19047619047619,53.64359260637638,0.009319587872111616,0.2727272727272727,0.16363636363636364,0.20454545454545456,0.06776236100199477,0.19927536231884058,3.0,0.15626669380071737,45.163636363636364,57.59384665472896,0.009319587872111616,44.45492489999742
0.25,0.8461538461538461,0.28205128205128205,0.38596491228070173,0.7820512820512822,0.7767969735182849,0.7794197001831109,0.7728199340170596,0.3576408488192953,0.7307692307692307,0.6050994017537032,0.19230769230769232,0.08196721311475409,0.11494252873563218,-0.03327974383519094,0.23461538461538461,3.0,0.2000166172764284,21.311475409836067,24.997923013015786,0.009160167110149109,0.15384615384615385,0.07692307692307693,0.10256410256410257,-0.038461538461538464,0.2,3.0,0.1389481264020827,20.0,28.787721746063383,0.009160167110149109,45.470466200000374
0.28205128205128205,0.8148148148148148,0.24347826086956523,0.41904761904761906,0.7856682769726248,0.7845870055339207,0.7851274551134655,0.7836955660092246,0.3810342319325611,0.7626459143968871,0.633359335725553,0.37037037037037035,0.16666666666666666,0.2298850574712644,0.11088404666065535,0.23346303501945526,11.0,0.2101119448886702,42.833333333333336,47.59367681498829,0.029484819924629743,0.18518518518518517,0.09803921568627451,0.1282051282051282,-0.011389989639106828,0.19844357976653695,11.0,0.127715586172961,25.196078431372552,39.14948950105953,0.029484819924629743,45.643219699995825
0.32222222222222224,0.8529411764705882,0.25523012552301255,0.467741935483871,0.7988555254737879,0.795193714857891,0.7970225172077976,0.791710880562201,0.4198391121033785,0.7582417582417582,0.6554581006214404,0.35294117647058826,0.1875,0.24489795918367344,0.10550939824426674,0.23443223443223443,3.0,0.20296091867998223,51.1875,59.12468310670661,0.008776062287767974,0.20588235294117646,0.12962962962962962,0.1590909090909091,0.007650748345951049,0.1978021978021978,3.0,0.12517248637649975,35.38888888888889,55.92283258594918,0.008776062287767974,47.3571712999983
0.36363636363636365,0.7777777777777778,0.2033195020746888,0.49557522123893805,0.7872291378515446,0.7871156661786237,0.7871723999704525,0.787019324851664,0.43117929844713476,0.7942238267148014,0.5975405175367036,0.3055555555555556,0.2037037037037037,0.24444444444444444,0.10791117696723698,0.19494584837545126,5.0,0.2103102189781022,56.42592592592593,52.30368763557483,0.014023755566681598,0.3333333333333333,0.21818181818181817,0.26373626373626374,0.1305815036087581,0.19855595667870035,5.0,0.22236361890126777,60.43636363636364,53.96566245545837,0.014023755566681598,45.547426899996935
0.421875,0.75,0.15163934426229508,0.54,0.7991803278688525,0.7961538461538461,0.7976656516381275,0.793245930235583,0.47697139080900147,0.8357142857142857,0.5580693366521907,0.25,0.225,0.2368421052631579,0.11760938403509624,0.14285714285714285,8.0,0.2017304729169136,63.0,44.61398354876616,0.02645426607291014,0.5555555555555556,0.35714285714285715,0.43478260869565216,0.3414316798210559,0.2,8.0,0.45314685314685316,100.0,44.135802469135804,0.02645426607291014,49.67592529999092
0.32222222222222224,0.8529411764705882,0.24206349206349206,0.467741935483871,0.8054388422035481,0.8026372989421822,0.8040368503802386,0.7997239008670444,0.4257402383819031,0.7692307692307693,0.5800862250495958,0.23529411764705882,0.13333333333333333,0.1702127659574468,0.02300817156663649,0.2097902097902098,2.0,0.203125,38.13333333333333,39.38461538461539,0.0067854402360292415,0.23529411764705882,0.14035087719298245,0.1758241758241758,0.03309582004258775,0.1993006993006993,2.0,0.18147360383944153,40.140350877192986,44.08354620586026,0.0067854402360292415,46.584121799998684
0.4897959183673469,0.7741935483870968,0.10504201680672269,0.6,0.8345757657901871,0.8302070645554203,0.8323885490957712,0.8239000583690695,0.5535851369406398,0.8810408921933085,0.5860853051310997,0.22580645161290322,0.2692307692307692,0.2456140350877193,0.15774535038062937,0.09665427509293681,1.0,0.20085906524089872,72.42307692307692,34.85030656497682,0.0067362153605787164,0.7741935483870968,0.4528301886792453,0.5714285714285714,0.5236989773737631,0.1970260223048327,1.0,0.7296948215787576,121.81132075471699,32.89046227308278,0.0067362153605787164,44.88221759999578
0.391304347826087,0.6206896551724138,0.11618257261410789,0.48,0.7522535412791529,0.729243937232525,0.7406593915151007,0.719487319473384,0.41550079848116855,0.8555555555555555,0.49531840439678676,0.20689655172413793,0.20689655172413793,0.20689655172413793,0.11146086707683503,0.10740740740740741,2.0,0.20842775770196606,55.86206896551724,28.786952688803996,0.00972043581524809,0.6896551724137931,0.37037037037037035,0.48192771084337355,0.4246399331536435,0.2,2.0,0.7271084706314693,100.0,27.50621235732637,0.00972043581524809,47.183793599993805
0.4117647058823529,0.875,0.17857142857142858,0.56,0.8482142857142857,0.8473684210526315,0.8477912478906585,0.8458689598068565,0.5214854520530957,0.828125,0.6627628210274655,0.28125,0.21428571428571427,0.2432432432432432,0.11960262261127448,0.1640625,4.0,0.2090199927674743,54.857142857142854,43.05808205635196,0.013201074708115927,0.5,0.3137254901960784,0.3855421686746988,0.284629353655274,0.19921875,4.0,0.307098207366844,80.31372549019608,52.10059719068047,0.013201074708115927,37.87411710000015
0.45098039215686275,0.71875,0.12017167381974249,0.5542168674698795,0.7992891630901289,0.7911737561875997,0.7952211072664382,0.7837330426433124,0.49474562498117597,0.8603773584905661,0.5900013160952853,0.25,0.26666666666666666,0.2580645161290323,0.15999649952034825,0.11320754716981132,8.0,0.209131633356306,70.66666666666667,38.253419014664686,0.035227169291184995,0.71875,0.4339622641509434,0.5411764705882353,0.48061259416003244,0.2,8.0,0.6890075809786355,115.0,33.38134533633408,0.035227169291184995,46.194988999995985
0.21794871794871795,0.7391304347826086,0.24596774193548387,0.3366336633663366,0.7465813464235623,0.746506986027944,0.7465441652999091,0.7464718357563094,0.3035666219579864,0.7527675276752768,0.5175410152204499,0.17391304347826086,0.07692307692307693,0.10666666666666666,-0.013896471306012343,0.1918819188191882,2.0,0.2066990725220695,20.846153846153847,19.35180429787809,0.007406772860889856,0.17391304347826086,0.07407407407407407,0.10389610389610389,-0.019325937989392427,0.1992619926199262,2.0,0.22575148061235892,20.074074074074076,17.718599183269397,0.007406772860889856,47.40533920000598
0.410958904109589,0.7894736842105263,0.17479674796747968,0.5405405405405405,0.8073384681215233,0.806943156221015,0.8071407879698692,0.806511973574725,0.47885454306885444,0.8204225352112676,0.5857535335626891,0.21052631578947367,0.17391304347826086,0.1904761904761905,0.05179699211976764,0.1619718309859155,12.0,0.20040566935443482,49.391304347826086,39.91903036361364,0.03495723930400654,0.4473684210526316,0.30357142857142855,0.36170212765957444,0.2471399618476033,0.19718309859154928,12.0,0.31193970050583464,86.21428571428572,54.49771212972626,0.03495723930400654,46.31500450000749
0.3157894736842105,0.8571428571428571,0.2157676348547718,0.46153846153846156,0.8206876111440427,0.8190682556879739,0.8198775336136985,0.8170193514109645,0.4350250488873617,0.79182156133829,0.6983630753056125,0.39285714285714285,0.21153846153846154,0.275,0.17224233520874105,0.19330855018587362,3.0,0.20576686397468205,56.90384615384615,53.45855881515238,0.009456863009529304,0.39285714285714285,0.20754716981132076,0.271604938271605,0.16781843741227365,0.1970260223048327,3.0,0.21540760710308857,55.83018867924528,51.06597741803836,0.009456863009529304,45.22564110001258
