0.373015873015873,0.5402298850574713,0.19036144578313252,0.44131455399061037,0.6749342196371694,0.648049736339947,0.6613553833474674,0.6481292576563729,0.30542828059186955,0.7629482071713147,0.5111016236718502,0.3103448275862069,0.35064935064935066,0.32926829268292684,0.19942700031251429,0.15338645418326693,3.0,0.20226883561643835,176.02597402597402,133.4857142857143,0.006256192301395052,0.40229885057471265,0.35,0.37433155080213903,0.2328235562873476,0.199203187250996,3.0,0.32792742360379346,175.70000000000002,106.73093337350002,0.006256192301395052,55.08735089999391
0.42528735632183906,0.36633663366336633,0.12562814070351758,0.3936170212765957,0.6203542464799243,0.5163411797730281,0.5659632881244613,0.5432113773452224,0.25490913686692046,0.7715430861723447,0.42845880644534073,0.21782178217821782,0.39285714285714285,0.2802547770700637,0.16852982533203442,0.11222444889779559,0.0,0.2042898532664569,196.03571428571428,107.69012581014105,0.0016484415917413816,0.40594059405940597,0.41414141414141414,0.41000000000000003,0.26216932061599457,0.19839679358717435,0.0,0.605922302875479,206.65656565656565,67.66544127098383,0.0016484415917413816,58.57745359999535
0.48484848484848486,0.4897959183673469,0.13178294573643412,0.4873096446700508,0.6790064863154565,0.6262814538676608,0.6521113167513779,0.6273909893054177,0.3566613378946143,0.7917525773195876,0.5044385725062536,0.2755102040816326,0.4426229508196721,0.3396226415094339,0.22723781238006485,0.12577319587628866,3.0,0.2045541449984705,214.672131147541,131.99439199925226,0.0070775963203224285,0.4897959183673469,0.4948453608247423,0.49230769230769234,0.3645774713068632,0.2,3.0,0.5363260936066075,240.0,89.49778981890773,0.0070775963203224285,52.75434129999485
0.4025974025974026,0.29245283018867924,0.11586901763224182,0.33879781420765026,0.5882919062782188,0.43952093389614855,0.5084944523305521,0.49302434636608505,0.20000871201582526,0.7594433399602386,0.38731555964483955,0.1509433962264151,0.32,0.2051282051282051,0.08900910603240458,0.09940357852882704,2.0,0.20135216005952092,160.95999999999998,79.4627680938228,0.0058044988676638634,0.3584905660377358,0.38,0.3689320388349514,0.20674401055981184,0.1988071570576541,2.0,0.5728726931599463,191.14,66.33236398543156,0.0058044988676638634,52.971641800002544
0.3951612903225806,0.5444444444444444,0.18337408312958436,0.4579439252336448,0.68053518065743,0.6533202930081236,0.6667889048487898,0.6527559082135834,0.3212537995168241,0.7675350701402806,0.5269565043492016,0.37777777777777777,0.425,0.3999999999999999,0.2780236920106358,0.16032064128256512,1.0,0.20346951315357026,212.07500000000002,167.10120092703139,0.002875673182291477,0.45555555555555555,0.41414141414141414,0.4338624338624339,0.3024919904561385,0.19839679358717435,1.0,0.31275631957245537,206.65656565656565,131.092474985151,0.002875673182291477,56.86696349999693
0.3673469387755102,0.3870967741935484,0.15048543689320387,0.37696335078534027,0.6183056686501723,0.531847537039382,0.5734495156585995,0.5537398567422289,0.23190781815641962,0.7643564356435644,0.43031220880129506,0.21505376344086022,0.31746031746031744,0.2564102564102564,0.1298364943367349,0.12475247524752475,3.0,0.20159128402529558,160.31746031746033,99.21063847924303,0.007242634147935002,0.3870967741935484,0.3564356435643564,0.3711340206185567,0.22222820310704358,0.2,3.0,0.5925213087709651,180.0,60.757308584686776,0.007242634147935002,52.70379850000609
0.3645833333333333,0.3645833333333333,0.15288220551378445,0.36458333333333326,0.6058505639097744,0.5097709693404865,0.5557382740461252,0.5378705219094237,0.21170112781954886,0.7535353535353535,0.39873129965579,0.15625,0.2459016393442623,0.1910828025477707,0.049270968255847654,0.12323232323232323,0.0,0.20218869870741063,121.72131147540983,74.18812275807095,0.001678959598889973,0.375,0.36363636363636365,0.3692307692307692,0.21459876881973805,0.2,0.0,0.6238597169841731,180.0,57.70528056215769,0.001678959598889973,56.82455590000609
0.5074626865671642,0.3063063063063063,0.0825,0.38202247191011235,0.6119031531531531,0.4592818889522792,0.5301283203489849,0.5060277382937377,0.27342292084878494,0.7847358121330724,0.4063703542506045,0.21621621621621623,0.5333333333333333,0.3076923076923077,0.23822315306645367,0.08806262230919765,1.0,0.20445584532801292,272.53333333333336,117.38475836431226,0.0030891182390183833,0.42342342342342343,0.46078431372549017,0.4413145539906103,0.29497110849755365,0.19960861056751467,1.0,0.5631244754801831,235.4607843137255,83.462896830976,0.0030891182390183833,54.628908700004104
0.31451612903225806,0.43333333333333335,0.20094562647754138,0.36448598130841126,0.616193853427896,0.5619285120532004,0.5884359737414645,0.5748586964834147,0.20645192924987188,0.7348927875243665,0.39580890582835226,0.16666666666666666,0.21739130434782608,0.18867924528301885,0.04348294846845788,0.13450292397660818,8.0,0.2018319756668881,111.5217391304348,74.31924476009007,0.016192480116488824,0.3,0.2647058823529412,0.28125,0.11692232213173948,0.19883040935672514,8.0,0.3789113030101738,135.79411764705884,71.25678169403949,0.016192480116488824,62.04586520000885
0.3949579831932773,0.46534653465346537,0.17955112219451372,0.42727272727272725,0.6428977062294758,0.5938628158844765,0.6178940379604803,0.6011936977125567,0.2694109596143596,0.749003984063745,0.452499078428346,0.24752475247524752,0.36231884057971014,0.29411764705882354,0.1604392620571036,0.13745019920318724,1.0,0.20015232292460014,181.8840579710145,124.90487062404871,0.0032106152693111784,0.39603960396039606,0.4,0.3980099502487563,0.247334467213563,0.199203187250996,1.0,0.38001184733858,200.8,105.25987618581036,0.0032106152693111784,54.830272699997295
0.4175824175824176,0.3619047619047619,0.13520408163265307,0.3877551020408163,0.6133503401360545,0.5102691568794437,0.5594405785540987,0.5387811384115198,0.23928021675456185,0.7585513078470825,0.41235028055614764,0.22857142857142856,0.42857142857142855,0.2981366459627329,0.18969714348771022,0.11267605633802817,5.0,0.20333563907462915,213.0,118.03144844269731,0.011431651936057202,0.38095238095238093,0.40404040404040403,0.39215686274509803,0.23552690157364436,0.19919517102615694,5.0,0.6240411959111521,200.8080808080808,64.09833238909279,0.011431651936057202,53.15779099999054
0.43636363636363634,0.4752475247524752,0.14761904761904762,0.4549763033175355,0.6638142385667137,0.6102489434994139,0.636468332099253,0.6145414785619867,0.31735819817679106,0.7792706333973128,0.469126153073847,0.26732673267326734,0.40298507462686567,0.3214285714285714,0.2032226921311687,0.12859884836852206,1.0,0.20531693168733878,209.95522388059703,131.50401079009015,0.003114529432405245,0.45544554455445546,0.4423076923076923,0.44878048780487806,0.3138625919961433,0.19961612284069097,1.0,0.5041902901867048,230.4423076923077,91.23539444396265,0.003114529432405245,58.29398220000439
0.39090909090909093,0.4215686274509804,0.1630170316301703,0.40566037735849053,0.6292757979104051,0.5607171964140178,0.5940082164208812,0.5750544709315943,0.2514313075045603,0.7543859649122807,0.4452235963327553,0.2647058823529412,0.38571428571428573,0.313953488372093,0.1861295635056779,0.1364522417153996,0.0,0.20229309077044583,197.8714285714286,133.46970920840064,0.0012061466550107882,0.39215686274509803,0.39215686274509803,0.39215686274509803,0.24130528123658224,0.19883040935672514,0.0,0.4794520547945205,201.1764705882353,83.42857142857143,0.0012061466550107882,59.821304600001895
0.47435897435897434,0.34579439252336447,0.10148514851485149,0.39999999999999997,0.6221546220042565,0.49939578724274486,0.5574059537200227,0.5318738352628881,0.2763956614599592,0.7827788649706457,0.4543382534298498,0.21495327102803738,0.46,0.29299363057324845,0.20284554108642866,0.09784735812133072,4.0,0.20587120275593795,235.06,111.72033626901522,0.00937571195327351,0.4392523364485981,0.46078431372549017,0.44976076555023925,0.3085506244887327,0.19960861056751467,4.0,0.5790271802732861,235.4607843137255,81.170628255857,0.00937571195327351,53.711956200000714
0.4,0.45161290322580644,0.1598984771573604,0.4242424242424243,0.645857213034223,0.5874374088863535,0.6159551020450967,0.5960842099486134,0.27881822680063584,0.7659137577002053,0.4498769205758456,0.25806451612903225,0.375,0.3057324840764331,0.18212073182636682,0.13141683778234087,2.0,0.2008946168743252,182.625,119.46562020133082,0.005179518286957229,0.43010752688172044,0.41237113402061853,0.4210526315789474,0.28091983661878833,0.19917864476386038,2.0,0.4732043394059881,200.82474226804123,84.53007859186556,0.005179518286957229,53.14246830000775
0.35526315789473684,0.3,0.12098765432098765,0.32530120481927716,0.5895061728395061,0.44732984293193706,0.513520889257393,0.49768634674234924,0.19152167974132703,0.7737373737373737,0.3932488132870885,0.18888888888888888,0.3541666666666667,0.24637681159420288,0.14643023505299388,0.09696969696969697,1.0,0.20377755908910414,175.3125,83.42429890705752,0.00442002246529102,0.35555555555555557,0.32323232323232326,0.33862433862433866,0.18332398030762342,0.2,1.0,0.586350373784983,160.0,54.574877804605144,0.00442002246529102,52.30018459999701
0.43529411764705883,0.3523809523809524,0.11970074812967581,0.3894736842105263,0.6163401021256384,0.5032946707255983,0.5569566309456282,0.534307665973657,0.25239210248750854,0.7707509881422925,0.38778978855238455,0.20952380952380953,0.41509433962264153,0.27848101265822783,0.17509242177019543,0.10474308300395258,2.0,0.20390702751292175,210.0377358490566,107.89230890340865,0.005540753565325503,0.38095238095238093,0.39603960396039606,0.38834951456310685,0.23216496595290595,0.19960474308300397,2.0,0.6146585765193104,200.3960396039604,65.0767784393607,0.005540753565325503,55.53703829999722
0.40229885057471265,0.4430379746835443,0.12206572769953052,0.42168674698795183,0.6604861234920069,0.5888968868094295,0.623665152069018,0.5968209209771518,0.3087721064376522,0.80990099009901,0.48883347388319476,0.2911392405063291,0.4107142857142857,0.34074074074074073,0.24720301286580587,0.11089108910891089,0.0,0.20081482863718356,207.41071428571428,114.53337463218213,0.001650981015250247,0.4936708860759494,0.38613861386138615,0.4333333333333333,0.3161619841001928,0.2,0.0,0.6158642781613485,195.0,63.325640701931576,0.001650981015250247,56.12942589999875
0.3684210526315789,0.5212765957446809,0.21212121212121213,0.43171806167400884,0.6545776918117344,0.6274316670770745,0.6408609618356388,0.6297490672438664,0.2737337864756919,0.736734693877551,0.4894266164523625,0.2978723404255319,0.358974358974359,0.3255813953488372,0.18469599506958018,0.15918367346938775,0.0,0.20215705359665923,175.8974358974359,138.50617379824493,0.0015463273444012917,0.3723404255319149,0.35714285714285715,0.3645833333333333,0.20991501458025397,0.2,0.0,0.2977330528431034,175.0,117.55496968099129,0.0015463273444012917,50.2962039999984
0.3728813559322034,0.4230769230769231,0.18829516539440203,0.39639639639639646,0.6173908788412605,0.5562336530078466,0.586015003111353,0.570875713809335,0.22444848888074212,0.7303822937625755,0.41813162614764476,0.22115384615384615,0.30666666666666664,0.25698324022346364,0.10095467776251803,0.15090543259557343,1.0,0.20412202173879432,152.41333333333336,112.67770034843205,0.0033572183133589797,0.3076923076923077,0.32323232323232326,0.31527093596059114,0.13974488698293866,0.19919517102615694,1.0,0.3441099618102262,160.64646464646464,92.99352983465134,0.0033572183133589797,54.32136120001087
0.4583333333333333,0.43137254901960786,0.12839506172839507,0.4444444444444445,0.6514887436456064,0.5771188644892803,0.6131773348390335,0.5877970949370344,0.3100140876855177,0.7830374753451677,0.4288350342786367,0.21568627450980393,0.3793103448275862,0.275,0.15969846041782815,0.11439842209072978,0.0,0.2010119520620145,192.3103448275862,109.44622831787011,0.0017484007764926755,0.45098039215686275,0.45544554455445546,0.4532019704433498,0.3163440592352683,0.1992110453648915,0.0,0.6238262815626875,230.91089108910893,73.73847713624666,0.0017484007764926755,52.301906799999415
0.38738738738738737,0.4056603773584906,0.17801047120418848,0.3963133640552995,0.6138249530771511,0.5432307382820358,0.5774500692146783,0.5612931987648305,0.22393394198787483,0.7315573770491803,0.40334606616385826,0.19811320754716982,0.2876712328767123,0.2346368715083799,0.07166442637298401,0.14959016393442623,3.0,0.20122142186031944,140.3835616438356,104.3626459143969,0.006400271084801281,0.3490566037735849,0.38144329896907214,0.36453201970443344,0.19837442291686272,0.1987704918032787,3.0,0.3718290009395553,186.1443298969072,99.50810696988839,0.006400271084801281,58.52147769999283
0.4144144144144144,0.4423076923076923,0.16666666666666666,0.42790697674418604,0.6378205128205128,0.577889447236181,0.6071159226949525,0.5884186059617433,0.2692352711558564,0.7510121457489879,0.44950796079901933,0.2403846153846154,0.36231884057971014,0.28901734104046245,0.15002320555558038,0.1396761133603239,0.0,0.20243885121942562,178.98550724637678,123.49408154318282,0.0016067710463005028,0.38461538461538464,0.40816326530612246,0.39603960396039606,0.2411634914086314,0.19838056680161945,0.0,0.3905001952500976,201.6326530612245,102.43272727272728,0.0016067710463005028,55.634321200006525
0.29591836734693877,0.3020833333333333,0.16546762589928057,0.29896907216494845,0.5683078537170264,0.4435946462715106,0.5020939367717216,0.4928179770379004,0.1355399100742533,0.7348927875243665,0.38468032949591746,0.17708333333333334,0.26153846153846155,0.2111801242236025,0.0726653609139396,0.1267056530214425,4.0,0.20093491040441958,134.16923076923078,84.60451180824815,0.007980809043486808,0.3125,0.29411764705882354,0.30303030303030304,0.13664956492894118,0.19883040935672514,4.0,0.5564133437212267,150.8823529411765,53.9167515274949,0.007980809043486808,59.66356360001373
0.4,0.4,0.1488833746898263,0.4000000000000001,0.6255583126550868,0.5442284807616027,0.5834780631044063,0.5628694364042757,0.2511166253101737,0.7614314115308151,0.4176750769861646,0.19,0.31666666666666665,0.23750000000000004,0.10868105705632068,0.11928429423459244,0.0,0.2002649049939497,159.28333333333333,94.87433657222178,0.001689002590403226,0.4,0.4,0.4000000000000001,0.2511166253101737,0.1988071570576541,0.0,0.6193544167184485,201.2,64.58337733657197,0.001689002590403226,53.83331600000383
0.30578512396694213,0.3894736842105263,0.20437956204379562,0.34259259259259256,0.5925470610833653,0.522951244813278,0.5566625757170994,0.544745462596647,0.16945418194567086,0.7193675889328063,0.3980359221235217,0.18947368421052632,0.2608695652173913,0.21951219512195122,0.07440512272718998,0.13636363636363635,14.0,0.20093706557742805,132.0,89.58028698325931,0.028491964651480704,0.29473684210526313,0.27722772277227725,0.2857142857142857,0.1144274682972448,0.19960474308300397,14.0,0.37961453309763676,140.27722772277227,73.7590306975903,0.028491964651480704,55.165713599999435
0.40707964601769914,0.4339622641509434,0.18010752688172044,0.4200913242009132,0.6269273686346115,0.5675336758221754,0.5964917384128007,0.5799777150884873,0.24821271267805015,0.7343096234309623,0.4608485547745834,0.3113207547169811,0.4583333333333333,0.37078651685393255,0.23981559996504367,0.1506276150627615,2.0,0.2000736523914011,219.08333333333331,164.93925914564,0.004971712974730334,0.36792452830188677,0.4105263157894737,0.3880597014925373,0.22630626143488555,0.19874476987447698,2.0,0.3283976001595802,196.23157894736843,118.75848051583964,0.004971712974730334,54.926855600002455
0.4246575342465753,0.3229166666666667,0.0967741935483871,0.3668639053254438,0.6130712365591398,0.4757467799397095,0.5400617248673217,0.5163642461445193,0.2527220225118164,0.7981132075471699,0.4300923231256758,0.20833333333333334,0.39215686274509803,0.272108843537415,0.17879122122225705,0.09622641509433963,2.0,0.20166478641339147,207.84313725490193,99.17447837919565,0.005216077632503202,0.4166666666666667,0.37735849056603776,0.3960396039603961,0.25475508554262666,0.2,2.0,0.5813336585663322,200.0,68.80730095457884,0.005216077632503202,62.75055520000751
0.5272727272727272,0.2871287128712871,0.0663265306122449,0.3717948717948718,0.6104010911295211,0.439193942152522,0.5177687336131598,0.4937467626396821,0.2830666347152597,0.8012170385395537,0.4438357871540749,0.18811881188118812,0.5135135135135135,0.2753623188405797,0.21783185562770774,0.07505070993914807,0.0,0.20650357890293874,253.16216216216216,92.00809061488673,0.0022452710469033537,0.44554455445544555,0.45918367346938777,0.45226130653266333,0.313856084350198,0.19878296146044624,0.0,0.5409683262693235,226.37755102040816,83.1841677503251,0.0022452710469033537,53.7859446000075
0.49038461538461536,0.4857142857142857,0.14209115281501342,0.4880382775119617,0.6718115664496362,0.6202611025597172,0.6455219461168009,0.6227204672748157,0.34480931343660154,0.7761506276150628,0.4833725541941486,0.26666666666666666,0.417910447761194,0.3255813953488372,0.1933294205838803,0.1401673640167364,2.0,0.20128718723320418,199.76119402985074,139.10473083197388,0.004344813344936447,0.41904761904761906,0.4631578947368421,0.44,0.2929051815638712,0.19874476987447698,2.0,0.4229165298482958,221.38947368421054,104.03944252494273,0.004344813344936447,53.81109410000499
0.4090909090909091,0.4787234042553192,0.15892420537897312,0.4411764705882353,0.659899599438173,0.610157466348712,0.634541304910662,0.614651980460194,0.3015854148293103,0.7733598409542743,0.4579770051291576,0.2765957446808511,0.38235294117647056,0.3209876543209876,0.19826301517461425,0.13518886679920478,0.0,0.203751725996026,192.3235294117647,127.60628099173553,0.001692853688497781,0.425531914893617,0.4,0.4123711340206186,0.27234329119069944,0.1988071570576541,0.0,0.43658438015693934,201.2,91.6203185868014,0.001692853688497781,54.29347850001068
0.42574257425742573,0.39814814814814814,0.14320987654320988,0.4114832535885168,0.6274691358024691,0.5436592519720901,0.5840628399461347,0.5625444477909642,0.2613756534351617,0.7602339181286549,0.44884572111978793,0.23148148148148148,0.35714285714285715,0.2808988764044944,0.14295788128222592,0.1364522417153996,1.0,0.20342092803030304,183.21428571428572,122.89787605469886,0.0027927126251550594,0.39814814814814814,0.4215686274509804,0.40952380952380946,0.2578853586940796,0.19883040935672514,1.0,0.6058534564393939,216.26470588235296,70.9742587798564,0.0027927126251550594,58.23574479999661
0.425531914893617,0.35398230088495575,0.13846153846153847,0.3864734299516908,0.6077603812117087,0.5017921146953405,0.5522403162720643,0.5328220546713319,0.23074646646780997,0.7475149105367793,0.40644793855427586,0.21238938053097345,0.4067796610169492,0.27906976744186046,0.15907673994794097,0.1172962226640159,1.0,0.20463245938555574,204.61016949152543,117.28344599905675,0.0033633329506633993,0.35398230088495575,0.4,0.3755868544600939,0.20928810072189363,0.1988071570576541,1.0,0.6028470323307061,201.2,66.35182368793191,0.0033633329506633993,56.52081199998793
0.4205607476635514,0.4205607476635514,0.14832535885167464,0.4205607476635514,0.6361176944059383,0.563073354187902,0.5984821834001632,0.5770636813734835,0.27223538881187676,0.7638095238095238,0.44181933610114077,0.2523364485981308,0.3698630136986301,0.3,0.1656607006250093,0.13904761904761906,1.0,0.20196226618802127,194.17808219178082,133.68833945873706,0.002923682793314902,0.40186915887850466,0.4095238095238095,0.40566037735849053,0.25533698742985966,0.2,1.0,0.5561283705363168,215.0,77.32027761599689,0.002923682793314902,61.25335189999896
0.42857142857142855,0.32038834951456313,0.1070559610705596,0.36666666666666664,0.6066661942220019,0.4715754224748852,0.5348727576176143,0.5135162005388665,0.23928211454433118,0.7782101167315175,0.3958851766610805,0.20388349514563106,0.4375,0.2781456953642384,0.19010903867790835,0.0933852140077821,0.0,0.20329573612446347,224.875,103.29778873051818,0.0018122681500916137,0.39805825242718446,0.4019607843137255,0.4,0.25055587323612427,0.19844357976653695,0.0,0.5967259285337089,206.60784313725492,68.70825958702065,0.0018122681500916137,58.56988019999699
0.5227272727272727,0.4107142857142857,0.11023622047244094,0.46,0.6502390326209223,0.5620067034273976,0.6045152563526454,0.576083924953728,0.3287875966958722,0.7809330628803245,0.45817270475713223,0.24107142857142858,0.5,0.3253012048192771,0.2283575658007907,0.10953346855983773,1.0,0.20373029523614158,246.5,132.52815428704204,0.0031566382993582958,0.42857142857142855,0.4897959183673469,0.45714285714285713,0.3121836004956456,0.19878296146044624,1.0,0.6099758572262636,241.46938775510205,78.69163907284768,0.0031566382993582958,52.993834199995035
0.3548387096774194,0.6043956043956044,0.2403846153846154,0.44715447154471544,0.6820054945054945,0.6731737547447516,0.6775752353007117,0.6726717235441394,0.30321080628114827,0.7317554240631163,0.5755289978279887,0.4065934065934066,0.34579439252336447,0.37373737373737376,0.2241370113713678,0.21104536489151873,1.0,0.2030758203745832,175.3177570093458,182.1979590270851,0.0024476273244722533,0.37362637362637363,0.33663366336633666,0.3541666666666667,0.20424100375720253,0.1992110453648915,1.0,0.18230546293122254,170.67326732673268,186.50017094017093,0.0024476273244722533,55.5517031000054
0.4375,0.44545454545454544,0.16321243523316062,0.44144144144144143,0.6411210551106923,0.5814047461611932,0.6105332294848729,0.5912464311031869,0.28043820710523076,0.75,0.4430367265811359,0.2909090909090909,0.463768115942029,0.3575418994413408,0.23415678597993775,0.13911290322580644,0.0,0.20226963366278036,230.0289855072464,158.20466681296176,0.0012817817440393122,0.39090909090909093,0.43434343434343436,0.4114832535885168,0.25551385064772597,0.19959677419354838,0.0,0.4161981416819554,215.43434343434345,103.3161749022396,0.0012817817440393122,52.08729689999018
0.3302752293577982,0.4186046511627907,0.17936117936117937,0.3692307692307692,0.6196217359008057,0.5544079675396533,0.5861085456160467,0.5697727435927767,0.21878002376237404,0.7505070993914807,0.433435658416501,0.23255813953488372,0.29850746268656714,0.26143790849673204,0.12965322471021276,0.1359026369168357,0.0,0.20338071593740478,147.1641791044776,98.3377401727481,0.001345817260384516,0.3488372093023256,0.30612244897959184,0.32608695652173914,0.17283657392923368,0.19878296146044624,0.0,0.42646136196604945,150.91836734693877,70.34634945987979,0.001345817260384516,53.10426439999719
0.5068493150684932,0.3217391304347826,0.09424083769633508,0.3936170212765958,0.6137491463692237,0.4748164082783176,0.539831608247348,0.5157897447011929,0.27102814029376127,0.7706237424547284,0.44543744363441207,0.22608695652173913,0.5,0.31137724550898205,0.2177320343655992,0.10462776659959759,0.0,0.2023138721846047,248.5,128.5131845841785,0.001400625607584297,0.4,0.46464646464646464,0.42990654205607476,0.2758599458820678,0.19919517102615694,0.0,0.5533563773537257,230.92929292929293,83.12906814227446,0.001400625607584297,57.73052110000572
0.4140625,0.4774774774774775,0.1913265306122449,0.4435146443514644,0.6430754734326163,0.6004324285688758,0.6213882588738102,0.6065310508696917,0.27244515653839285,0.73558648111332,0.4695032415708029,0.2702702702702703,0.40540540540540543,0.32432432432432434,0.18500643696295868,0.147117296222664,1.0,0.20335135311698704,203.91891891891893,147.52790940486707,0.003082324293959251,0.36936936936936937,0.41,0.38862559241706157,0.22741375978561457,0.1988071570576541,1.0,0.3398063009358311,206.23,120.65697394982216,0.003082324293959251,55.61180260000401
0.4186046511627907,0.36363636363636365,0.13054830287206268,0.3891891891891892,0.6165440303821506,0.512800769971126,0.5622848508550343,0.5406518003362122,0.24594624388516664,0.7655601659751037,0.43403442824542304,0.24242424242424243,0.41379310344827586,0.3057324840764331,0.19079042302301252,0.12033195020746888,1.0,0.2047012896014414,199.44827586206895,117.24400977995111,0.0033509437807481644,0.37373737373737376,0.3854166666666667,0.3794871794871795,0.22222798492209853,0.1991701244813278,1.0,0.5898633656428822,185.77083333333334,62.72639081370025,0.0033509437807481644,53.470118600002024
0.46534653465346537,0.4351851851851852,0.13333333333333333,0.44976076555023925,0.6509259259259259,0.5794215267899478,0.6141339380193546,0.5896382371540501,0.30947383663388395,0.7758284600389863,0.45670647742895887,0.28703703703703703,0.5081967213114754,0.3668639053254438,0.26823122621204704,0.1189083820662768,0.0,0.20339037519080902,260.7049180327869,152.41625849265287,0.0018423378281809608,0.4351851851851852,0.46078431372549017,0.4476190476190476,0.30580537644652467,0.19883040935672514,0.0,0.6059452076805656,236.3823529411765,77.56476890032086,0.0018423378281809608,57.38935100000526
0.273972602739726,0.43956043956043955,0.26433915211970077,0.33755274261603374,0.5876106437203694,0.5503089658388713,0.5686540298473844,0.5618403896700142,0.14892419875474347,0.6808943089430894,0.4029969810671723,0.21978021978021978,0.21505376344086022,0.21739130434782608,0.03742080584581657,0.18902439024390244,0.0,0.20262565641410352,105.80645161290323,98.70418363569048,0.0012713239285431115,0.23076923076923078,0.21428571428571427,0.22222222222222224,0.037669979011741295,0.1991869918699187,0.0,0.22127531882970744,105.42857142857143,94.90439381611066,0.0012713239285431115,55.13544980000006
0.3829787234042553,0.1836734693877551,0.07142857142857142,0.2482758620689655,0.5561224489795918,0.3066841415465269,0.4129817621397564,0.4205644792568586,0.15276914045214557,0.7837301587301587,0.3662024122353985,0.14285714285714285,0.4375,0.2153846153846154,0.15990572909544326,0.06349206349206349,0.0,0.2012751700796554,220.5,69.55651804670913,0.0021544169158780628,0.3163265306122449,0.31,0.31313131313131315,0.145262872918208,0.1984126984126984,0.0,0.48189805476735836,156.24,64.32895856980704,0.0021544169158780628,52.1524955000059
0.43119266055045874,0.44339622641509435,0.15897435897435896,0.43720930232558136,0.6422109337203676,0.5806621718332141,0.6106616047772326,0.5906831254515243,0.28156553128844175,0.7560483870967742,0.4548690739928928,0.24528301886792453,0.3880597014925373,0.30057803468208094,0.16808432223232184,0.1350806451612903,0.0,0.20148220099652833,192.47761194029852,129.04365681635568,0.001610658367872957,0.37735849056603776,0.40404040404040403,0.3902439024390244,0.23186099212445074,0.19959677419354838,0.0,0.4447322504631878,200.40404040404042,89.94175699724964,0.001610658367872957,57.45861819999118
0.2916666666666667,0.22340425531914893,0.12289156626506025,0.2530120481927711,0.5502563445270443,0.35610631012555033,0.442662124506603,0.4440308966698395,0.11191850505101518,0.756385068762279,0.3461886378962117,0.11702127659574468,0.22916666666666666,0.15492957746478875,0.036997338880191875,0.09430255402750491,4.0,0.2048479410525171,116.64583333333333,53.69836740111494,0.00988052701094133,0.32978723404255317,0.3069306930693069,0.31794871794871793,0.1567568538273326,0.19842829076620824,4.0,0.6129124352542926,156.22772277227725,50.578187383550706,0.00988052701094133,56.32158860001073
0.44,0.4074074074074074,0.14285714285714285,0.4230769230769231,0.6322751322751323,0.5523012552301254,0.5909368402852788,0.568969755086191,0.2721655269759087,0.76,0.4329755244804475,0.23148148148148148,0.38461538461538464,0.28901734104046245,0.15838875330143568,0.13,0.0,0.2051797276177718,192.3076923076923,121.8443960826986,0.0017176346761075495,0.4074074074074074,0.44,0.4230769230769231,0.2721655269759087,0.2,0.0,0.6315823047236309,220.0,69.66629633370367,0.0017176346761075495,52.39318879999337
0.35537190082644626,0.4387755102040816,0.195,0.3926940639269406,0.6218877551020408,0.5679711215029946,0.5943183370166915,0.5798822022654309,0.2259798662730039,0.7329317269076305,0.4257598963124337,0.24489795918367346,0.32,0.2774566473988439,0.13049767237501209,0.15060240963855423,3.0,0.2036130124902971,159.35999999999999,117.87065918070284,0.0066411436445095885,0.3469387755102041,0.3434343434343434,0.3451776649746193,0.18373471440725722,0.19879518072289157,3.0,0.3424317267659304,171.03030303030303,99.28986522688868,0.0066411436445095885,53.39392630000657
0.4794520547945205,0.3333333333333333,0.09947643979057591,0.39325842696629215,0.6169284467713787,0.4865629420084866,0.5478818486405697,0.5233764554085412,0.26941074122909864,0.7782340862422998,0.43209193425143866,0.23809523809523808,0.5102040816326531,0.3246753246753247,0.2396039088471085,0.10061601642710473,1.0,0.2031274263175875,248.46938775510202,123.0754529470224,0.003582938697510789,0.38095238095238093,0.41237113402061853,0.396039603960396,0.238618929193826,0.19917864476386038,1.0,0.5784030559955278,200.82474226804123,69.15592783505156,0.003582938697510789,51.185049199993955
0.4336283185840708,0.45794392523364486,0.17534246575342466,0.4454545454545455,0.6413007297401101,0.5888764673001677,0.6145298269460773,0.5971540192036171,0.2772849353964541,0.7415254237288136,0.46122457039668874,0.2897196261682243,0.484375,0.36257309941520466,0.24374989520358709,0.13559322033898305,1.0,0.20347705666591812,228.625,152.3513289800423,0.0036531900667486276,0.38317757009345793,0.43617021276595747,0.40796019900497515,0.24949079124183546,0.19915254237288135,1.0,0.38953140205105174,205.87234042553192,105.25467211145808,0.0036531900667486276,52.86303300000145
0.408,0.4766355140186916,0.18829516539440203,0.4396551724137931,0.6441701743121447,0.600598050797401,0.6220026937833116,0.6067027495027556,0.27310078147846734,0.74,0.4808276357540562,0.29906542056074764,0.38095238095238093,0.3350785340314136,0.1829226292223573,0.168,8.0,0.20131272375973178,190.47619047619045,158.95666901905435,0.01312712394158095,0.35514018691588783,0.38,0.36714975845410636,0.2023764310098973,0.2,8.0,0.2913280672841962,190.0,130.4371403491661,0.01312712394158095,55.234029300001566
0.43119266055045874,0.44339622641509435,0.15979381443298968,0.43720930232558136,0.6418012059910523,0.5804667373844522,0.6103640324355891,0.5905236124634281,0.2807599147169791,0.7550607287449392,0.4463121967692578,0.2641509433962264,0.4307692307692308,0.3274853801169591,0.2049889682189628,0.13157894736842105,0.0,0.20113494089527,212.8,139.21002425222312,0.0017438411685745277,0.4056603773584906,0.4387755102040816,0.4215686274509804,0.27168170307279704,0.19838056680161945,0.0,0.4335376660542105,216.75510204081633,99.18400030004125,0.0017438411685745277,54.26085390000662
0.43157894736842106,0.40594059405940597,0.135678391959799,0.41836734693877553,0.6351311010498034,0.5524264619482199,0.5923370890179175,0.5691199680704104,0.2765890921362365,0.7715430861723447,0.42467079033123833,0.2376237623762376,0.3870967741935484,0.29447852760736193,0.1731416093181611,0.12424849699398798,1.0,0.20567845698792211,193.16129032258064,116.68698973859635,0.002597118688943082,0.4158415841584158,0.42424242424242425,0.42,0.2746762509207155,0.19839679358717435,1.0,0.6293289376386493,211.6969696969697,66.73775427774106,0.002597118688943082,58.28772900000331
0.44680851063829785,0.4375,0.13032581453634084,0.4421052631578947,0.6535870927318296,0.5821449970041941,0.6168325997710812,0.5917163559885354,0.3096497021339768,0.7858585858585858,0.4528116721557177,0.23958333333333334,0.39655172413793105,0.2987012987012987,0.18669052808025935,0.11717171717171718,2.0,0.2041297727392751,196.29310344827584,112.67342186961021,0.005274744736430796,0.4583333333333333,0.4444444444444444,0.4512820512820513,0.316788658733899,0.2,2.0,0.6187441688524301,220.0,71.11178127400495,0.005274744736430796,54.17417040000146
0.38181818181818183,0.4,0.16707616707616707,0.39069767441860465,0.6164619164619164,0.5404543642885613,0.5772083966554309,0.5595942520783459,0.22897940005010303,0.744140625,0.41455280589810095,0.21904761904761905,0.3333333333333333,0.264367816091954,0.12536485409338033,0.134765625,1.0,0.20198982645122682,170.66666666666666,113.8671209540034,0.002910635472770796,0.37142857142857144,0.38235294117647056,0.37681159420289856,0.218994550573741,0.19921875,1.0,0.46196888090963495,195.76470588235293,84.4212708076948,0.002910635472770796,57.77538999999524
0.4251968503937008,0.5510204081632653,0.18434343434343434,0.48,0.6833384869099155,0.6577171084882536,0.6704054099790125,0.6568053207934212,0.3345872417090837,0.7631578947368421,0.5120320178875131,0.3163265306122449,0.44285714285714284,0.36904761904761907,0.24909766949047632,0.1417004048582996,0.0,0.20032406918172532,218.77142857142857,154.74925268155442,0.0016021630091942723,0.42857142857142855,0.42857142857142855,0.42857142857142855,0.28715728715728717,0.19838056680161945,0.0,0.35436260523442176,211.7142857142857,118.52266401590458,0.0016021630091942723,52.11769250000361
0.49038461538461536,0.51,0.1280193236714976,0.5,0.6909903381642513,0.6435837382458839,0.6668659122548822,0.6418876243179331,0.37638557082268853,0.8015564202334631,0.5348153750828404,0.37,0.5441176470588235,0.44047619047619047,0.3448085804194269,0.13229571984435798,0.0,0.20294769202947693,279.6764705882353,182.3129873022945,0.001228952648476297,0.5,0.49019607843137253,0.495049504950495,0.37160609939070893,0.19844357976653695,0.0,0.5505673855056739,251.9607843137255,90.81540482837904,0.001228952648476297,57.221112699990044
0.43137254901960786,0.41904761904761906,0.145,0.4251207729468599,0.6370238095238095,0.5624369276770697,0.5985697238298261,0.5766026281764138,0.2770116725446403,0.7643564356435644,0.4574123877288304,0.2571428571428571,0.4153846153846154,0.3176470588235294,0.19648954643477057,0.12871287128712872,0.0,0.20236258181237696,209.76923076923077,133.42387588745726,0.001433526527239006,0.41904761904761906,0.43564356435643564,0.4271844660194175,0.2805712709727033,0.2,0.0,0.571116905230671,220.0,77.0420199385074,0.001433526527239006,53.52999949999503
0.47619047619047616,0.19801980198019803,0.054455445544554455,0.2797202797202797,0.5717821782178217,0.3274613175603275,0.4327083838299437,0.4316085708047065,0.2079614597321577,0.7960396039603961,0.41173544698728426,0.1485148514851485,0.5,0.22900763358778625,0.18848425873126298,0.0594059405940594,2.0,0.2092160223660781,252.5,71.69622971683106,0.009069380087065971,0.36633663366336633,0.36633663366336633,0.36633663366336633,0.2079207920792079,0.2,2.0,0.5041853189329517,185.0,73.38571475723668,0.009069380087065971,56.496350500005065
0.46875,0.4205607476635514,0.1328125,0.4433497536945813,0.6438741238317757,0.5664228610307875,0.603908124936638,0.5796495466253946,0.2995270327662557,0.769857433808554,0.4276247350931871,0.24299065420560748,0.4406779661016949,0.3132530120481928,0.1994051106457193,0.12016293279022404,1.0,0.20092062520939855,216.37288135593218,129.40433553251648,0.0031655911076799393,0.4205607476635514,0.45918367346938777,0.43902439024390244,0.29182869773412434,0.19959266802443992,1.0,0.6398490873865607,225.45918367346937,70.32908366533864,0.0031655911076799393,53.87712019999162
0.391304347826087,0.3564356435643564,0.13895781637717122,0.3730569948186528,0.6087389135935926,0.5041670870749672,0.5539910873431645,0.5344442269680594,0.2253645870222527,0.7599206349206349,0.4279003065449798,0.2376237623762376,0.3870967741935484,0.29447852760736193,0.17468122762689445,0.12301587301587301,1.0,0.20438525404810323,195.09677419354838,117.42530111468542,0.0033449624453584636,0.37623762376237624,0.38,0.37810945273631846,0.22322388007487973,0.1984126984126984,1.0,0.6258772801639119,191.52,60.71477780763687,0.0033449624453584636,53.81659309999668
0.3592814371257485,0.625,0.25783132530120484,0.45627376425855515,0.6835843373493976,0.6785635602555629,0.6810693222328744,0.678206593987248,0.30576504111129393,0.7201565557729941,0.5533796017115152,0.3541666666666667,0.32075471698113206,0.33663366336633666,0.17404908047976073,0.20743639921722112,1.0,0.20144745673680217,163.9056603773585,168.778502100536,0.0025624860190525227,0.34375,0.3235294117647059,0.33333333333333337,0.17344406059399123,0.19960861056751467,1.0,0.18806723670003211,165.32352941176472,175.46915974862284,0.0025624860190525227,53.736615400004666
0.358974358974359,0.4375,0.18472906403940886,0.39436619718309857,0.6263854679802956,0.569427377734087,0.5972277911172241,0.5813527277642454,0.2351269845865378,0.7430278884462151,0.42265159765181703,0.23958333333333334,0.34328358208955223,0.2822085889570552,0.15173300557673655,0.13346613545816732,2.0,0.2036831271972167,172.32835820895522,112.92049722768735,0.004864220416644865,0.3645833333333333,0.35,0.3571428571428571,0.2013476946826673,0.199203187250996,2.0,0.4013916464780779,175.70000000000002,87.19663278271919,0.004864220416644865,51.91698270000052
0.37142857142857144,0.38235294117647056,0.16624685138539042,0.37681159420289856,0.6080530448955401,0.5242765763021626,0.5646131140771873,0.5477136389029001,0.21380585012129574,0.7414829659318637,0.3916370386218223,0.20588235294117646,0.3181818181818182,0.25,0.11014694035387514,0.13226452905811623,2.0,0.20114708937361694,158.77272727272728,104.40121239335429,0.005497393800079648,0.3627450980392157,0.37373737373737376,0.3681592039800995,0.2088925796347763,0.19839679358717435,2.0,0.5022505231149046,186.49494949494948,73.66841505814651,0.005497393800079648,56.6563399000006
0.4342105263157895,0.3113207547169811,0.10696517412935323,0.3626373626373627,0.6021777902938139,0.46169134840218234,0.5272762805006476,0.5071913904160605,0.23281115833614374,0.7716535433070866,0.37799537854706566,0.1792452830188679,0.40425531914893614,0.2483660130718954,0.1536920947024616,0.09251968503937008,1.0,0.20626966365022217,205.36170212765958,92.11243022250177,0.004060554146212895,0.3867924528301887,0.40594059405940597,0.39613526570048313,0.24184798998809232,0.19881889763779528,1.0,0.5852713178294574,206.21782178217822,70.05298013245033,0.004060554146212895,55.077891099994304
0.32954545454545453,0.30851063829787234,0.14320388349514562,0.3186813186813187,0.5826533774013634,0.4536671836915577,0.5141310307636088,0.5006680014282547,0.1696186717562937,0.7549407114624506,0.377096542903508,0.14893617021276595,0.24561403508771928,0.18543046357615892,0.054823613642588594,0.11264822134387352,4.0,0.20575135841325454,124.28070175438596,68.04329316689517,0.00902337424935044,0.35106382978723405,0.32673267326732675,0.3384615384615385,0.18099766443242618,0.19960474308300397,4.0,0.6147302473351347,165.32673267326732,53.682082739633394,0.00902337424935044,55.987504799995804
0.423728813559322,0.24752475247524752,0.085,0.3125,0.5812623762376238,0.38964357194566285,0.47590455819927957,0.46453571634634794,0.20228936696735722,0.780439121756487,0.4050529993823623,0.1782178217821782,0.46153846153846156,0.2571428571428571,0.18824967668524475,0.07784431137724551,2.0,0.2040550134561725,231.23076923076923,88.21150578525771,0.0069978424447850055,0.37623762376237624,0.38,0.37810945273631846,0.2220636538558111,0.1996007984031936,2.0,0.5486651146664024,190.38,69.2590051457976,0.0069978424447850055,56.74864869999874
0.4891304347826087,0.3813559322033898,0.1189873417721519,0.4285714285714285,0.6311842952156189,0.532300005098659,0.5796373034592127,0.5545348104947259,0.2878169932696447,0.7660818713450293,0.4361366050947162,0.22033898305084745,0.43333333333333335,0.29213483146067415,0.1758212167229116,0.11695906432748537,2.0,0.20536338095167309,222.3,126.60484980094101,0.0054213380269262645,0.3983050847457627,0.46078431372549017,0.42727272727272725,0.2731659672006804,0.19883040935672514,2.0,0.6132508807658575,236.3823529411765,76.64073786784311,0.0054213380269262645,60.00901090000116
0.4,0.18018018018018017,0.075,0.24844720496894407,0.5525900900900901,0.30160994497656407,0.408248290463863,0.41787907743777075,0.14597884752150495,0.7632093933463796,0.35075567899100546,0.12612612612612611,0.3888888888888889,0.19047619047619047,0.11461001923540856,0.07045009784735812,1.0,0.20247152602362622,198.72222222222223,69.14552517555654,0.004445111366138441,0.3783783783783784,0.4117647058823529,0.39436619718309857,0.2356051232898932,0.19960861056751467,1.0,0.5438718557621043,210.41176470588238,77.2240731985427,0.004445111366138441,59.28890140001022
0.4126984126984127,0.25742574257425743,0.09273182957393483,0.3170731707317073,0.5823469565001613,0.40105675813874214,0.48327443806383735,0.4708423108337544,0.19925704696920032,0.776,0.3747795455714975,0.15841584158415842,0.36363636363636365,0.2206896551724138,0.12505638142810774,0.088,2.0,0.20342615541624143,181.81818181818184,78.65261950834946,0.007002041113864995,0.39603960396039606,0.4,0.3980099502487563,0.2465801226121361,0.2,2.0,0.6046654031199883,200.0,66.15228818054685,0.007002041113864995,58.979126699996414
0.4563106796116505,0.43119266055045874,0.1362530413625304,0.44339622641509435,0.6474698095939642,0.5752258153485486,0.6102797302362725,0.5864140472089235,0.3012178020766896,0.7730769230769231,0.4609685697476533,0.28440366972477066,0.484375,0.3583815028901734,0.2528888311662639,0.12307692307692308,2.0,0.20257932799447903,251.875,153.0264726756565,0.004688994778746479,0.44036697247706424,0.46153846153846156,0.4507042253521127,0.30946186611104853,0.2,2.0,0.642143401434877,240.0,74.7496585540604,0.004688994778746479,60.78631690000475
0.3875,0.3163265306122449,0.12098765432098765,0.3483146067415731,0.5976694381456287,0.46523196256560495,0.5273091367252926,0.5090583409188092,0.21155050058847685,0.7693836978131213,0.3897249371878607,0.15306122448979592,0.30612244897959184,0.20408163265306123,0.09231224047887328,0.09741550695825049,0.0,0.20243697478991596,153.9795918367347,74.09713574097137,0.0019814307432714636,0.3673469387755102,0.36,0.3636363636363636,0.20773200617786763,0.1988071570576541,0.0,0.6129271708683474,181.07999999999998,58.73454744875808,0.0019814307432714636,51.644053600000916
0.3333333333333333,0.40217391304347827,0.18181818181818182,0.3645320197044335,0.6101778656126482,0.5392712550607287,0.5736300056649839,0.5581550716114215,0.20546512497283828,0.7414829659318637,0.40931038892230476,0.21739130434782608,0.2898550724637681,0.24844720496894407,0.10896723937005846,0.13827655310621242,0.0,0.2023501877224633,144.63768115942028,98.83855421686748,0.001302685009852624,0.3695652173913043,0.3434343434343434,0.35602094240837695,0.20406725058186959,0.19839679358717435,0.0,0.42764964974726544,171.37373737373738,79.50433262389784,0.001302685009852624,52.609306400001515
0.4260869565217391,0.47572815533980584,0.16666666666666666,0.4495412844036697,0.6545307443365695,0.6056860321384425,0.6296349175910102,0.611002091984301,0.2970274351674532,0.7595190380761523,0.4525793336635322,0.3106796116504854,0.4444444444444444,0.3657142857142857,0.24150231665540475,0.14428857715430862,4.0,0.20361083249749248,221.77777777777777,157.16256157635468,0.008258226197012495,0.4077669902912621,0.42424242424242425,0.4158415841584158,0.26775576672540297,0.19839679358717435,4.0,0.37328909806342103,211.6969696969697,112.51333140424124,0.008258226197012495,54.10453400001279
0.4827586206896552,0.28,0.07633587786259542,0.35443037974683544,0.6018320610687024,0.42973110096397765,0.5085528037465463,0.4880297048416514,0.2541863234379473,0.7931034482758621,0.39717254613248754,0.18,0.47368421052631576,0.2608695652173913,0.1946510232422266,0.07707910750507099,2.0,0.20301515908712311,233.5263157894737,88.6633297776319,0.007565334979569039,0.41,0.41836734693877553,0.41414141414141414,0.266973409298249,0.19878296146044624,2.0,0.5229385307346327,206.25510204081633,78.40309633027523,0.007565334979569039,55.06282089999877
0.37662337662337664,0.26605504587155965,0.1266490765171504,0.31182795698924737,0.5697029846772046,0.4078606330996389,0.48203674134779245,0.47335249726536943,0.15927512370185493,0.7377049180327869,0.3297025381302636,0.11009174311926606,0.23529411764705882,0.15,0.009788086278063542,0.10450819672131148,5.0,0.20052982137450803,114.8235294117647,59.841473541179134,0.011339790453785182,0.3211009174311927,0.36082474226804123,0.33980582524271846,0.16438936086205316,0.1987704918032787,5.0,0.6189373297002725,176.08247422680412,56.548536209553156,0.011339790453785182,53.50242990000697
0.46534653465346537,0.44339622641509435,0.12949640287769784,0.45410628019323673,0.6569499117686983,0.5875303476419237,0.6212712853856955,0.5959102332852142,0.3196650229408566,0.7839388145315488,0.4577076689310948,0.25471698113207547,0.391304347826087,0.30857142857142855,0.18292889824375952,0.13193116634799235,2.0,0.2056091381839193,204.6521739130435,131.3171206225681,0.004949642829533306,0.4528301886792453,0.46153846153846156,0.45714285714285713,0.32081747291667934,0.1988527724665392,2.0,0.6466657777382698,241.38461538461536,74.22690615835778,0.004949642829533306,60.38189360000251
0.484375,0.30392156862745096,0.08148148148148149,0.3734939759036144,0.6112200435729848,0.45672191528545114,0.5283536589837441,0.5044374840413748,0.26850279070584765,0.7948717948717948,0.4118344272544634,0.20588235294117646,0.5,0.2916666666666667,0.22401814881850596,0.08284023668639054,1.0,0.20536814790788194,253.49999999999997,102.25538971807629,0.004705114450242822,0.43137254901960786,0.43564356435643564,0.43349753694581283,0.29170712558975664,0.1992110453648915,1.0,0.5969672397015894,220.87128712871288,73.70588714716509,0.004705114450242822,57.876232900001924
0.46153846153846156,0.4444444444444444,0.14035087719298245,0.4528301886792453,0.652046783625731,0.585949177877429,0.6181150999636871,0.5948208149241365,0.3083446135075447,0.7712031558185405,0.4637407853268153,0.25925925925925924,0.4444444444444444,0.32748538011695905,0.21291284975123395,0.1242603550295858,0.0,0.20105539341410925,225.33333333333334,139.2651026392962,0.0015979087503874736,0.4351851851851852,0.46534653465346537,0.44976076555023925,0.307378931947541,0.1992110453648915,0.0,0.5572654108074644,235.93069306930695,84.34042215521346,0.0015979087503874736,56.3430909000017
0.35714285714285715,0.26595744680851063,0.11278195488721804,0.3048780487804878,0.5765877459606463,0.4092390927377402,0.4857594528577221,0.4748627611547326,0.1723933284055717,0.768762677484787,0.3826486583028985,0.1702127659574468,0.34782608695652173,0.22857142857142854,0.12833781568708683,0.09330628803245436,4.0,0.20551818759830004,171.47826086956522,77.85199055605308,0.009981812775028832,0.3404255319148936,0.32653061224489793,0.3333333333333333,0.1722687934885507,0.19878296146044624,4.0,0.5792925743733895,160.9795918367347,55.239789729074,0.009981812775028832,54.32825340000272
0.37662337662337664,0.29292929292929293,0.11764705882352941,0.32954545454545453,0.5876411170528817,0.43983822042467147,0.5083965215979606,0.4931519876495043,0.19360028329264867,0.7672583826429981,0.41883854336011894,0.16161616161616163,0.3333333333333333,0.217687074829932,0.11263273684383387,0.09467455621301775,3.0,0.20251837998194247,169.0,79.0051747472335,0.0073628049051954435,0.36363636363636365,0.3564356435643564,0.36000000000000004,0.20278716445742,0.1992110453648915,3.0,0.5810653940410164,180.71287128712873,61.955160932297446,0.0073628049051954435,53.410135900005116
0.34507042253521125,0.5697674418604651,0.21678321678321677,0.4298245614035087,0.6764921125386242,0.6596550273453933,0.6680205258789651,0.6593425348226114,0.2946012469584187,0.7475728155339806,0.5055821893040323,0.3372093023255814,0.35365853658536583,0.3452380952380952,0.2178024599165809,0.15922330097087378,1.0,0.20289451711661563,182.1341463414634,142.93141289437585,0.0030257266549489218,0.4186046511627907,0.34951456310679613,0.380952380952381,0.24469212143597707,0.2,1.0,0.29081400969721827,180.0,123.79045988011887,0.0030257266549489218,58.126381100009894
0.375,0.3068181818181818,0.1111111111111111,0.33749999999999997,0.5978535353535354,0.45617740232312565,0.5222329678670935,0.5035895286810537,0.21221108611629855,0.7849898580121704,0.406138010592638,0.19318181818181818,0.3333333333333333,0.2446043165467626,0.137347049184784,0.10344827586206896,2.0,0.20567959666632368,164.33333333333334,82.65282641320661,0.005143292579635144,0.36363636363636365,0.32653061224489793,0.3440860215053763,0.19255157371687806,0.19878296146044624,2.0,0.5471927838940907,160.9795918367347,58.480303362687636,0.005143292579635144,59.195710100000724
0.4153846153846154,0.2571428571428571,0.1,0.3176470588235294,0.5785714285714286,0.39999999999999997,0.4810702354423639,0.46998267259745297,0.1899764506599108,0.7608247422680412,0.3751808138312557,0.18095238095238095,0.41304347826086957,0.25165562913907286,0.1544798979578141,0.09484536082474226,2.0,0.20290148253041643,200.32608695652175,93.64150405925082,0.004964008543446117,0.34285714285714286,0.3711340206185567,0.3564356435643564,0.18773481537065956,0.2,2.0,0.5671329075513684,180.0,63.4771841320798,0.004964008543446117,59.596738899999764
0.3783783783783784,0.2828282828282828,0.11471321695760599,0.3236994219653179,0.5840575329353385,0.4286977335949798,0.5003839932076714,0.48643676433383964,0.18865823162536044,0.766,0.40187455066701006,0.1717171717171717,0.3469387755102041,0.22972972972972974,0.12319632953144397,0.098,1.0,0.20161491847316798,173.46938775510205,84.31915717716322,0.0035383894546136066,0.3333333333333333,0.33,0.3316582914572864,0.16562433832738482,0.2,1.0,0.5672362091584932,165.0,58.17682204906523,0.0035383894546136066,55.453628600007505
0.43333333333333335,0.5148514851485149,0.16267942583732056,0.47058823529411764,0.6760860296555972,0.6376344462740426,0.6565788156444454,0.63817568002319,0.33069425773952765,0.7745664739884393,0.5240455844600838,0.3465346534653465,0.4861111111111111,0.4046242774566474,0.29551441209938156,0.13872832369942195,0.0,0.20329784679420476,252.29166666666669,172.16119379478698,0.0014996914649853244,0.48514851485148514,0.47572815533980584,0.4803921568627451,0.3533353432084191,0.19845857418111754,0.0,0.3948130953333867,246.9029126213592,124.10935852728895,0.0014996914649853244,59.70705929999531
0.4,0.41904761904761906,0.16417910447761194,0.4093023255813954,0.6274342572850036,0.558223833257816,0.5918181783444181,0.5731156788535618,0.2505718433452721,0.7495069033530573,0.4385165786485131,0.22857142857142856,0.36363636363636365,0.2807017543859649,0.14943989560788068,0.1301775147928994,2.0,0.2017319751816583,184.36363636363637,118.96973684210526,0.005040599855776716,0.38095238095238093,0.39603960396039606,0.38834951456310685,0.23255174031774897,0.1992110453648915,2.0,0.43475231427718236,200.7920792079208,92.00641074563077,0.005040599855776716,56.02972759999102
0.5555555555555556,0.09615384615384616,0.01990049751243781,0.1639344262295082,0.5381266743207042,0.17512667792692682,0.30698589019310024,0.36072936105913345,0.16635752595617598,0.7984189723320159,0.37237479077123226,0.07692307692307693,0.5333333333333333,0.13445378151260504,0.14178631134755187,0.029644268774703556,0.0,0.21322262024310915,269.8666666666667,37.51947139041192,0.001535212842108668,0.27884615384615385,0.2871287128712871,0.2829268292682927,0.10083659223040396,0.19960474308300397,0.0,0.42693985221601044,145.28712871287127,67.92525890819729,0.001535212842108668,54.838283000004594
0.4411764705882353,0.4205607476635514,0.13970588235294118,0.430622009569378,0.6404274326553051,0.564944471269918,0.6015030651029156,0.5785337613092619,0.2859096476668867,0.7689320388349514,0.45466885593162143,0.27102803738317754,0.43283582089552236,0.3333333333333333,0.2145354212865049,0.13009708737864079,1.0,0.20460262158826378,222.910447761194,141.73816432498472,0.0033087855530364472,0.42990654205607476,0.44660194174757284,0.43809523809523804,0.29434261599534656,0.2,1.0,0.6114331245020076,230.0,75.23308462796402,0.0033087855530364472,56.79266490000009
0.5416666666666666,0.13829787234042554,0.02631578947368421,0.22033898305084748,0.5559910414333707,0.2421953675730111,0.3669583827183356,0.39040050951929894,0.20510916987982136,0.8203125,0.44556984392719257,0.11702127659574468,0.55,0.1929824561403509,0.19081530805416733,0.0390625,0.0,0.21370052135370307,281.6,51.47390343420605,0.0038285670777398317,0.32978723404255317,0.30392156862745096,0.31632653061224486,0.15502155696910772,0.19921875,0.0,0.40218714236407566,155.6078431372549,77.07854561878952,0.0038285670777398317,56.39756630000193
0.4262295081967213,0.5306122448979592,0.18229166666666666,0.4727272727272728,0.6741602891156463,0.6435947970043359,0.6587002766219009,0.6439416365426558,0.32242344721446087,0.7593360995850622,0.4964046620666903,0.3163265306122449,0.4246575342465753,0.3625730994152047,0.2323401196932701,0.15145228215767634,0.0,0.20244532897762413,204.68493150684932,153.12776124079588,0.0016240964876534317,0.41836734693877553,0.4270833333333333,0.422680412371134,0.2772683141090767,0.1991701244813278,0.0,0.3282164322301337,205.85416666666669,124.91757259506208,0.0016240964876534317,52.407520799999475
0.45569620253164556,0.375,0.10070257611241218,0.4114285714285714,0.637148711943794,0.5292901447277739,0.5807207021949927,0.5523583973558333,0.2965283712994732,0.8030592734225621,0.447075745180614,0.20833333333333334,0.4,0.273972602739726,0.1817821788609442,0.09560229445506692,1.0,0.20196680595411906,209.20000000000002,99.02617366015787,0.00395940362291127,0.46875,0.4326923076923077,0.45,0.32062553720758347,0.1988527724665392,1.0,0.5762137307221131,226.2980769230769,78.09602166821995,0.00395940362291127,57.288755900008255
0.42528735632183906,0.3627450980392157,0.12437810945273632,0.3915343915343915,0.6191834942932397,0.5129780613651581,0.5635845531345324,0.5408901415869587,0.2534145627454944,0.7718253968253969,0.3997256372690796,0.20588235294117646,0.375,0.2658227848101266,0.15190117969695785,0.1111111111111111,0.0,0.2035771868936682,189.0,103.15497684408349,0.0013336588791593848,0.38235294117647056,0.39,0.38613861386138615,0.2323291312999022,0.1984126984126984,0.0,0.6371847074577105,196.56,61.20674200673343,0.0013336588791593848,55.3702379999886
0.3069306930693069,0.31313131313131315,0.17114914425427874,0.31,0.5709910844385172,0.45454152249134955,0.5094498570513788,0.4994599803313995,0.14091433187499267,0.7283464566929134,0.3729614232393541,0.1717171717171717,0.2698412698412698,0.20987654320987653,0.07120339746284202,0.12401574803149606,0.0,0.20340138262308916,137.0793650793651,83.57858624541248,0.0012844694233090392,0.31313131313131315,0.3069306930693069,0.31,0.14091433187499267,0.19881889763779528,0.0,0.602836649248645,155.92079207920793,51.42354904705502,0.0012844694233090392,52.89774289999332
0.47959183673469385,0.46534653465346537,0.13246753246753246,0.4723618090452262,0.6664395010929665,0.6057612533523704,0.6353764454759113,0.6105118903194252,0.33662669404843587,0.7839506172839507,0.47176510388649784,0.26732673267326734,0.42857142857142855,0.3292682926829268,0.20996694840837868,0.12962962962962962,3.0,0.20248378256495647,208.2857142857143,133.34401233510366,0.007089868166289577,0.45544554455445546,0.4742268041237113,0.46464646464646464,0.32787125345535206,0.19958847736625515,3.0,0.5851458701911403,230.4742268041237,78.61287645245434,0.007089868166289577,55.75818580000487
0.3805309734513274,0.5119047619047619,0.17766497461928935,0.43654822335025384,0.6671198936427363,0.6310068390778567,0.6488121572330924,0.6327114181888308,0.29940582558223283,0.7677824267782427,0.47462848704888994,0.2619047619047619,0.3188405797101449,0.2875816993464052,0.15444293466202025,0.14435146443514643,3.0,0.2029126048418653,152.40579710144928,108.42106145719795,0.0069997318514048185,0.40476190476190477,0.35789473684210527,0.3798882681564246,0.23837548088594496,0.19874476987447698,3.0,0.36766532264924545,171.07368421052632,92.47540604321874,0.0069997318514048185,52.891636599990306
0.45544554455445546,0.46464646464646464,0.14066496163682865,0.45999999999999996,0.661990751504818,0.6031609756097562,0.6318915947552093,0.6085986463693442,0.3215812391144724,0.7795918367346939,0.4903041808509324,0.29292929292929293,0.4603174603174603,0.3580246913580246,0.2470765769247338,0.12857142857142856,0.0,0.2044174822362247,225.55555555555557,141.86653549762258,0.0014393651280058882,0.46464646464646464,0.46938775510204084,0.467005076142132,0.3329165029219743,0.2,0.0,0.5359129910175626,230.0,85.83482910660122,0.0014393651280058882,56.481355600000825
0.4305555555555556,0.3229166666666667,0.10024449877750612,0.369047619047619,0.6113360839445804,0.4752640239965006,0.5390232344433435,0.5160109506337303,0.24989237893028693,0.7900990099009901,0.41761012628122973,0.19791666666666666,0.3958333333333333,0.26388888888888884,0.16992738689192838,0.09504950495049505,0.0,0.2058545939386676,199.89583333333334,92.29815879484754,0.0018589998503378375,0.40625,0.38613861386138615,0.39593908629441626,0.24980891230105595,0.2,0.0,0.5826579377087984,195.0,66.93464119507367,0.0018589998503378375,56.13868450000882
0.4036697247706422,0.39285714285714285,0.16709511568123395,0.3981900452488688,0.6128810135879544,0.5338925923151824,0.5720250284080493,0.5547229925854487,0.2279703812805641,0.7345309381237525,0.42174621175314286,0.22321428571428573,0.3333333333333333,0.26737967914438504,0.11056170046699942,0.1497005988023952,7.0,0.20448911956834334,167.00000000000003,122.2558933833378,0.011736377151887594,0.3482142857142857,0.39,0.3679245283018868,0.1995069252909,0.1996007984031936,7.0,0.42031744292737705,195.39,92.78701290238499,0.011736377151887594,58.109588099992834
