0.2761904761904762,0.58,0.12837837837837837,0.3741935483870968,0.7258108108108108,0.6965183392291937,0.7110137414569008,0.6894512855967183,0.32721920787109104,0.8489096573208723,0.5520503416321514,0.28,0.2028985507246377,0.23529411764705885,0.1618844893011362,0.10747663551401869,4.0,0.20256142819026365,130.2608695652174,69.11483654652137,0.007544601286985883,0.62,0.2421875,0.348314606741573,0.30596074081781244,0.19937694704049844,4.0,0.6129235695054212,155.484375,50.57726858997191,0.007544601286985883,58.44115060000331
0.28125,0.631578947368421,0.15619694397283532,0.3891891891891892,0.7376910016977929,0.7224274725940282,0.730019346258641,0.7170410300691867,0.3382734767523259,0.8250773993808049,0.5354986144173459,0.2807017543859649,0.2,0.23357664233576644,0.14814223764020204,0.1238390092879257,6.0,0.2029314482132434,129.2,78.84435922019814,0.009655153188763465,0.631578947368421,0.27906976744186046,0.3870967741935483,0.3360809197173856,0.1996904024767802,6.0,0.6693257236742547,180.27906976744185,53.78547204547657,0.009655153188763465,60.122313400002895
0.2808988764044944,0.5555555555555556,0.11091854419410745,0.373134328358209,0.7223185056807241,0.6838176486270329,0.7028044835616694,0.6760912260808061,0.3289585403602775,0.864951768488746,0.5798301532106052,0.3111111111111111,0.23728813559322035,0.2692307692307692,0.20610869200055557,0.09485530546623794,3.0,0.2036203722642667,147.59322033898306,68.75539929683576,0.0063602489741719555,0.6222222222222222,0.22580645161290322,0.33136094674556216,0.29558696550214153,0.19935691318327975,3.0,0.5724074452853344,140.4516129032258,48.916205109880295,0.0063602489741719555,58.59918590000598
0.22727272727272727,0.6521739130434783,0.17142857142857143,0.33707865168539325,0.7403726708074534,0.7298657718120806,0.7351004494675905,0.7258004906372674,0.3068362218873588,0.8159126365054602,0.5839103847923277,0.30434782608695654,0.1728395061728395,0.2204724409448819,0.1489429340136544,0.12636505460218408,13.0,0.2033880717046722,110.79012345679013,68.83392857142857,0.020155915583654246,0.6304347826086957,0.2265625,0.33333333333333337,0.29959657897127046,0.1996879875195008,13.0,0.5391340441538901,145.2265625,53.78996246751996,0.020155915583654246,57.75325939999311
0.2601626016260163,0.64,0.15268456375838926,0.369942196531792,0.7436577181208055,0.7292089707143179,0.7363979081954476,0.7234926980981429,0.3316766514649913,0.8312693498452013,0.5517327129320129,0.24,0.16,0.19199999999999998,0.11202637070267443,0.11609907120743033,11.0,0.20200122140273408,103.36,59.40558139534883,0.017955187405618717,0.64,0.24806201550387597,0.3575418994413408,0.3190159634653176,0.1996904024767802,11.0,0.6246770329308968,160.24806201550388,51.22647114119195,0.017955187405618717,57.14495170000009
0.28888888888888886,0.5,0.10756302521008404,0.3661971830985915,0.696218487394958,0.6409173204586602,0.6679958737858774,0.6383580469633361,0.30830546392233116,0.8608964451313755,0.5137470083152704,0.23076923076923078,0.21428571428571427,0.22222222222222224,0.15162572259305604,0.0865533230293663,9.0,0.20172431178783906,138.64285714285714,59.48712821794552,0.017660414516218772,0.5384615384615384,0.21705426356589147,0.30939226519337015,0.2508936229280774,0.19938176197836166,9.0,0.5617878390642331,140.4341085271318,49.84087951536908,0.017660414516218772,63.38480460000574
0.25,0.803921568627451,0.2106164383561644,0.3813953488372093,0.7966525651356433,0.7965862395954061,0.7966194016752519,0.7965226851030374,0.36841494360634347,0.7905511811023622,0.6096127114661363,0.3137254901960784,0.17391304347826086,0.22377622377622378,0.141756560051254,0.14488188976377953,24.0,0.20087667081552033,110.43478260869566,79.65086206896551,0.03752961970451242,0.45098039215686275,0.18110236220472442,0.25842696629213485,0.1854208069174719,0.2,24.0,0.3344877969587099,115.0,68.76185083319851,0.03752961970451242,56.74025979998987
0.2684563758389262,0.7692307692307693,0.18166666666666667,0.39800995024875624,0.7937820512820513,0.7930226924008723,0.7934022809944395,0.7923257169898013,0.37910143192689466,0.8144171779141104,0.6331276211999387,0.34615384615384615,0.1978021978021978,0.2517482517482518,0.17549579446726624,0.13957055214723926,3.0,0.20291040706034014,128.96703296703296,88.7091020158827,0.0048276115900396255,0.5769230769230769,0.23076923076923078,0.3296703296703296,0.27817989892135814,0.19938650306748465,3.0,0.400218156576925,150.46153846153848,74.95911793855302,0.0048276115900396255,59.436496099981014
0.24770642201834864,0.5510204081632653,0.1357615894039735,0.3417721518987341,0.7076294093796459,0.6729694886119466,0.6900818804728857,0.6683270563918622,0.293374710968784,0.8407350689127105,0.5331949047495553,0.30612244897959184,0.20833333333333334,0.24793388429752064,0.1781102326651407,0.11026033690658499,10.0,0.20340255839245946,136.04166666666669,73.74538510502865,0.016825481963873262,0.5714285714285714,0.2153846153846154,0.3128491620111732,0.2655941872178421,0.1990811638591118,10.0,0.5867212180848309,140.64615384615385,47.722835201694764,0.016825481963873262,59.299345100007486
0.2191780821917808,0.6153846153846154,0.19224283305227655,0.3232323232323232,0.7115708911661695,0.6985689545164525,0.7050399517093279,0.6959553478986963,0.275288601058184,0.7922480620155039,0.5253012671054058,0.3076923076923077,0.17582417582417584,0.2237762237762238,0.14172674092189855,0.14108527131782947,7.0,0.20194682202881872,113.4065934065934,79.22877834500771,0.009498200990584264,0.4807692307692308,0.1937984496124031,0.27624309392265195,0.20785661287006246,0.2,7.0,0.39089884677167996,125.0,63.95516437684004,0.009498200990584264,58.72793239998282
0.26,0.6190476190476191,0.12436974789915967,0.36619718309859156,0.7473389355742297,0.7253159134718354,0.7362450833310139,0.716634025731927,0.33745702100677133,0.858712715855573,0.6093724333753119,0.35714285714285715,0.22058823529411764,0.27272727272727276,0.21543499957096585,0.10675039246467818,16.0,0.20309344105453386,140.51470588235293,73.85762889295995,0.028093453570681777,0.6666666666666666,0.2204724409448819,0.33136094674556216,0.31074876976807436,0.19937205651491366,16.0,0.6116721590305092,140.44094488188975,45.776155717761554,0.028093453570681777,62.02035649999743
0.2925170068027211,0.7413793103448276,0.171900826446281,0.41951219512195126,0.7847392419492732,0.7823434350770795,0.7835404228158097,0.7804156708111536,0.38733387982266726,0.8205128205128205,0.6245840337737497,0.3793103448275862,0.25,0.3013698630136986,0.22502615964111705,0.13273001508295626,9.0,0.20297523014140648,165.75,108.38760958503799,0.014077968591894311,0.5862068965517241,0.25757575757575757,0.35789473684210527,0.30015950770238914,0.19909502262443438,9.0,0.42391098035493974,170.77272727272728,80.20551855375832,0.014077968591894311,57.205440899997484
0.21476510067114093,0.6666666666666666,0.1927512355848435,0.3248730964467005,0.7369577155409115,0.7302533532041728,0.7335978755036288,0.7277279394331885,0.29460995755302394,0.7969465648854962,0.5635682178016599,0.3125,0.16304347826086957,0.2142857142857143,0.13923675913374153,0.14045801526717558,20.0,0.20013842151738623,106.79347826086956,74.94812783210112,0.029192511392265776,0.5208333333333334,0.19083969465648856,0.2793296089385475,0.22555152369413697,0.2,20.0,0.40712632156750433,125.0,61.406002696523835,0.029192511392265776,57.605586000019684
0.17164179104477612,0.6571428571428571,0.17731629392971246,0.272189349112426,0.7399132816065722,0.730654165253061,0.7352691487692811,0.7270603651893597,0.26726849543888354,0.8139183055975794,0.573714972968317,0.34285714285714286,0.14634146341463414,0.20512820512820512,0.15694762349456876,0.12405446293494705,7.0,0.20091816180259522,96.73170731707317,59.725810212170664,0.01134492107823985,0.6285714285714286,0.16666666666666666,0.26347305389221554,0.25366656751662103,0.19969742813918306,7.0,0.5927530800580878,110.16666666666666,37.11494843323982,0.01134492107823985,61.34842779999599
0.2,0.7045454545454546,0.21196581196581196,0.31155778894472363,0.7462898212898212,0.7439548140243107,0.7451214029981323,0.7428785366095646,0.2915585022933216,0.7821939586645469,0.5850450261283624,0.38636363636363635,0.19318181818181818,0.2575757575757575,0.19485152521670057,0.13990461049284578,18.0,0.20143322826584767,121.51136363636364,84.39521198341582,0.02827718491093677,0.5227272727272727,0.184,0.27218934911242604,0.2226755961806797,0.1987281399046105,18.0,0.35992348931813894,115.736,63.902470059880244,0.02827718491093677,56.72499680001056
0.1949685534591195,0.6739130434782609,0.21731748726655348,0.3024390243902439,0.7282977781058536,0.7242366653997212,0.7262643831507982,0.7229083242991057,0.2731908850668689,0.7748031496062993,0.5357317767107611,0.21739130434782608,0.11235955056179775,0.14814814814814814,0.06217434337961887,0.14015748031496064,9.0,0.20274470551048362,71.34831460674157,49.32311290113031,0.013629468282011056,0.43478260869565216,0.15748031496062992,0.23121387283236994,0.16403147906382196,0.2,9.0,0.3627383837319566,100.0,55.13615568949241,0.013629468282011056,57.934307000017725
0.3425925925925926,0.6727272727272727,0.12013536379018612,0.4539877300613497,0.7762959544685434,0.7624784512651831,0.769356183497996,0.7534843375670328,0.41331064539486795,0.8622291021671826,0.5791441848060221,0.32727272727272727,0.2647058823529412,0.2926829268292682,0.22068531814684655,0.10526315789473684,4.0,0.20235576923076923,171.0,88.95224518888097,0.007860353655632294,0.6727272727272727,0.2868217054263566,0.40217391304347827,0.3609732238799763,0.1996904024767802,4.0,0.6055288461538462,185.28682170542635,61.10361254466058,0.007860353655632294,58.55513259998406
0.20567375886524822,0.5918367346938775,0.18983050847457628,0.30526315789473685,0.7010031131096506,0.6840027632487912,0.6924507682232766,0.6816975706242001,0.2579482569654931,0.7934272300469484,0.5119515419674847,0.24489795918367346,0.14634146341463414,0.183206106870229,0.10044638117280295,0.12832550860719874,11.0,0.20087494499236364,93.51219512195122,59.738659793814435,0.018475638589894053,0.4489795918367347,0.1732283464566929,0.25,0.1807083056904887,0.19874804381846636,11.0,0.4367218037327535,110.69291338582677,50.375318594037104,0.018475638589894053,58.90316499999608
0.313953488372093,0.5,0.10102739726027397,0.38571428571428573,0.6994863013698629,0.642594859241126,0.670437395563421,0.639301694627501,0.3251828349261184,0.8652037617554859,0.499312925017537,0.24074074074074073,0.22807017543859648,0.23423423423423423,0.16140195290554077,0.08934169278996865,14.0,0.20584777769440485,145.50877192982458,63.15346294046172,0.02698772120519002,0.5370370370370371,0.2283464566929134,0.32044198895027626,0.25738698506747587,0.19905956112852666,14.0,0.574522898376729,145.68503937007873,50.47666521549847,0.02698772120519002,59.15061889999197
0.2,0.5849056603773585,0.2059800664451827,0.2980769230769231,0.6894627969660879,0.6736066915174106,0.681488630564492,0.6723331733608675,0.24313040256911397,0.7770992366412214,0.5096738967611117,0.2830188679245283,0.16666666666666666,0.20979020979020976,0.1254987791037924,0.13740458015267176,17.0,0.20327707599917166,109.16666666666666,73.79090793327391,0.0259971364165925,0.4528301886792453,0.183206106870229,0.26086956521739135,0.18754635441129772,0.2,17.0,0.3810312694139573,120.0,62.98695652173913,0.0259971364165925,58.04391730000498
0.2900763358778626,0.7037037037037037,0.15656565656565657,0.4108108108108108,0.7735690235690236,0.7672590980534397,0.7704076007579683,0.7630355511740867,0.37653564826249947,0.8317901234567902,0.6152793448662185,0.4444444444444444,0.27906976744186046,0.34285714285714286,0.27703691567998207,0.13271604938271606,13.0,0.20223685141926806,180.83720930232556,118.67273363668184,0.01945021222822596,0.6851851851851852,0.2868217054263566,0.40437158469945356,0.367058830994488,0.19907407407407407,13.0,0.5783251928930417,185.86046511627907,63.977845777233775,0.01945021222822596,58.95332359999884
0.22137404580152673,0.6304347826086957,0.1731748726655348,0.3276836158192091,0.7286299549715806,0.7153964997593901,0.7219829079739428,0.7114103376520513,0.2929198301645663,0.8125984251968504,0.5308369945663793,0.2608695652173913,0.15,0.19047619047619047,0.11359734300733867,0.12598425196850394,7.0,0.20044479330193615,95.25,59.86685811251795,0.011100363828147854,0.5652173913043478,0.2047244094488189,0.30057803468208094,0.255160078543723,0.2,7.0,0.5401098901098901,130.0,48.1383519837233,0.011100363828147854,57.771956299984595
0.2111801242236025,0.723404255319149,0.21061359867330018,0.32692307692307687,0.7563953283229243,0.7549563838223633,0.7556755135710064,0.7541715090539011,0.30766657785108925,0.7846153846153846,0.5979715011990816,0.3617021276595745,0.1717171717171717,0.23287671232876714,0.16269543557164362,0.1523076923076923,15.0,0.20120227209047606,111.61616161616162,84.49208760602609,0.02105727838986455,0.46808510638297873,0.16923076923076924,0.24858757062146894,0.18711257210451712,0.2,15.0,0.3296568939606205,110.0,66.73605316025345,0.02105727838986455,58.47296099999221
0.3333333333333333,0.5531914893617021,0.0858085808580858,0.4159999999999999,0.7336914542518082,0.6892855433794324,0.7111419778896501,0.6782850969198874,0.3724576031928276,0.888208269525268,0.5792504096061324,0.3404255319148936,0.2962962962962963,0.3168316831683168,0.26060392435896346,0.08269525267993874,3.0,0.20496779643121107,193.4814814814815,78.06104314230521,0.006850665924172815,0.574468085106383,0.2076923076923077,0.3050847457627119,0.26180769975449336,0.1990811638591118,3.0,0.560183718720304,135.62307692307692,48.198473282442755,0.006850665924172815,59.64630819999729
0.23846153846153847,0.6595744680851063,0.165,0.3502824858757062,0.7472872340425532,0.7369919567228984,0.7421217426076828,0.7324980908670573,0.3203607480223291,0.8222565687789799,0.581731883150547,0.3404255319148936,0.18823529411764706,0.24242424242424238,0.17320085701912047,0.13137557959814528,2.0,0.20101621946335602,121.78823529411765,79.5955671771884,0.003857739797803732,0.6382978723404256,0.23255813953488372,0.34090909090909094,0.3074676094826287,0.19938176197836166,2.0,0.5750400480576692,150.46511627906978,52.17027944633064,0.003857739797803732,58.76838439999847
0.3023255813953488,0.5909090909090909,0.09852216748768473,0.39999999999999997,0.7461934617107031,0.7138784696174044,0.7298571411478756,0.7024584151859627,0.3650066191078963,0.8805513016845329,0.5851614633609742,0.3181818181818182,0.25,0.28,0.22311576149399992,0.08575803981623277,1.0,0.2046684709066306,163.25,68.40330578512396,0.0031624587140971394,0.6136363636363636,0.2076923076923077,0.3103448275862069,0.2790555853963145,0.1990811638591118,1.0,0.579740962690895,135.62307692307692,46.57252417472491,0.0031624587140971394,59.25500000000466
0.1774193548387097,0.6285714285714286,0.17288135593220338,0.27672955974842767,0.7278450363196127,0.7143047238855622,0.7210430969780918,0.71030434340292,0.26272408605234554,0.816,0.568725247482019,0.34285714285714286,0.16,0.21818181818181817,0.1670331285573591,0.12,3.0,0.20100967606226336,100.0,59.69861866889912,0.005541887533305287,0.6285714285714286,0.176,0.275,0.2609583752397079,0.2,3.0,0.6198289160005609,110.0,35.493665158371044,0.005541887533305287,58.34052229998633
0.2413793103448276,0.7,0.1751592356687898,0.358974358974359,0.7624203821656051,0.7573099415204679,0.7598608655746439,0.7543572127661036,0.3345374773505429,0.8156342182890856,0.6082507318147781,0.38,0.21348314606741572,0.27338129496402874,0.2078323379535612,0.13126843657817108,8.0,0.20111260120200666,144.74157303370788,94.47443813287231,0.011517215824501579,0.58,0.21481481481481482,0.31351351351351353,0.2691298654668476,0.19911504424778761,8.0,0.4594943624894452,145.64444444444445,63.1128526645768,0.011517215824501579,58.39957999999751
0.24817518248175183,0.6666666666666666,0.17024793388429751,0.36170212765957444,0.7482093663911845,0.7393225331369662,0.7437526766856943,0.7353346734997355,0.3270144732993659,0.8170731707317073,0.5541291852526622,0.2549019607843137,0.16049382716049382,0.19696969696969693,0.11598912132765796,0.12347560975609756,9.0,0.20074982117751522,105.28395061728395,64.75721833149036,0.014935174217316995,0.5882352941176471,0.22900763358778625,0.3296703296703296,0.28218366439385123,0.19969512195121952,9.0,0.5202131070715044,150.22900763358777,57.66867384192309,0.014935174217316995,58.72298339998815
0.23711340206185566,0.5,0.1260647359454855,0.32167832167832167,0.6869676320272572,0.6360818350898946,0.6610352729070191,0.6353821742913514,0.2694797450581114,0.8467614533965245,0.514464075411375,0.2826086956521739,0.19696969696969696,0.23214285714285715,0.1633641881751713,0.10426540284360189,10.0,0.20062224006423124,124.68181818181819,64.7983991995998,0.016378968235093414,0.5217391304347826,0.19047619047619047,0.27906976744186046,0.22623291396259648,0.1990521327014218,10.0,0.5731884785226816,120.57142857142857,41.87104399212082,0.016378968235093414,60.22323820000747
0.21084337349397592,0.7,0.21943048576214405,0.3240740740740741,0.7402847571189279,0.7380925444054757,0.7391878380807541,0.7371790171221002,0.29383383449185696,0.7743431221020093,0.5772394472648943,0.32,0.16161616161616163,0.21476510067114096,0.13423771024276077,0.15301391035548687,21.0,0.20178657286737353,104.56565656565657,79.29169801856033,0.03132449521167479,0.44,0.17054263565891473,0.24581005586592175,0.17428937980642342,0.19938176197836166,21.0,0.3151048915656553,110.34108527131784,69.81802120141343,0.03132449521167479,61.300323400006164
0.25547445255474455,0.6862745098039216,0.16748768472906403,0.37234042553191493,0.7593934125374288,0.7523530908165862,0.7558650548003191,0.7485285227558879,0.341563570465798,0.8212121212121212,0.6053545260084392,0.39215686274509803,0.24390243902439024,0.30075187969924816,0.2350420959437998,0.12424242424242424,10.0,0.2009872357399282,160.97560975609755,99.5088067477053,0.01502709081239197,0.6470588235294118,0.25,0.36065573770491804,0.32343061108289284,0.2,10.0,0.5358246908655764,165.0,61.58730749546364,0.01502709081239197,60.66745639999863
0.2155688622754491,0.6923076923076923,0.21906354515050167,0.3287671232876712,0.7366220735785953,0.7339561686894264,0.7352879129264989,0.7329200559505415,0.2938364811092081,0.7738461538461539,0.5612427158649368,0.3076923076923077,0.1702127659574468,0.2191780821917808,0.13672742113631628,0.14461538461538462,18.0,0.20281766458954212,110.63829787234043,78.88859203847181,0.026983306587749827,0.46153846153846156,0.18461538461538463,0.26373626373626374,0.19280871189486548,0.2,18.0,0.34464914657274454,120.0,69.63603490291644,0.026983306587749827,57.5460894999851
0.24489795918367346,0.72,0.18137254901960784,0.365482233502538,0.769313725490196,0.7661526698101184,0.7677315707367272,0.7641017152056102,0.3424419131284899,0.8111782477341389,0.6158808556317892,0.38,0.21348314606741572,0.27338129496402874,0.205755127775591,0.13444108761329304,10.0,0.2006011060351046,141.32584269662922,94.71533021694835,0.013958553829681055,0.6,0.22727272727272727,0.32967032967032966,0.2865879397793753,0.19939577039274925,10.0,0.4228660735753787,150.45454545454544,70.94444760334338,0.013958553829681055,58.484005500009516
0.2702702702702703,0.5882352941176471,0.13410596026490065,0.37037037037037035,0.7270646669263733,0.7005558904293081,0.7136872109953307,0.6937855477047568,0.324356177429708,0.8442748091603054,0.552218530591045,0.29411764705882354,0.21428571428571427,0.24793388429752067,0.1761151851256137,0.10687022900763359,3.0,0.20312046252540986,140.35714285714286,73.84780348323369,0.0062346172998835785,0.6078431372549019,0.2366412213740458,0.34065934065934067,0.296278260571567,0.2,3.0,0.5911190897330975,155.0,52.442901165646916,0.0062346172998835785,60.402183900005184
0.25842696629213485,0.5,0.11055276381909548,0.3407407407407408,0.6947236180904521,0.6401446654611211,0.6668760140314332,0.6379075300506508,0.2906463155029246,0.8615863141524106,0.4974973139476706,0.2391304347826087,0.18032786885245902,0.205607476635514,0.13665645534854326,0.09486780715396578,8.0,0.20311143270622287,115.95081967213115,54.157463484146774,0.014463471321643375,0.5217391304347826,0.1875,0.27586206896551724,0.22431367464229565,0.19906687402799378,8.0,0.5692233478051134,120.5625,42.16271186440677,0.014463471321643375,58.890757200017106
0.2962962962962963,0.5333333333333333,0.12603648424543948,0.38095238095238093,0.7036484245439469,0.6624243852620003,0.6827253291544844,0.6581937879889186,0.3164367841676456,0.8431372549019608,0.4991101561474296,0.21666666666666667,0.19696969696969696,0.20634920634920634,0.12339549254483095,0.09954751131221719,15.0,0.20121775071665074,130.5909090909091,64.60662617338487,0.02571050624884723,0.5666666666666667,0.25757575757575757,0.3541666666666667,0.29036099246087543,0.19909502262443438,15.0,0.609164240794649,170.77272727272728,55.814175756028156,0.02571050624884723,58.481594100012444
0.2222222222222222,0.6153846153846154,0.14432989690721648,0.326530612244898,0.7355273592386995,0.7159029649595687,0.7256488250440889,0.7095175450874116,0.3015050522765248,0.8405797101449275,0.557393950603253,0.3333333333333333,0.18571428571428572,0.23853211009174316,0.1805787152733782,0.11272141706924316,12.0,0.20013607578374418,115.32857142857142,64.95580543933055,0.021222209327638478,0.6153846153846154,0.1935483870967742,0.29447852760736193,0.2691908997631276,0.1996779388083736,12.0,0.6206102475532528,120.19354838709677,38.67161410018553,0.021222209327638478,57.29327199998079
0.21212121212121213,0.6666666666666666,0.17218543046357615,0.3218390804597701,0.7472406181015452,0.7385524372230429,0.7428838265105447,0.7347087133215282,0.3023600480808346,0.8173374613003096,0.5333063332738809,0.2619047619047619,0.12941176470588237,0.1732283464566929,0.10166658794464888,0.13157894736842105,18.0,0.2010128648233487,83.60000000000001,54.722865671641785,0.026406631200867444,0.6428571428571429,0.20930232558139536,0.31578947368421056,0.29232484385301266,0.1996904024767802,18.0,0.5595238095238095,135.2093023255814,48.25531914893617,0.026406631200867444,58.90286460000789
0.17901234567901234,0.6904761904761905,0.2231543624161074,0.28431372549019607,0.7336609140300415,0.7311189763136401,0.7323888423692523,0.7301826005170619,0.26625811823408935,0.7711598746081505,0.5755303953809583,0.3333333333333333,0.14583333333333334,0.2028985507246377,0.1357728846463025,0.15047021943573669,20.0,0.2016647320291045,93.04166666666666,69.42215358697177,0.028900702815263753,0.47619047619047616,0.15748031496062992,0.23668639053254434,0.18424463870594843,0.19905956112852666,20.0,0.3211687098326774,100.47244094488188,62.27256699576869,0.028900702815263753,58.02504539999063
0.21774193548387097,0.6428571428571429,0.15746753246753248,0.3253012048192771,0.7426948051948051,0.7292740046838408,0.7359538129816984,0.7240044889952224,0.3034058892182387,0.8297872340425532,0.5556556812592238,0.23809523809523808,0.13333333333333333,0.17094017094017092,0.10197981262857214,0.11398176291793313,3.0,0.2009275103538923,87.73333333333333,49.76919279190324,0.005383089304625031,0.6428571428571429,0.20610687022900764,0.31213872832369943,0.2901858189411211,0.19908814589665655,3.0,0.6359397862262233,135.61832061068702,42.45684982256366,0.005383089304625031,57.98258060001535
0.2323943661971831,0.7021276595744681,0.18505942275042445,0.3492063492063492,0.7585341184120219,0.7543395956854062,0.7564339496588651,0.7520333478677987,0.3248230125436801,0.8066037735849056,0.5545047173260715,0.3191489361702128,0.17857142857142858,0.22900763358778625,0.1560814907802511,0.1320754716981132,11.0,0.20301636259083067,113.57142857142857,73.88567014291232,0.018673859801920822,0.5319148936170213,0.1968503937007874,0.2873563218390805,0.23476083950560447,0.19968553459119498,11.0,0.4306811647237179,125.19685039370079,58.047581477210656,0.018673859801920822,60.71117879997473
0.19576719576719576,0.8409090909090909,0.2432,0.31759656652360513,0.7988545454545455,0.7966406445592554,0.7977468270071653,0.794505283090572,0.32908242387393116,0.7623318385650224,0.6390146585966145,0.4090909090909091,0.16216216216216217,0.23225806451612907,0.17343899897357956,0.16591928251121077,18.0,0.20211582555790142,108.48648648648648,89.05784566999888,0.022815704524730765,0.45454545454545453,0.15037593984962405,0.2259887005649717,0.17002197166273417,0.19880418535127056,18.0,0.2723784875933619,100.6015037593985,73.42723787297884,0.022815704524730765,56.493448099994566
0.2097902097902098,0.7692307692307693,0.18677685950413223,0.32967032967032966,0.7912269548633184,0.7906154587819381,0.790921147725801,0.7900714012859982,0.33426020407367407,0.8105590062111802,0.6449793871033269,0.4358974358974359,0.2073170731707317,0.2809917355371901,0.23502638881517282,0.12732919254658384,12.0,0.20013924592973437,133.51219512195124,84.94086165373294,0.01962615827598503,0.6410256410256411,0.1953125,0.2994011976047904,0.2813818266345452,0.19875776397515527,12.0,0.4580119965724079,125.78125000000001,54.58372310570627,0.01962615827598503,57.61204639999778
0.20833333333333334,0.7317073170731707,0.18874172185430463,0.3243243243243243,0.7714827976094331,0.7694320858414028,0.7704567594326024,0.7680469861366275,0.31811386647399886,0.8062015503875969,0.5922410872368797,0.3170731707317073,0.1566265060240964,0.20967741935483872,0.14658384911554978,0.12868217054263567,4.0,0.20349765555696364,101.02409638554217,63.88279985054178,0.006879390611814657,0.5853658536585366,0.18604651162790697,0.2823529411764706,0.25100749985095,0.2,4.0,0.44379673045241413,120.0,54.07881210736722,0.006879390611814657,58.7062586999964
0.1875,0.6486486486486487,0.17275747508305647,0.2909090909090909,0.7379455867827961,0.7271399890490966,0.7325228637333251,0.7231490317034329,0.2777098748352654,0.8169014084507042,0.5467308903649983,0.24324324324324326,0.11538461538461539,0.1565217391304348,0.09176916638505593,0.12206572769953052,34.0,0.20368753530892095,73.73076923076923,44.18532526475038,0.06214335930269558,0.6486486486486487,0.1889763779527559,0.29268292682926833,0.27950089996715355,0.19874804381846636,34.0,0.5954496430589081,120.75590551181102,40.30567534931861,0.06214335930269558,57.87716810000711
0.22549019607843138,0.5476190476190477,0.12950819672131147,0.3194444444444445,0.7090554254488681,0.672299900913795,0.6904331193328307,0.6672682017787424,0.28255277092394837,0.8496932515337423,0.5267047796089259,0.30952380952380953,0.19402985074626866,0.23853211009174313,0.17867548430123886,0.10276073619631902,1.0,0.20008599036002805,126.50746268656717,64.97206514363266,0.002461533057906886,0.5476190476190477,0.17692307692307693,0.2674418604651163,0.22870188915306291,0.19938650306748465,1.0,0.5838745445905275,115.35384615384616,39.39202387411829,0.002461533057906886,59.13977650000015
0.2653061224489796,0.5098039215686274,0.12162162162162163,0.348993288590604,0.694091149973503,0.6451612903225807,0.6691791553226901,0.6428697617427437,0.29185717959605173,0.8491446345256609,0.5063463074039555,0.27450980392156865,0.22580645161290322,0.24778761061946902,0.17708549703593562,0.09642301710730948,3.0,0.20182328858421403,145.1935483870968,69.36761410543697,0.006442801131099476,0.5098039215686274,0.203125,0.29050279329608936,0.2284123822013891,0.19906687402799378,3.0,0.5668380462724936,130.609375,45.868480725623584,0.006442801131099476,63.920209800009616
0.2882882882882883,0.6530612244897959,0.132996632996633,0.39999999999999997,0.7600322957465815,0.7449766064688199,0.7524667969365789,0.7372695122935284,0.3651163177860572,0.8506998444790047,0.6088780764545052,0.32653061224489793,0.22857142857142856,0.26890756302521,0.20071502658696275,0.1088646967340591,5.0,0.2002011798928853,146.97142857142856,79.91960890820206,0.008662041245725583,0.673469387755102,0.2578125,0.3728813559322034,0.34123547371999535,0.19906687402799378,5.0,0.6087866677541256,165.7734375,54.2061805028357,0.008662041245725583,60.02088080000249
0.2191780821917808,0.6274509803921569,0.19655172413793104,0.32487309644670054,0.7154496281271129,0.7046259982044134,0.7100171887947807,0.7021532673736721,0.27850149583691164,0.7892234548335975,0.526634574875857,0.23529411764705882,0.13043478260869565,0.16783216783216784,0.07519779509650311,0.14580031695721077,21.0,0.2036855799298212,82.30434782608697,58.914332591116846,0.031074543807041735,0.43137254901960786,0.1746031746031746,0.2485875706214689,0.17186041370475535,0.19968304278922344,21.0,0.36944119542644355,110.17460317460318,59.54939587775409,0.031074543807041735,56.64653319999343
0.26277372262773724,0.72,0.17781690140845072,0.3850267379679144,0.7710915492957746,0.7677062879583543,0.7693970567827222,0.7654591182474763,0.3559363343553734,0.813915857605178,0.6031614351589214,0.34,0.19101123595505617,0.2446043165467626,0.16561659714416507,0.14401294498381878,15.0,0.20116132289825803,118.04494382022472,84.50928714859437,0.022715243854114837,0.58,0.23577235772357724,0.33526011560693647,0.28309743092797585,0.19902912621359223,15.0,0.3999242615501136,145.70731707317074,72.5137301938009,0.022715243854114837,58.91403799998807
0.2517985611510791,0.6862745098039216,0.17420435510887772,0.3684210526315789,0.756035077347522,0.7495981580433556,0.7528097378460697,0.7462571769116714,0.33591966353721414,0.8148148148148148,0.5724188117334212,0.29411764705882354,0.16666666666666666,0.21276595744680848,0.13119182009542593,0.1388888888888889,2.0,0.20267330561732572,108.0,74.01073345259393,0.003632130873985268,0.5294117647058824,0.20930232558139536,0.3,0.24179789882986916,0.19907407407407407,2.0,0.46458957749202356,135.62790697674419,58.11581083190261,0.003632130873985268,60.678891899995506
0.2658959537572254,0.7796610169491526,0.2138047138047138,0.39655172413793105,0.7829281515722194,0.7829145179218981,0.782921334717382,0.7829035662464752,0.3676052591262803,0.7856049004594181,0.6093775700671051,0.3389830508474576,0.19230769230769232,0.245398773006135,0.15478718032968475,0.15926493108728942,6.0,0.20068972949671302,125.57692307692308,99.65632048115133,0.008248119756000268,0.4406779661016949,0.2,0.2751322751322751,0.19068416338560903,0.1990811638591118,6.0,0.2982217911412868,130.6,87.183434518647,0.008248119756000268,61.0360173000081
0.22535211267605634,0.64,0.1824212271973466,0.3333333333333333,0.7287893864013267,0.7179720566149365,0.7233605011290692,0.7146252427664757,0.2949544176790452,0.8039816232771823,0.5585292697104661,0.32,0.18181818181818182,0.2318840579710145,0.1562077454543041,0.13476263399693722,10.0,0.20189493883425283,118.72727272727272,79.24913864797433,0.01432336023526672,0.54,0.2076923076923077,0.30000000000000004,0.24584874967879353,0.1990811638591118,10.0,0.4376349244423123,135.62307692307692,61.69525897506166,0.01432336023526672,58.11224079999374
0.24806201550387597,0.6808510638297872,0.1624790619765494,0.36363636363636365,0.759186000926619,0.7511031827997371,0.7551337773090194,0.7467654357721305,0.3368830507969825,0.8260869565217391,0.6203907067229194,0.425531914893617,0.2564102564102564,0.32,0.2617921359090887,0.12111801242236025,0.0,0.20321881940065253,165.1282051282051,98.41608202914193,0.0013521658921353038,0.6595744680851063,0.2421875,0.35428571428571426,0.3240007447904871,0.19875776397515527,0.0,0.578098867655526,155.96875,53.62404552999763,0.0013521658921353038,58.50166879998869
0.16326530612244897,0.6956521739130435,0.26324237560192615,0.2644628099173554,0.7162048991555586,0.7156151035322776,0.7159099406067285,0.7154616479660414,0.24041405826219484,0.7339312406576981,0.505571569672397,0.1956521739130435,0.08256880733944955,0.11612903225806451,0.024076827925222803,0.16292974588938713,7.0,0.2000960663363333,55.23853211009175,44.97839545167403,0.009733244545093285,0.2826086956521739,0.09774436090225563,0.14525139664804468,0.057058478617724,0.19880418535127056,7.0,0.2696177571038528,65.39097744360902,48.216408813877166,0.009733244545093285,60.742281200014986
0.2777777777777778,0.5208333333333334,0.10961214165261383,0.36231884057971014,0.7056105958403599,0.657223231845453,0.680987280514546,0.6524258956408597,0.31154902647709687,0.8627145085803433,0.5193775681420985,0.2916666666666667,0.23333333333333334,0.2592592592592593,0.1934598261343988,0.093603744149766,5.0,0.2029580936729663,149.56666666666666,68.97975708502025,0.00898784886929951,0.5416666666666666,0.203125,0.29545454545454547,0.24338099636720356,0.1996879875195008,5.0,0.5826797141505441,130.203125,44.62142643476774,0.00898784886929951,63.96397869999055
0.2894736842105263,0.6346153846153846,0.1352253756260434,0.39759036144578314,0.7496950044946706,0.732030062308631,0.7408098817191244,0.7245078772696324,0.35621759231826705,0.8463901689708141,0.5667017266346237,0.28846153846153844,0.22058823529411764,0.25,0.17726153841329734,0.10445468509984639,3.0,0.2034873495640813,143.60294117647058,73.71465613038647,0.0060118212531306385,0.6538461538461539,0.26153846153846155,0.37362637362637363,0.3347196863681087,0.19969278033794163,3.0,0.6042059244742595,170.26153846153846,56.27220558882235,0.0060118212531306385,58.519780000002356
0.21951219512195122,0.6923076923076923,0.21368948247078465,0.3333333333333333,0.7393091049184537,0.7363210005211047,0.7378135400139512,0.7351059163253646,0.2988944813076773,0.7788018433179723,0.5569323896288235,0.3269230769230769,0.18478260869565216,0.2361111111111111,0.1569828318247948,0.141321044546851,21.0,0.20120127795527157,120.29347826086958,84.4925050813008,0.031069605374871787,0.46153846153846156,0.18461538461538463,0.26373626373626374,0.19298525432333263,0.19969278033794163,21.0,0.3526389776357827,120.18461538461538,68.0582735377256,0.031069605374871787,56.45190929999808
0.21487603305785125,0.6046511627906976,0.15548281505728315,0.3170731707317073,0.7245841738667074,0.7047328885853863,0.7145896010104964,0.6996039207472202,0.28668679387138785,0.8287461773700305,0.5296722428982459,0.20930232558139536,0.13043478260869565,0.16071428571428573,0.08963482680583497,0.10550458715596331,2.0,0.20124297836739571,85.30434782608695,44.72205725145504,0.0042775626834560855,0.627906976744186,0.2076923076923077,0.31213872832369943,0.2852614917268327,0.19877675840978593,2.0,0.6326042787139955,135.83076923076925,42.68071037218968,0.0042775626834560855,59.66609990000143
0.3238095238095238,0.6415094339622641,0.12095400340715502,0.430379746835443,0.7602777152775545,0.7417240941952395,0.7509436062055994,0.7324692943994331,0.38739358641279714,0.859375,0.5587223186342134,0.2830188679245283,0.23076923076923078,0.2542372881355932,0.1805013569664037,0.1015625,5.0,0.20001923493063403,147.69230769230768,74.99278759466281,0.009460167163569042,0.660377358490566,0.2734375,0.3867403314917127,0.34583811037204854,0.2,5.0,0.6260489048111371,175.0,55.906175589523,0.009460167163569042,57.3450351000065
0.25252525252525254,0.49019607843137253,0.12521150592216582,0.33333333333333337,0.6824922862546033,0.628311700938214,0.6548418811085928,0.6288006198401944,0.27329760390415475,0.8442367601246106,0.510424119809529,0.2549019607843137,0.20634920634920634,0.22807017543859648,0.15480424983526528,0.09813084112149532,5.0,0.20378869251049703,132.47619047619048,63.79156684235745,0.008590971603057893,0.5098039215686274,0.203125,0.29050279329608936,0.22824395469495484,0.19937694704049844,5.0,0.5853432282003711,130.40625,44.418383518225035,0.008590971603057893,55.3860338999948
0.23853211009174313,0.49056603773584906,0.1378737541528239,0.3209876543209877,0.6763461417915126,0.6253156931346882,0.6503305747489746,0.6268163093111211,0.25823943813055517,0.8320610687022901,0.4773888119881591,0.22641509433962265,0.16901408450704225,0.1935483870967742,0.11264040040820597,0.1083969465648855,12.0,0.20357776131798083,110.70422535211267,58.94553472987872,0.020248445842784724,0.5471698113207547,0.22137404580152673,0.31521739130434784,0.2575263374005879,0.2,12.0,0.5990617915740803,145.0,48.40902959910078,0.020248445842784724,58.30856520001544
0.20714285714285716,0.6744186046511628,0.1834710743801653,0.3169398907103825,0.7454737651354988,0.7387011111970506,0.7420797118058423,0.7357417171293319,0.29692797793526504,0.8070987654320988,0.5388573831013418,0.27906976744186046,0.14457831325301204,0.1904761904761905,0.12044737146977794,0.12808641975308643,26.0,0.20256125795871116,93.68674698795179,59.241338254554115,0.04326242845199048,0.5116279069767442,0.17054263565891473,0.2558139534883721,0.2086785648906012,0.19907407407407407,26.0,0.46179818637854525,110.51162790697674,47.63985794861082,0.04326242845199048,58.27199410001049
0.3333333333333333,0.46808510638297873,0.0728476821192053,0.3893805309734514,0.6976187121318868,0.6220965461522924,0.658776283231612,0.6203684425381975,0.33890311280884383,0.8940092165898618,0.529909100786725,0.3191489361702128,0.29411764705882354,0.3061224489795919,0.24998934904248235,0.07834101382488479,2.0,0.20819197764917183,191.47058823529414,72.0488856937455,0.004062778477211885,0.48936170212765956,0.17692307692307693,0.25988700564971756,0.20212629398744228,0.19969278033794163,2.0,0.5405108760726401,115.17692307692307,42.552335240908256,0.004062778477211885,63.56243839999661
0.1780821917808219,0.6666666666666666,0.19607843137254902,0.2810810810810811,0.7352941176470588,0.7288888888888889,0.7320844981409595,0.7265426337062479,0.2677484486896532,0.7956989247311828,0.5331557099098969,0.2564102564102564,0.11627906976744186,0.16,0.09267349255052944,0.13210445468509985,20.0,0.203176110583518,75.69767441860465,49.21838483510776,0.03218105293971483,0.5128205128205128,0.15384615384615385,0.2366863905325444,0.19772818335849615,0.19969278033794163,20.0,0.43872005909042944,100.15384615384615,45.58715651494198,0.03218105293971483,59.51649839998572
0.23469387755102042,0.5476190476190477,0.12376237623762376,0.32857142857142857,0.7119283356907119,0.6740066225165563,0.6927080286908258,0.6683634128680307,0.2912631874394365,0.8549382716049383,0.5587545927674782,0.3333333333333333,0.2153846153846154,0.2616822429906542,0.20420873954892008,0.10030864197530864,3.0,0.20075757575757575,139.56923076923076,69.73584905660378,0.005539003140921606,0.5714285714285714,0.18604651162790697,0.2807017543859649,0.24549429755375787,0.19907407407407407,3.0,0.5605515587529976,120.55813953488372,42.81497326203209,0.005539003140921606,59.822183500014944
0.2692307692307692,0.660377358490566,0.16156462585034015,0.3825136612021858,0.7494063663201129,0.7388297758461967,0.7440992794284925,0.7340614103293714,0.34165045411915385,0.8237129485179407,0.5593914931214855,0.2641509433962264,0.18181818181818182,0.21538461538461537,0.13300369407951937,0.12012480499219969,10.0,0.20042883397998776,116.54545454545455,69.85022924095772,0.018050426938457976,0.660377358490566,0.2734375,0.3867403314917127,0.34598066271952627,0.1996879875195008,10.0,0.5889575250153155,175.2734375,59.42703592944134,0.018050426938457976,58.0301693000074
0.20238095238095238,0.8095238095238095,0.22148760330578512,0.3238095238095238,0.7940181031090122,0.7937153053132435,0.7938666897744306,0.793435315752592,0.33043344785591244,0.7805255023183926,0.6392946459784342,0.38095238095238093,0.15841584158415842,0.22377622377622378,0.16322319304802513,0.1561051004636785,18.0,0.20254767391799833,102.4950495049505,78.99374843710928,0.02469910763188589,0.5,0.16279069767441862,0.24561403508771928,0.1982470933474841,0.19938176197836166,18.0,0.30724035758604096,105.32558139534885,68.3503956478734,0.02469910763188589,58.37439599999925
0.19230769230769232,0.6976744186046512,0.20454545454545456,0.30150753768844224,0.7465644820295982,0.7433628318584071,0.7449619369648539,0.7418918829819157,0.2865093529456686,0.7890743550834598,0.5346941646228429,0.23255813953488372,0.1111111111111111,0.15037593984962405,0.0738527943487657,0.13657056145675264,24.0,0.20176326443639464,73.22222222222223,49.56303630363036,0.03696035599464155,0.4418604651162791,0.1450381679389313,0.21839080459770116,0.1609221941496431,0.19878603945371776,24.0,0.381552311953974,95.58015267175573,49.796579406631764,0.03696035599464155,59.95337709999876
0.19718309859154928,0.6363636363636364,0.1890547263681592,0.3010752688172043,0.7236544549977385,0.713125,0.7183704359313948,0.7101956741861699,0.2720837985171322,0.7990726429675425,0.5408876101313388,0.3181818181818182,0.15053763440860216,0.2043795620437956,0.134315262215269,0.1437403400309119,17.0,0.20133909492378554,97.39784946236558,69.53443396226416,0.02442842377120643,0.45454545454545453,0.15503875968992248,0.23121387283236994,0.17251668572429335,0.19938176197836166,17.0,0.4143359133862007,100.31007751937985,48.27001317976047,0.02442842377120643,62.58428959999583
0.19863013698630136,0.6744186046511628,0.1875,0.30687830687830686,0.7434593023255813,0.7370478983382209,0.7402466590799783,0.7343315082689558,0.28919288371131324,0.8035982008995503,0.5704096272068673,0.3023255813953488,0.13829787234042554,0.1897810218978102,0.12176414409616233,0.1409295352323838,10.0,0.20314933800623053,92.24468085106383,63.992332574577695,0.01319866132938204,0.5348837209302325,0.17293233082706766,0.2613636363636363,0.22041562654814534,0.19940029985007496,10.0,0.408683800623053,115.34586466165413,56.27822772748928,0.01319866132938204,61.90486189999501
0.23376623376623376,0.782608695652174,0.19471947194719472,0.36,0.7939446118524895,0.7937827579974698,0.7938636808001105,0.793633030790483,0.35443426076664764,0.803680981595092,0.6578622734821374,0.41304347826086957,0.21348314606741572,0.28148148148148144,0.22192161403154345,0.13650306748466257,4.0,0.20129275518448694,139.19101123595507,94.3898849344394,0.0061505422004266225,0.6086956521739131,0.2153846153846154,0.31818181818181823,0.2822505027564756,0.19938650306748465,4.0,0.3732561271209265,140.43076923076924,75.0155133848041,0.0061505422004266225,54.49707129999297
0.21893491124260356,0.74,0.22297297297297297,0.3378995433789954,0.7585135135135135,0.7580616426153571,0.758287544405155,0.7578048858085633,0.3146191684114489,0.7741433021806854,0.6314873996055685,0.38,0.1919191919191919,0.25503355704697983,0.18169995386864496,0.1542056074766355,0.0,0.20022442681900487,123.21212121212122,94.89351674945867,0.0010721012469401309,0.52,0.203125,0.29213483146067415,0.23322085205872656,0.19937694704049844,0.0,0.31146872051210117,130.40625,83.47547695079015,0.0010721012469401309,56.26549829999567
0.1721311475409836,0.5833333333333334,0.16211878009630817,0.26582278481012656,0.7106072766185126,0.6878117647058823,0.6991166175566279,0.6838563538745195,0.24645156677562335,0.8239757207890743,0.5025866986014151,0.25,0.11688311688311688,0.1592920353982301,0.09964316122638492,0.11684370257966616,13.0,0.20289816538154745,77.02597402597402,44.3572270999869,0.021244329733439475,0.5833333333333334,0.16030534351145037,0.25149700598802394,0.2316273252131896,0.19878603945371776,13.0,0.6144908269077373,105.6412213740458,34.17463545497815,0.021244329733439475,61.58281990000978
0.2708333333333333,0.52,0.11686143572621036,0.35616438356164387,0.7015692821368948,0.6545783361888445,0.6776666241024201,0.6506745105492651,0.3027990972056686,0.8551617873651772,0.5577711267831733,0.28,0.22580645161290322,0.25,0.18131068712063378,0.09553158705701079,3.0,0.20435752723454523,146.5483870967742,68.50738599871548,0.006586061001093891,0.58,0.2248062015503876,0.3240223463687151,0.27600049856338604,0.1987673343605547,3.0,0.5645622785142407,145.89922480620157,51.3672292741898,0.006586061001093891,58.54044959999737
0.2185430463576159,0.7021276595744681,0.19798657718120805,0.3333333333333333,0.75207054119663,0.7487539754117816,0.750410426041021,0.7470903165806868,0.30956590572278647,0.7947122861586314,0.5804683463485348,0.3404255319148936,0.17777777777777778,0.23357664233576644,0.16224577257796227,0.13996889580093314,3.0,0.2017686386277069,114.3111111111111,79.29874587458747,0.005081493076119787,0.5531914893617021,0.203125,0.29714285714285715,0.24904870535547147,0.19906687402799378,3.0,0.37463708281170927,130.609375,69.40049768929967,0.005081493076119787,61.57155630001216
0.20454545454545456,0.7346938775510204,0.22544283413848631,0.32,0.754625521706267,0.7540990745781165,0.7543622522182061,0.7538173340044978,0.30127004979729655,0.7716417910447761,0.5892336250331487,0.32653061224489793,0.1523809523809524,0.2077922077922078,0.13121459919038522,0.15671641791044777,30.0,0.20160436242366886,102.09523809523809,79.36336202078908,0.03962861619705165,0.42857142857142855,0.15671641791044777,0.2295081967213115,0.1605144707810256,0.2,30.0,0.31891209806439985,105.0,65.84886596481311,0.03962861619705165,58.09529040000052
0.24285714285714285,0.6415094339622641,0.17462932454695224,0.3523316062176166,0.7334400547076559,0.7219173147422179,0.7276558766470153,0.7180329035775797,0.31036444465899893,0.8106060606060606,0.5480426622424028,0.2641509433962264,0.16279069767441862,0.20143884892086333,0.11748812074616775,0.1303030303030303,11.0,0.20031834844684546,107.44186046511628,69.88875511678305,0.016892857769280692,0.5471698113207547,0.2196969696969697,0.31351351351351353,0.2564634920176155,0.2,11.0,0.49751591742234225,145.0,58.28959232148917,0.016892857769280692,62.795570899994345
0.145985401459854,0.5263157894736842,0.1902439024390244,0.22857142857142856,0.6680359435173299,0.6379707916986934,0.6528303146828696,0.6390502294520968,0.19323082421889062,0.7932618683001531,0.48991401595453343,0.2631578947368421,0.11627906976744186,0.16129032258064516,0.09663041516152113,0.13169984686064318,5.0,0.2033374206962734,75.93023255813954,49.17933927635029,0.007606389479831563,0.47368421052631576,0.13846153846153847,0.2142857142857143,0.17094257923713077,0.1990811638591118,5.0,0.4912032841072666,90.41538461538462,36.644706137732676,0.007606389479831563,60.370462699997006
0.2356687898089172,0.6851851851851852,0.20442930153321975,0.35071090047393366,0.7403779418259827,0.7362635021411681,0.7383178559108997,0.7345760872187227,0.3105045950209757,0.7862714508580343,0.5922126913369015,0.3333333333333333,0.1956521739130435,0.2465753424657534,0.1641985634150649,0.1435257410296412,3.0,0.20240471323794637,125.41304347826086,88.93073541641915,0.004827471203934126,0.48148148148148145,0.203125,0.2857142857142857,0.2137977612947765,0.1996879875195008,3.0,0.3566911145845858,130.203125,72.89219982471516,0.004827471203934126,55.83828580001136
0.21678321678321677,0.6326530612244898,0.1848184818481848,0.32291666666666663,0.7239172896881525,0.7124116114625977,0.7181414087158412,0.7092237589998056,0.2851996428342013,0.8015267175572519,0.5288221070397601,0.2653061224489796,0.14444444444444443,0.1870503597122302,0.10564120119821858,0.13740458015267176,4.0,0.2010448224040457,94.6111111111111,64.66219743711439,0.00601139802948148,0.5102040816326531,0.19083969465648856,0.27777777777777785,0.2205206401477909,0.2,4.0,0.45115813076978123,125.0,55.41294347803099,0.00601139802948148,60.536502700007986
0.3125,0.5833333333333334,0.12479740680713128,0.4069767441860465,0.7292679632631011,0.7000648208167423,0.7145172118494931,0.6924406529977543,0.35071822985221074,0.8493353028064993,0.5465099475874922,0.3333333333333333,0.2564102564102564,0.2898550724637681,0.21303688444259158,0.11521418020679468,10.0,0.2017748426374987,173.5897435897436,99.12038457604582,0.014655910469550467,0.6333333333333333,0.2814814814814815,0.38974358974358975,0.33866399804096137,0.19940915805022155,10.0,0.6356619543906717,190.56296296296298,59.780201941495406,0.014655910469550467,59.231469199992716
0.2196969696969697,0.6041666666666666,0.1734006734006734,0.32222222222222224,0.7153829966329965,0.6980928567926656,0.7066850499482966,0.6944252781122228,0.28033879239570025,0.8099688473520249,0.5293769158354084,0.3125,0.1875,0.234375,0.16171547147606918,0.12461059190031153,13.0,0.20173725843596677,120.375,74.3541382305497,0.021116704051715826,0.5625,0.2109375,0.3068181818181818,0.2583626325212638,0.19937694704049844,13.0,0.5543206168018424,135.421875,48.70827312138728,0.021116704051715826,59.74520639999537
0.336734693877551,0.6470588235294118,0.11206896551724138,0.4429530201342282,0.7674949290060852,0.7485959696068717,0.7579865503738621,0.7381537406410514,0.4025946427333511,0.8684627575277337,0.5934970622097513,0.3137254901960784,0.25,0.2782608695652174,0.20852938212525987,0.10142630744849446,7.0,0.2041227372190173,157.75,78.38421244975028,0.012667471249547216,0.6470588235294118,0.2619047619047619,0.37288135593220334,0.3318501040916527,0.19968304278922344,7.0,0.6233339964193356,165.26190476190476,52.94112015318334,0.012667471249547216,65.16481519999797
0.24,0.5581395348837209,0.1264559068219634,0.3356643356643356,0.7158418140308788,0.681099489175383,0.6982546053316162,0.6750140256850001,0.29753467898028313,0.8524844720496895,0.5751209636513603,0.3023255813953488,0.2,0.24074074074074073,0.17882705337495547,0.10093167701863354,13.0,0.20314361913408613,128.8,63.99413407821229,0.023339065302507345,0.5813953488372093,0.1953125,0.29239766081871343,0.2564724084833445,0.19875776397515527,13.0,0.5742211882199398,125.78125000000001,43.5372301003014,0.023339065302507345,62.382898299983935
0.2647058823529412,0.6206896551724138,0.16583747927031509,0.3711340206185567,0.7274260879510492,0.7117644746668763,0.719552671699202,0.7072728170941802,0.31834191434569203,0.8154311649016641,0.5591882344796872,0.29310344827586204,0.20481927710843373,0.24113475177304963,0.15680586544142766,0.12556732223903178,12.0,0.2034211854023016,135.3855421686747,83.57044998228416,0.01944365683133049,0.5689655172413793,0.25,0.3473684210526316,0.28647305375418425,0.19969742813918306,12.0,0.5481344448982534,165.25,60.20420775805391,0.01944365683133049,60.43573619998642
0.24031007751937986,0.5849056603773585,0.1614497528830313,0.34065934065934067,0.7117279537471636,0.6891295802943616,0.700337622900232,0.685064027544686,0.29020063646457955,0.8181818181818182,0.5311467754252975,0.32075471698113206,0.20238095238095238,0.2481751824817518,0.17154465267913355,0.12727272727272726,13.0,0.20193057275186865,133.57142857142858,84.18735097081867,0.01984621285075268,0.5849056603773585,0.23484848484848486,0.33513513513513515,0.2843399585412693,0.2,13.0,0.6533681845279039,155.0,47.44644862436833,0.01984621285075268,58.33716060000006
0.21875,0.7954545454545454,0.2079866888519135,0.3431372549019608,0.793733928301316,0.7937301984325495,0.7937320633647418,0.793726751958974,0.3429389570340044,0.7922480620155039,0.6552178331726776,0.4090909090909091,0.1956521739130435,0.2647058823529412,0.20616579803805826,0.14263565891472868,7.0,0.20272944041398205,126.19565217391305,88.78828828828829,0.011211443340770254,0.5681818181818182,0.1937984496124031,0.28901734104046245,0.24905281162814047,0.2,7.0,0.35107300492111004,125.0,71.21026011560694,0.011211443340770254,60.05697420000797
0.2616822429906542,0.5833333333333334,0.1314475873544093,0.36129032258064514,0.725942872989462,0.6979276095883868,0.7117974248641682,0.691058598329387,0.3187094677118014,0.847457627118644,0.5474852213561393,0.25,0.18181818181818182,0.2105263157894737,0.13866851851062528,0.1016949152542373,2.0,0.2040947506249256,117.99999999999999,58.79622069287297,0.004727627076459641,0.5833333333333334,0.21705426356589147,0.3163841807909604,0.27233435833517305,0.1987673343605547,2.0,0.6108558504939888,140.86821705426357,45.837328033048834,0.004727627076459641,58.47852770000463
0.24358974358974358,0.7450980392156863,0.19344262295081968,0.36714975845410625,0.7758277081324332,0.7746105402717932,0.7752188853183927,0.7737312902920724,0.3466649259445534,0.8018154311649016,0.6015754615064782,0.3137254901960784,0.17582417582417584,0.22535211267605634,0.14774493242755402,0.13767019667170954,7.0,0.20271167398631396,116.2197802197802,78.92984003023051,0.010583660686873044,0.5294117647058824,0.20454545454545456,0.29508196721311475,0.23847598971646433,0.19969742813918306,7.0,0.3876008579307527,135.20454545454544,69.65928853754941,0.010583660686873044,60.274122600007104
0.2422360248447205,0.7647058823529411,0.21254355400696864,0.3679245283018867,0.7760811641729862,0.7759144328535587,0.7759977940352744,0.7757924129860665,0.34564945721306956,0.7856,0.5929975720864147,0.3333333333333333,0.1827956989247312,0.2361111111111111,0.15455629398349574,0.1488,4.0,0.2022430881585811,114.24731182795699,84.05726076863554,0.006217005738132499,0.43137254901960786,0.176,0.25,0.17241735630857805,0.2,4.0,0.3339853938445488,110.0,65.87114408434205,0.006217005738132499,56.332006300013745
0.22377622377622378,0.6153846153846154,0.17591125198098256,0.32820512820512826,0.7197366817018165,0.7046070460704607,0.7121316853240504,0.7009400037982705,0.28647320725598313,0.808199121522694,0.5333143477745128,0.3076923076923077,0.18181818181818182,0.2285714285714286,0.15324782486455737,0.12884333821376281,1.0,0.2021640458622841,124.18181818181817,79.14364758459246,0.002270805978881484,0.5384615384615384,0.20588235294117646,0.2978723404255319,0.24393810975941652,0.19912152269399708,1.0,0.5386882354206552,140.61764705882354,51.97811676383675,0.002270805978881484,61.333780000015395
0.2543859649122807,0.5686274509803921,0.13911620294599017,0.3515151515151515,0.714755624017201,0.6848804579638568,0.6996586018260211,0.67950382687949,0.3033454812232372,0.8383685800604229,0.5489162381426747,0.3137254901960784,0.2222222222222222,0.26016260162601623,0.19019896409310774,0.10876132930513595,7.0,0.20011269625797198,147.11111111111111,79.95494688339946,0.012343041404577322,0.5882352941176471,0.22727272727272727,0.32786885245901637,0.28116934842460695,0.19939577039274925,7.0,0.579642957764516,150.45454545454544,51.755998409261636,0.012343041404577322,58.31325690000085
0.26506024096385544,0.5365853658536586,0.09951060358890701,0.35483870967741943,0.7185373811323758,0.6724624840799601,0.6951182864956054,0.6648466892841307,0.31828838845790214,0.8776758409785933,0.5220763699433304,0.2926829268292683,0.2222222222222222,0.25263157894736843,0.1974341034419478,0.08256880733944955,9.0,0.2024949658661166,145.33333333333331,59.260732476352175,0.017799476332924655,0.5365853658536586,0.16923076923076924,0.2573099415204678,0.21891364443177594,0.19877675840978593,9.0,0.5619321251412013,110.67692307692307,39.15063584320238,0.017799476332924655,59.9345869999961
0.2080536912751678,0.6888888888888889,0.19932432432432431,0.31958762886597936,0.7447822822822823,0.7405876719923391,0.7426820157891105,0.7387335558054398,0.296328921514918,0.792778649921507,0.5346077430420176,0.26666666666666666,0.13953488372093023,0.183206106870229,0.10622084709576925,0.13500784929356358,14.0,0.20182243238935232,88.88372093023256,59.45820718704752,0.022174556678188642,0.4666666666666667,0.16535433070866143,0.24418604651162792,0.18445400478210838,0.19937205651491366,14.0,0.39546251527549015,105.33070866141732,53.102378073357514,0.022174556678188642,59.38963180000428
0.19117647058823528,0.7027027027027027,0.18867924528301888,0.30057803468208094,0.757011728709842,0.7531155271135064,0.7550611148101981,0.7510165260696534,0.2942564172351461,0.8048387096774193,0.5792754560351008,0.32432432432432434,0.14457831325301204,0.2,0.14090315455789237,0.1338709677419355,17.0,0.20234033554208375,89.63855421686746,59.30602006688963,0.026753546204117643,0.5405405405405406,0.16129032258064516,0.2484472049689441,0.21447437670595806,0.2,17.0,0.4367404483293388,100.0,45.79378914068048,0.026753546204117643,55.5644018999883
0.25773195876288657,0.6410256410256411,0.12,0.3676470588235294,0.7605128205128204,0.7417397167902902,0.7510676161988108,0.7323597653555692,0.3476013983534385,0.865414710485133,0.5649002116722103,0.3076923076923077,0.2,0.24242424242424246,0.1868707722788251,0.09389671361502347,1.0,0.20138678828210438,127.80000000000001,59.58682842287695,0.00278652886467679,0.6923076923076923,0.2125984251968504,0.3253012048192771,0.31532640665139,0.19874804381846636,1.0,0.6389696814575238,135.8503937007874,42.255526018717454,0.00278652886467679,56.3310291999951
0.26666666666666666,0.5818181818181818,0.14691151919866444,0.36571428571428577,0.7174533313097587,0.6918113933958074,0.704515712266141,0.6865841201126602,0.3118383798140283,0.8302752293577982,0.5314061742758309,0.23636363636363636,0.18055555555555555,0.2047244094488189,0.12224317842577515,0.11009174311926606,1.0,0.20203297504985165,118.08333333333333,64.34593163216178,0.003146191231967769,0.6,0.25384615384615383,0.3567567567567567,0.3046452735526982,0.19877675840978593,1.0,0.6074850445017266,166.01538461538462,54.3223249669749,0.003146191231967769,60.0272651000123
0.25170068027210885,0.74,0.18487394957983194,0.3756345177664975,0.777563025210084,0.7757484059224035,0.7766551855945625,0.7744136781260372,0.35388467365439935,0.8093023255813954,0.6110203650968733,0.34,0.19101123595505617,0.2446043165467626,0.16980033233043781,0.13798449612403102,4.0,0.20354139674313443,123.20224719101122,83.52109335996005,0.00632750977928157,0.6,0.23255813953488372,0.335195530726257,0.28988551782622424,0.2,4.0,0.4176764982343825,150.0,71.8259229973846,0.00632750977928157,59.72875290000229
