0.10687022900763359,0.42424242424242425,0.1277292576419214,0.17073170731707316,0.6482565833002515,0.5708453471460284,0.6083208481827089,0.5829798869958447,0.15748398292298452,0.8566912539515279,0.5576012390417016,0.2727272727272727,0.10843373493975904,0.15517241379310343,0.12447296234666579,0.0874604847207587,8.0,0.2017992837802428,102.90361445783132,44.59877077562327,0.009781574971093228,0.45454545454545453,0.07936507936507936,0.13513513513513514,0.12137772545003939,0.19915700737618547,8.0,0.5284828369289895,75.31746031746032,28.383135556804284,0.009781574971093228,49.292149499990046
0.07264957264957266,0.5666666666666667,0.23510292524377033,0.1287878787878788,0.6657818707114481,0.6510265520327629,0.6583628753925883,0.6513948055206609,0.13451048407323546,0.7586568730325288,0.48155427307489784,0.16666666666666666,0.03676470588235294,0.060240963855421686,0.01234947829502417,0.14270724029380902,3.0,0.2007115472090454,35.036764705882355,24.91137191420478,0.003170830311262654,0.26666666666666666,0.042105263157894736,0.07272727272727272,0.03036718396131815,0.1993704092339979,3.0,0.34860939632204824,40.126315789473686,22.948320052192553,0.003170830311262654,53.954959900001995
0.16042780748663102,0.6666666666666666,0.1756152125279642,0.25862068965517243,0.7455257270693512,0.7371842960740186,0.7413432796719011,0.7335869616719621,0.26264690903572196,0.8168264110756124,0.594295700471782,0.2,0.07258064516129033,0.10650887573964499,0.04502653520515995,0.13205537806176784,4.0,0.20060453559955055,68.15322580645162,44.86438939728621,0.003928449956181458,0.6666666666666666,0.16042780748663102,0.25862068965517243,0.26264690903572196,0.19914802981895632,4.0,0.5950877526151703,150.64171122994654,50.41273302662022,0.003928449956181458,53.97123819999979
0.13108614232209737,0.8536585365853658,0.25663716814159293,0.22727272727272727,0.7985106842218865,0.794701986754967,0.7966040592390935,0.7910999521468784,0.2701441339936395,0.7481481481481481,0.6442889826622041,0.3170731707317073,0.08441558441558442,0.13333333333333333,0.08886327716235695,0.16296296296296298,8.0,0.20095452995892923,79.77272727272727,64.69125131270701,0.007261864178148005,0.43902439024390244,0.09523809523809523,0.15652173913043477,0.127259420354918,0.2,8.0,0.2825278810408922,90.0,63.710526315789465,0.007261864178148005,56.77141419998952
0.14375,0.6571428571428571,0.15222222222222223,0.2358974358974359,0.7524603174603174,0.7403860352283516,0.7463987614613995,0.7347429309646631,0.2544881437509021,0.8406417112299466,0.6041722499604916,0.34285714285714286,0.1188118811881188,0.1764705882352941,0.14919177560328975,0.10802139037433155,4.0,0.20104328667703472,111.0891089108911,59.68863819500403,0.004439608092636178,0.6571428571428571,0.12299465240641712,0.2072072072072072,0.22537446792760443,0.2,4.0,0.5851639450492483,115.0,39.305224107859694,0.004439608092636178,53.3545882999897
0.10144927536231885,0.45161290322580644,0.1368653421633554,0.16568047337278105,0.6573737805312255,0.5929697232302442,0.624341852433761,0.6003373111022741,0.15885262155058327,0.8495197438633938,0.5193250340345774,0.25806451612903225,0.0784313725490196,0.12030075187969926,0.08861365246318297,0.10885805763073639,47.0,0.20087677056176417,73.49019607843138,39.82541125898983,0.05224058478166431,0.5161290322580645,0.0855614973262032,0.14678899082568808,0.14650598034097093,0.19957310565635006,47.0,0.5476328855382674,80.1711229946524,29.21665302161982,0.05224058478166431,53.77357089999714
0.13872832369942195,0.5333333333333333,0.16555555555555557,0.22018348623853207,0.6838888888888889,0.6507446520444085,0.6671109630616462,0.6498668683535601,0.2025262373514053,0.8201058201058201,0.5430804794176778,0.24444444444444444,0.09649122807017543,0.13836477987421383,0.08499980440567184,0.12063492063492064,19.0,0.20179857737943066,91.1842105263158,54.50979953796855,0.017950764059611074,0.5333333333333333,0.12698412698412698,0.2051282051282051,0.18633899812498247,0.2,19.0,0.5662962238897995,120.0,42.38064636057042,0.017950764059611074,51.156589199992595
0.13488372093023257,0.7073170731707317,0.2059800664451827,0.22656250000000003,0.7506685033627744,0.7481649395509499,0.7494156760044536,0.7469277934757466,0.24365906486545633,0.7902542372881356,0.6175014048313069,0.3902439024390244,0.12121212121212122,0.18497109826589594,0.15385535679883589,0.13983050847457626,2.0,0.2012101920864783,114.42424242424244,79.51883467773514,0.00255020332786799,0.5365853658536586,0.11702127659574468,0.19213973799126638,0.18003939755519996,0.19915254237288135,2.0,0.3840311372338917,110.46808510638299,57.287021459931886,0.00255020332786799,56.21236000000499
0.1783783783783784,0.7021276595744681,0.16593886462882096,0.28448275862068967,0.7680943974728236,0.7624289343171646,0.7652564229852563,0.7588945894583801,0.29325048370423795,0.8276220145379024,0.6213034809310995,0.2978723404255319,0.11764705882352941,0.1686746987951807,0.11997218989292768,0.12357217030114226,2.0,0.2020421127655289,113.29411764705883,69.29248466257668,0.0025027680489607394,0.7021276595744681,0.171875,0.27615062761506276,0.2850377431043007,0.19937694704049844,2.0,0.5898421158643343,165.515625,55.94717486668943,0.0025027680489607394,56.80978809998487
0.10426540284360189,0.6285714285714286,0.21,0.17886178861788615,0.7092857142857143,0.7001007049345418,0.7046782447127402,0.6982888934150175,0.19007033776780954,0.7839572192513369,0.5360392974221823,0.2,0.056,0.08750000000000001,0.038424386403787175,0.13368983957219252,11.0,0.2012950971322849,52.36,34.77481617647059,0.010772647297923458,0.45714285714285713,0.0855614973262032,0.14414414414414414,0.1267731382092775,0.2,11.0,0.42039777983348753,80.0,38.059192430410384,0.010772647297923458,53.070540900022024
0.1206896551724138,0.6176470588235294,0.16612377850162866,0.20192307692307693,0.7257616401609505,0.7096561283083627,0.717663706502807,0.7052196738162843,0.21674509585924845,0.8261780104712042,0.6017266611331964,0.29411764705882354,0.0847457627118644,0.13157894736842105,0.09958179380902077,0.12356020942408377,4.0,0.20152329030706326,80.9322033898305,49.6220560152769,0.004221264528239637,0.6470588235294118,0.11518324607329843,0.19555555555555554,0.21474067949572753,0.2,4.0,0.5902509420347951,110.0,37.272282741571814,0.004221264528239637,54.223686100012856
0.09090909090909091,0.42424242424242425,0.15135135135135136,0.14973262032085563,0.6364455364455365,0.5656929610088791,0.600027299406252,0.5790463103866883,0.13549671938654825,0.8340292275574113,0.5164126618146039,0.18181818181818182,0.06451612903225806,0.09523809523809523,0.05406240346082199,0.09707724425887265,10.0,0.20294368814989702,61.806451612903224,29.564851485148516,0.012020325620607642,0.42424242424242425,0.07329842931937172,0.12499999999999999,0.1063080892453195,0.19937369519832984,10.0,0.5562532442524405,70.21989528795812,25.168392534617702,0.012020325620607642,52.65275490001659
0.18181818181818182,0.65,0.13014460511679643,0.2841530054644809,0.7599276974416017,0.7440260548175797,0.7519348420402411,0.735956804441956,0.2921916791575271,0.8604898828541001,0.5980162486310505,0.325,0.13829787234042554,0.19402985074626866,0.15805213668316898,0.10010649627263046,10.0,0.20242283336902323,129.86170212765956,64.22200392927309,0.011157242989413478,0.675,0.1443850267379679,0.23788546255506607,0.2513378468524634,0.19914802981895632,10.0,0.5664902566612622,135.5775401069519,47.661896533102926,0.011157242989413478,53.00632620000397
0.16304347826086957,0.6818181818181818,0.16541353383458646,0.26315789473684215,0.7582023239917975,0.7505070993914807,0.7543448991880065,0.746424265162128,0.27396442236772167,0.8276923076923077,0.61590804793559,0.2727272727272727,0.10526315789473684,0.1518987341772152,0.10540986596300041,0.11692307692307692,19.0,0.200369563157396,102.63157894736842,59.88933554031686,0.020056151246334135,0.6818181818181818,0.15384615384615385,0.2510460251046025,0.2618633327492997,0.2,19.0,0.5852364256609495,150.0,51.26133419689119,0.020056151246334135,57.13297269999748
0.147239263803681,0.5853658536585366,0.1475583864118896,0.23529411764705882,0.7189037336233236,0.6940987916659164,0.7063923929602192,0.6887967282363546,0.23534220380748522,0.8413021363173957,0.6080096786099077,0.2926829268292683,0.10810810810810811,0.15789473684210528,0.11849534184597971,0.11291963377416073,5.0,0.2001549750142324,106.27027027027027,59.95354349371889,0.004791397459770105,0.6097560975609756,0.12755102040816327,0.2109704641350211,0.21427744810386445,0.19938962360122076,5.0,0.5358340185970017,125.38265306122449,46.65623893282965,0.004791397459770105,51.048168199980864
0.12568306010928962,0.6216216216216216,0.17758046614872364,0.20909090909090908,0.7220205777364489,0.7080598255089323,0.715006128845011,0.7044454202842991,0.21811596801627198,0.814498933901919,0.5839708314081586,0.24324324324324326,0.07258064516129033,0.11180124223602486,0.0664393550222992,0.13219616204690832,17.0,0.20048448679693265,68.08064516129032,44.89125390093623,0.016236522925572625,0.6216216216216216,0.12299465240641712,0.20535714285714285,0.21418141995787074,0.19936034115138593,17.0,0.5598228895947637,115.36898395721926,41.08442228335626,0.016236522925572625,57.23021599999629
0.14423076923076922,0.7142857142857143,0.19264069264069264,0.23999999999999996,0.7608225108225108,0.7579760211339158,0.759397932274221,0.7563372314834391,0.25880307224726656,0.8033126293995859,0.6095523648138423,0.2619047619047619,0.08396946564885496,0.1271676300578035,0.0786447261835664,0.13561076604554864,25.0,0.20181683899556868,81.1145038167939,54.50486715948181,0.02370866476447364,0.5952380952380952,0.12953367875647667,0.21276595744680846,0.21085486267262107,0.1997929606625259,25.0,0.44915805022156574,125.12953367875647,55.65969481715338,0.02370866476447364,52.87487689999398
0.10714285714285714,0.631578947368421,0.21645021645021645,0.183206106870229,0.7075643654591023,0.699404282724199,0.7034724923585332,0.6978537041237256,0.19131912485802008,0.7775467775467776,0.5572554698630775,0.2894736842105263,0.08333333333333333,0.12941176470588234,0.08974069038572068,0.13721413721413722,35.0,0.201797090996514,80.16666666666666,54.5102010424423,0.035547477419998155,0.5,0.09895833333333333,0.16521739130434782,0.1524255176217419,0.1995841995841996,35.0,0.39064190407500904,95.19791666666666,48.63789522270944,0.035547477419998155,51.79885059999651
0.11052631578947368,0.6176470588235294,0.18429661941112324,0.1875,0.7166752197062031,0.7029917876882453,0.7098005310600505,0.6998675162926662,0.20123070038553806,0.8086225026288117,0.5580896253465808,0.2647058823529412,0.08181818181818182,0.12499999999999999,0.08973016357735658,0.1156677181913775,19.0,0.20251957530302753,77.80909090909091,44.4401484969214,0.02206788496061666,0.6176470588235294,0.11052631578947368,0.1875,0.20123070038553806,0.19978969505783387,19.0,0.5793189444923258,105.11052631578947,36.24946188908584,0.02206788496061666,51.76747239998076
0.1092436974789916,0.8125,0.2322015334063527,0.1925925925925926,0.7901492332968236,0.7895170023824993,0.7898330545801046,0.7889623231313168,0.2418040749660376,0.7693121693121693,0.6291706910860406,0.28125,0.06206896551724138,0.10169491525423728,0.06639113996133947,0.15343915343915343,11.0,0.20076950577980557,58.6551724137931,44.82752480284915,0.01025632087277672,0.46875,0.07936507936507936,0.13574660633484165,0.1257847763727443,0.2,11.0,0.3213367609254499,75.0,46.68,0.01025632087277672,53.921599699999206
0.12432432432432433,0.6571428571428571,0.17326203208556148,0.2090909090909091,0.7419404125286478,0.7322487644151566,0.7370786595362627,0.7283653628763617,0.22969817652009958,0.8206185567010309,0.6082602775205241,0.3142857142857143,0.09166666666666666,0.14193548387096772,0.11198616366462215,0.12371134020618557,4.0,0.20124612613782025,88.91666666666666,54.659437232927516,0.004102526058398446,0.6571428571428571,0.11855670103092783,0.20087336244541484,0.2211159971291128,0.2,4.0,0.5968749492949976,115.0,38.53403468710923,0.004102526058398446,54.167519000009634
0.12217194570135746,0.6428571428571429,0.21579532814238042,0.2053231939163498,0.7135309073573811,0.7065308167696677,0.7100222354022532,0.7049418328055967,0.2080332946875674,0.7778958554729012,0.5611820355961612,0.30952380952380953,0.0962962962962963,0.14689265536723162,0.10239140633826482,0.1434643995749203,3.0,0.20138645418326692,90.61481481481482,64.55250455013058,0.003384362655647336,0.4523809523809524,0.10106382978723404,0.16521739130434784,0.1365463725573456,0.1997874601487779,3.0,0.36568924302788847,95.10106382978722,51.95668279077875,0.003384362655647336,50.550116099999286
0.11428571428571428,0.6451612903225806,0.17184035476718404,0.1941747572815534,0.7366604677776982,0.7252955312280022,0.7309559120162407,0.7212172733004718,0.2173132479514549,0.8220793140407289,0.6255502288383723,0.2903225806451613,0.07894736842105263,0.12413793103448277,0.09517563374575688,0.12218649517684887,22.0,0.20098039215686275,73.65789473684211,44.78048780487805,0.02172942542504676,0.6451612903225806,0.10752688172043011,0.18433179723502305,0.2068648855129552,0.19935691318327975,22.0,0.5683006535947712,100.32258064516128,35.1926394479586,0.02172942542504676,55.79349050001474
0.1509433962264151,0.6,0.14500537056928034,0.24120603015075376,0.7274973147153599,0.7051528126384172,0.716237933691334,0.699145751655445,0.2443624832368871,0.8444902162718847,0.6003021266859825,0.3,0.10909090909090909,0.16,0.1221110711788185,0.11328527291452112,15.0,0.20049136154699634,105.92727272727272,59.852952802593094,0.014008464523324125,0.6,0.12371134020618557,0.20512820512820512,0.2074658296300537,0.19979402677651906,15.0,0.564336661911555,120.12371134020619,42.5278058645096,0.014008464523324125,53.90552380000008
0.0963302752293578,0.6774193548387096,0.2132034632034632,0.16867469879518074,0.7321079458176232,0.7280226985527288,0.7300624646878108,0.7265827461967471,0.19600847307805702,0.7832460732984293,0.5782422913234209,0.22580645161290322,0.05343511450381679,0.08641975308641975,0.04718975738216202,0.13717277486910995,42.0,0.20040241448692153,51.030534351145036,34.929718875502004,0.04314521509510817,0.4838709677419355,0.07853403141361257,0.13513513513513514,0.12998877418150556,0.2,42.0,0.39664654594232057,75.0,37.817044301657084,0.04314521509510817,53.47415340002044
0.095,0.6129032258064516,0.2011111111111111,0.1645021645021645,0.7058960573476702,0.6936454340044175,0.6997439367803996,0.6915444994789389,0.17988975963245057,0.7926960257787325,0.5506099027746876,0.2903225806451613,0.07258064516129033,0.11612903225806452,0.08582772081109516,0.13319011815252416,26.0,0.20117019160644434,67.5725806451613,44.73823844442614,0.026078140981876653,0.4838709677419355,0.08064516129032258,0.13824884792626727,0.13186337169566587,0.19978517722878625,26.0,0.44376118809255455,75.08064516129032,33.801964665894744,0.026078140981876653,51.222238699992886
0.16793893129770993,0.5641025641025641,0.12044198895027625,0.2588235294117647,0.7218302875761439,0.6873650743808141,0.704386917333152,0.680224416719899,0.2554033035283887,0.8665254237288136,0.5769361349297606,0.28205128205128205,0.12790697674418605,0.17600000000000002,0.13775452143808678,0.09110169491525423,7.0,0.20313321579907828,120.74418604651164,54.151655881233346,0.008327789511981206,0.6153846153846154,0.1276595744680851,0.21145374449339208,0.2163593797789691,0.19915254237288135,7.0,0.5594630540348272,120.51063829787235,42.89827509951349,0.008327789511981206,54.521180999989156
0.1,0.5483870967741935,0.1652267818574514,0.1691542288557214,0.691580157458371,0.6619317466314065,0.6765935719189495,0.6599602201190194,0.17748229460566486,0.8254963427377221,0.5633293861916742,0.25806451612903225,0.07547169811320754,0.11678832116788322,0.08587710272843593,0.11076280041797283,19.0,0.20050631235832356,72.22641509433963,39.898993233206795,0.020393560250110788,0.5483870967741935,0.08900523560209424,0.15315315315315314,0.15967576714139983,0.19958202716823406,19.0,0.5853202508397174,85.17801047120419,29.043929328621907,0.020393560250110788,56.70034159999341
0.10919540229885058,0.5277777777777778,0.16921397379912664,0.18095238095238095,0.6792819019893255,0.6454910714285715,0.6621709769516689,0.6452978742033075,0.1769705543108053,0.819327731092437,0.5425801509438002,0.2222222222222222,0.07407407407407407,0.1111111111111111,0.06799763616975558,0.1134453781512605,3.0,0.20214939454844444,70.51851851851852,39.5746918652424,0.003288488792191461,0.5555555555555556,0.10526315789473684,0.17699115044247787,0.17656578813181456,0.19957983193277312,3.0,0.5785758184808066,100.21052631578947,34.56763895268718,0.003288488792191461,53.276711999991676
0.1222707423580786,0.7368421052631579,0.21776814734561215,0.20973782771535582,0.7595369789587729,0.7588588588588588,0.7591978431961984,0.7584683834767516,0.23743711564292833,0.7804370447450573,0.6195300753150917,0.3157894736842105,0.08571428571428572,0.1348314606741573,0.09783701677926375,0.14568158168574402,47.0,0.2004940568807045,82.37142857142857,59.85214817185375,0.04572277034064984,0.5,0.09895833333333333,0.16521739130434782,0.15234316746041787,0.19979188345473464,47.0,0.35639466803548225,95.09895833333334,53.3116842200018,0.04572277034064984,53.53641579998657
0.15819209039548024,0.6511627906976745,0.16482300884955753,0.2545454545454546,0.7431698909240585,0.7317790816414838,0.7374524935777281,0.7271868562183488,0.2597324683950615,0.8268215417106652,0.6197873319307112,0.3488372093023256,0.12931034482758622,0.18867924528301885,0.15057110513019836,0.12249208025343189,1.0,0.20284492286991207,122.45689655172414,73.94811656005686,0.0017127333130587548,0.6511627906976745,0.14814814814814814,0.24137931034482757,0.24641898527720243,0.19957761351636746,1.0,0.608214394412674,140.2962962962963,46.0363981142511,0.0017127333130587548,56.58159960000194
0.1044776119402985,0.6363636363636364,0.19629225736095965,0.17948717948717952,0.7200356895013383,0.7103125430262976,0.715157592198663,0.7077996789370871,0.19729942720067345,0.7978947368421052,0.5681595409099808,0.21212121212121213,0.05343511450381679,0.08536585365853658,0.04083919254398101,0.13789473684210526,6.0,0.20073694851142923,50.76335877862596,34.871507472384664,0.005722231852170943,0.5151515151515151,0.08947368421052632,0.15246636771300448,0.14946231689307254,0.2,6.0,0.46411452049434243,85.0,36.628890606337386,0.005722231852170943,54.70329160001711
0.13664596273291926,0.6470588235294118,0.15723981900452488,0.22564102564102564,0.7449095022624435,0.7320559203180134,0.7384547455547742,0.726785949547778,0.24324299637307614,0.835511982570806,0.6114825086998605,0.29411764705882354,0.09615384615384616,0.14492753623188406,0.11189032671215553,0.11328976034858387,19.0,0.201107544141252,88.26923076923077,49.72463883789608,0.02070062981497218,0.6764705882352942,0.12568306010928962,0.2119815668202765,0.23421689653686942,0.19934640522875818,19.0,0.5978330658105939,115.37704918032786,38.47227815814203,0.02070062981497218,50.60617149999598
0.17333333333333334,0.52,0.1420389461626575,0.26,0.6889805269186713,0.6475360776750683,0.6679369341452965,0.6460402125756386,0.23190162867782535,0.8396533044420368,0.5543376536264655,0.32,0.16,0.21333333333333335,0.1629722304256693,0.10834236186348863,6.0,0.20059349095248846,147.68,79.76330599774883,0.006469142940034217,0.54,0.14673913043478262,0.23076923076923078,0.20405954454145006,0.19934994582881907,6.0,0.5651872399445215,135.44021739130434,47.7717791411043,0.006469142940034217,52.92883970000548
0.14220183486238533,0.7948717948717948,0.20800889877641823,0.24124513618677043,0.7934314480476883,0.7934288333303378,0.7934301406879359,0.7934264265336715,0.27736669192949565,0.7921108742004265,0.6636875666354729,0.3333333333333333,0.10483870967741936,0.15950920245398773,0.12368715184239801,0.13219616204690832,1.0,0.20012706480304956,98.33870967741936,64.95873015873016,0.0018103347845994208,0.6410256410256411,0.13368983957219252,0.22123893805309736,0.23025432885893882,0.19936034115138593,1.0,0.40125249591577417,125.40106951871658,62.304908391766574,0.0018103347845994208,50.83107710001059
0.11059907834101383,0.6486486486486487,0.2075268817204301,0.18897637795275593,0.7205608834641093,0.7133840166165885,0.716963469963724,0.7114560876287406,0.20283379952972505,0.7869700103412617,0.5471188103754573,0.24324324324324326,0.0703125,0.1090909090909091,0.06525802093841954,0.13236814891416754,30.0,0.20047474830154702,67.9921875,44.89343459088682,0.031024453609025823,0.4864864864864865,0.09326424870466321,0.1565217391304348,0.14317509585743857,0.19958634953464321,30.0,0.4175002046328886,90.18652849740933,43.11375132337372,0.031024453609025823,55.98445059999358
0.1402439024390244,0.5897435897435898,0.15376226826608505,0.2266009852216749,0.7179906607387524,0.6950832440852885,0.7064441079726208,0.6901991306509878,0.22877066781022448,0.8357740585774058,0.6161050632782165,0.3076923076923077,0.10619469026548672,0.15789473684210525,0.12104369868432481,0.11820083682008369,6.0,0.2002154196781193,101.5221238938053,59.93544363012631,0.005635768248868968,0.6153846153846154,0.1256544502617801,0.208695652173913,0.21435183613647207,0.1997907949790795,6.0,0.5482899111784081,120.12565445026178,43.77246327297574,0.005635768248868968,55.59580839998671
0.1651376146788991,0.45,0.10033076074972437,0.24161073825503354,0.6748346196251378,0.5999264795980884,0.6362791507370205,0.6046733872146866,0.22037169373598742,0.880675818373812,0.5412174732685289,0.225,0.1232876712328767,0.1592920353982301,0.11645813661087956,0.07708553326293559,13.0,0.2000314490132872,116.75342465753424,44.992925084505934,0.01826525980762137,0.5,0.10582010582010581,0.17467248908296942,0.1578494663405037,0.19957761351636746,13.0,0.534192939696517,100.21164021164022,37.439656187448485,0.01826525980762137,56.91892519997782
0.13333333333333333,0.5263157894736842,0.14332965821389196,0.2127659574468085,0.6914930656298961,0.652037091427852,0.6714753362975041,0.6500570602043455,0.20589665708143573,0.8433862433862434,0.5398726459218521,0.23684210526315788,0.09574468085106383,0.13636363636363635,0.09394787619161615,0.09947089947089947,9.0,0.2014839082674889,90.47872340425532,44.66857962697274,0.00993223353022929,0.5526315789473685,0.1111111111111111,0.18502202643171808,0.18044687495851958,0.2,9.0,0.5792863107856363,105.0,36.251503978265085,0.00993223353022929,53.524965499993414
0.13157894736842105,0.6578947368421053,0.18052516411378555,0.2192982456140351,0.7386847863641599,0.7298487683193016,0.7342534858644448,0.7264809458569279,0.23381121778727496,0.8130252100840336,0.5899084817964453,0.23684210526315788,0.07086614173228346,0.10909090909090907,0.06203118136293772,0.1334033613445378,15.0,0.2000478201960628,67.46456692913387,44.98924302788845,0.014062084545302937,0.6578947368421053,0.13157894736842105,0.2192982456140351,0.23381121778727496,0.19957983193277312,15.0,0.5871841874551685,125.26315789473684,42.57607839943535,0.014062084545302937,53.65460130001884
0.13574660633484162,0.7692307692307693,0.21340782122905028,0.23076923076923078,0.7779114740008596,0.7778146061208707,0.7778630385529862,0.777741888751442,0.2616009957418833,0.7858672376873662,0.638257473442766,0.4358974358974359,0.13076923076923078,0.20118343195266272,0.17893768497571858,0.139186295503212,4.0,0.20020055638222164,122.13846153846154,84.91484892551301,0.004213180199154413,0.5384615384615384,0.11290322580645161,0.18666666666666668,0.17736477754675758,0.19914346895074947,4.0,0.3699294817881866,105.45161290322581,56.76757607555089,0.004213180199154413,50.64992950001033
0.1206896551724138,0.65625,0.16363636363636364,0.2038834951456311,0.7463068181818182,0.7354396650171299,0.7408533163613675,0.7307966177737246,0.22939080552365965,0.8304033092037229,0.6266761087953223,0.3125,0.08064516129032258,0.1282051282051282,0.10195811284993768,0.1282316442605998,8.0,0.20002376284678905,77.98387096774194,49.994059994059995,0.007312036219788149,0.6875,0.11398963730569948,0.19555555555555557,0.22583408565417426,0.19958634953464321,8.0,0.5635210598229667,110.2279792746114,39.04024457739241,0.007312036219788149,57.59119410000858
0.12903225806451613,0.6829268292682927,0.2036637931034483,0.21705426356589147,0.7396315180824223,0.7352841888314412,0.737454650000528,0.7335282977320645,0.23142009309711947,0.7915376676986584,0.6094385345217046,0.36585365853658536,0.11278195488721804,0.17241379310344826,0.1396325347665335,0.13725490196078433,5.0,0.2019236934915037,109.28571428571428,74.28548745633535,0.0049395148282225096,0.5609756097560976,0.11917098445595854,0.1965811965811966,0.19041546117701488,0.19917440660474717,5.0,0.40301378647002245,115.47668393782384,57.07000795544948,0.0049395148282225096,55.94321519997902
0.12878787878787878,0.5483870967741935,0.12721238938053098,0.2085889570552147,0.7105873536968312,0.6735631606698973,0.6918276258491676,0.6682341138905739,0.21656217609242254,0.8620320855614974,0.5800972696005524,0.2903225806451613,0.10588235294117647,0.15517241379310345,0.12845288137990032,0.09090909090909091,6.0,0.20053341646317174,99.0,44.880300544088435,0.007743938981809513,0.5806451612903226,0.0962566844919786,0.16513761467889906,0.17622071289075836,0.2,6.0,0.5247571050033771,90.0,34.30158415841584,0.007743938981809513,52.0589939999918
0.17575757575757575,0.6444444444444445,0.1475054229934924,0.27619047619047615,0.748469510725476,0.7340117215173568,0.7412053656516934,0.7278074184525698,0.2782567200790365,0.8428128231644261,0.621986445015249,0.28888888888888886,0.11711711711711711,0.16666666666666666,0.12066182143013415,0.11478800413650465,11.0,0.20312162723121627,113.25225225225225,64.00106269925611,0.010297741621281449,0.6444444444444445,0.15025906735751296,0.24369747899159666,0.24588930150691546,0.19958634953464321,11.0,0.5723038605230386,145.30051813471505,50.67238227870136,0.010297741621281449,58.20017100000405
0.15384615384615385,0.6363636363636364,0.1732283464566929,0.24778761061946902,0.7315676449534717,0.7191780821917808,0.725346410959064,0.7151847397216946,0.24775899505198556,0.8177920685959271,0.5707919553337251,0.22727272727272727,0.08695652173913043,0.1257861635220126,0.0703922884432473,0.1232583065380493,5.0,0.20042312239437496,81.1304347826087,49.89444271965228,0.004926590825558849,0.6363636363636364,0.15053763440860216,0.24347826086956523,0.2433483730102582,0.19935691318327975,5.0,0.6153319644079398,140.4516129032258,45.503893214682975,0.004926590825558849,53.92077879997669
0.136986301369863,0.7317073170731707,0.2135593220338983,0.23076923076923075,0.7590739975196362,0.7580873543187017,0.7585805155102402,0.7575246943092406,0.25083354809876784,0.7840172786177105,0.5974646192309406,0.3170731707317073,0.10077519379844961,0.15294117647058822,0.1104973464114546,0.13930885529157666,25.0,0.20217457886676876,93.31782945736435,64.30086350552946,0.02525633477652569,0.5121951219512195,0.11351351351351352,0.1858407079646018,0.16817551798928596,0.19978401727861772,25.0,0.38514548238897395,105.11351351351351,54.52485089463221,0.02525633477652569,51.55816990000312
0.14479638009049775,0.6956521739130435,0.20278969957081544,0.2397003745318352,0.746431237171114,0.7429767819755633,0.7447020065498902,0.7413967696490646,0.24949885014091233,0.7924335378323109,0.5711484286847651,0.2391304347826087,0.08029197080291971,0.12021857923497267,0.06340157238122768,0.14008179959100203,39.0,0.20128683190758206,78.52554744525548,54.64838358154741,0.03915282968002795,0.5434782608695652,0.1282051282051282,0.20746887966804975,0.19133124505806748,0.19938650306748465,39.0,0.4013891935365943,125.38461538461539,62.28368975190353,0.03915282968002795,57.99474409999675
0.14204545454545456,0.6944444444444444,0.16395222584147665,0.2358490566037736,0.765246109301484,0.7586954379741847,0.7619637340809142,0.7548015804606005,0.2605422939476641,0.8307210031347962,0.6351369258573201,0.2777777777777778,0.09259259259259259,0.1388888888888889,0.10305152927193643,0.11285266457680251,3.0,0.20025182894757815,88.6111111111111,49.93712193568927,0.003285254732776537,0.6944444444444444,0.13089005235602094,0.22026431718061673,0.24478611339414116,0.19958202716823406,3.0,0.5973924546946973,125.26178010471205,41.84853659187321,0.003285254732776537,49.660354499996174
0.1111111111111111,0.78125,0.22522522522522523,0.19455252918287935,0.7780123873873874,0.7779989144201194,0.778005650874589,0.7779887789122435,0.23702379838409662,0.775,0.6117692908524943,0.34375,0.08088235294117647,0.13095238095238096,0.10478914434293786,0.14782608695652175,10.0,0.2007785155866671,74.41176470588235,54.786738351254485,0.009821772694497343,0.5,0.08695652173913043,0.14814814814814817,0.14237369936287486,0.2,10.0,0.3358738673906644,80.0,47.636930268796256,0.009821772694497343,54.39204880001489
0.1484375,0.48717948717948717,0.12111111111111111,0.22754491017964068,0.6830341880341879,0.6268743873699139,0.6543520750915658,0.6274058645093421,0.21286308838860946,0.8626198083067093,0.5559527511571654,0.20512820512820512,0.0963855421686747,0.13114754098360654,0.08560647849672834,0.08839190628328009,4.0,0.20378358713164596,90.50602409638554,39.257332313185415,0.005486237870973409,0.5641025641025641,0.11764705882352941,0.19469026548672566,0.19023292310537257,0.19914802981895632,4.0,0.5422275349514059,110.47058823529413,40.5733729512125,0.005486237870973409,53.20936300000176
0.14935064935064934,0.5111111111111111,0.14719101123595504,0.23115577889447234,0.6819600499375781,0.6391578947368421,0.6602122005936683,0.6389753890192004,0.21000103049530314,0.8363636363636363,0.5204750940148848,0.17777777777777778,0.08602150537634409,0.11594202898550725,0.05883782885814761,0.09946524064171124,2.0,0.20267264143394415,80.43010752688171,39.47252053063803,0.0024764874051055675,0.5333333333333333,0.12834224598930483,0.20689655172413796,0.18738292224896536,0.2,2.0,0.5679603104745139,120.0,42.256473836963565,0.0024764874051055675,55.213670700002695
0.2,0.723404255319149,0.15077605321507762,0.31336405529953915,0.7863141010520356,0.7812809359532026,0.7837934784260044,0.7772460727633849,0.32399010123799643,0.8429926238145417,0.6743302674514619,0.425531914893617,0.17699115044247787,0.25,0.21599424770840073,0.11907270811380401,4.0,0.20271262166906015,167.9646017699115,98.661838790932,0.004022575980057111,0.723404255319149,0.17989417989417988,0.288135593220339,0.29964727577886385,0.19915700737618547,4.0,0.5776926759214935,170.7195767195767,58.854822671528005,0.004022575980057111,59.26206009997986
0.11377245508982035,0.5428571428571428,0.1613958560523446,0.1881188118811881,0.6907306434023991,0.6590734809869637,0.6747164215962024,0.6571966932863659,0.18874527809170683,0.8277310924369747,0.6101671777875148,0.2857142857142857,0.08849557522123894,0.13513513513513511,0.10088492524045227,0.11869747899159663,8.0,0.20073817680923958,84.24778761061947,49.81613442421043,0.007322871401235944,0.5714285714285714,0.10526315789473684,0.17777777777777778,0.18176000677529194,0.19957983193277312,8.0,0.5226044573164271,100.21052631578947,38.26986111580441,0.007322871401235944,53.02197310002521
0.12244897959183673,0.7272727272727273,0.19089900110987792,0.2096069868995633,0.7681868630814247,0.7660077493925265,0.7670965324533198,0.7646039572188974,0.24318156271914654,0.8062098501070664,0.6253575711299494,0.36363636363636365,0.09523809523809523,0.1509433962264151,0.12813825299008832,0.1349036402569593,16.0,0.202341079382618,88.95238095238096,59.30580204778157,0.015669821639335245,0.6060606060606061,0.10752688172043011,0.18264840182648404,0.19500249136323602,0.19914346895074947,16.0,0.48458271468526637,100.43010752688171,41.272623628331196,0.015669821639335245,53.95900959998835
0.11695906432748537,0.5405405405405406,0.1672203765227021,0.1923076923076923,0.6866600820089193,0.6555662104437276,0.6709330427289794,0.6542648056596112,0.18817631518836653,0.8212765957446808,0.5350957392971079,0.21621621621621623,0.06837606837606838,0.10389610389610392,0.05625863860496045,0.12446808510638298,2.0,0.20189994637248143,64.27350427350427,39.62358655232602,0.002430801755852979,0.5675675675675675,0.11170212765957446,0.18666666666666665,0.18600909503729313,0.2,2.0,0.5829464490921628,105.0,36.02389213057877,0.002430801755852979,50.39106500000344
0.15286624203821655,0.5333333333333333,0.14712389380530974,0.2376237623762376,0.6931047197640117,0.656274937490025,0.6744384750569677,0.654006345501674,0.22090265696606623,0.8377239199157007,0.5715144393709861,0.24444444444444444,0.10679611650485436,0.14864864864864863,0.09748395437882816,0.10853530031612224,3.0,0.20265860832944882,101.3495145631068,54.27847398477157,0.003337128096433787,0.5555555555555556,0.13227513227513227,0.21367521367521367,0.19910697859251172,0.19915700737618547,3.0,0.5663125070322923,125.52910052910052,44.14523728428701,0.003337128096433787,55.36755379999522
0.09900990099009901,0.6060606060606061,0.19444444444444445,0.17021276595744683,0.7058080808080808,0.6917113893858081,0.6987241860816672,0.6893580130820645,0.18378664340860687,0.7987616099071208,0.5817198032896342,0.30303030303030304,0.07751937984496124,0.1234567901234568,0.09390966959191824,0.13312693498452013,7.0,0.20200748773560548,75.11627906976743,49.503115513660326,0.006637326645771032,0.5757575757575758,0.09844559585492228,0.168141592920354,0.17704929975668904,0.19917440660474717,7.0,0.47652013942680094,95.39378238341969,39.8723966270446,0.006637326645771032,54.70877080000355
0.14691943127962084,0.6888888888888889,0.19292604501607716,0.2421875,0.7479814219364059,0.7433129537638518,0.7456435342038686,0.7411461973407233,0.2526139389392025,0.8016359918200409,0.6182512091275154,0.3333333333333333,0.11450381679389313,0.17045454545454541,0.12856498200884825,0.13394683026584867,3.0,0.2006266630977311,111.98473282442748,74.76573536336525,0.003343977352006298,0.6222222222222222,0.14358974358974358,0.23333333333333334,0.2324222870804215,0.19938650306748465,3.0,0.4537166790004881,140.43076923076924,61.712520821765686,0.003343977352006298,55.844564200000605
0.17964071856287425,0.6976744186046512,0.14842903575297942,0.28571428571428575,0.7746226914258358,0.7669789227166277,0.770791331932088,0.7618488549045009,0.2995503751650112,0.84472049689441,0.6321239065938882,0.27906976744186046,0.1188118811881188,0.16666666666666663,0.12310459985381268,0.10455486542443064,28.0,0.2002896905984948,114.77227722772277,59.913218519346906,0.03389250463680561,0.7209302325581395,0.16062176165803108,0.2627118644067796,0.28131587289646665,0.1997929606625259,28.0,0.5925367339624895,155.16062176165804,52.317431516342836,0.03389250463680561,51.691562299994985
0.14383561643835616,0.5121951219512195,0.1388888888888889,0.2245989304812834,0.6866531165311653,0.6423285643808584,0.6641211565438235,0.6413610990808611,0.21048368197475076,0.8459086078639745,0.5594678267775284,0.24390243902439024,0.1,0.14184397163120568,0.0953198477733906,0.10626992561105207,34.0,0.20238393767658025,94.1,49.411035849991734,0.04085679530147538,0.5365853658536586,0.11702127659574468,0.19213973799126638,0.17978492225467746,0.1997874601487779,34.0,0.5334269522042229,110.11702127659574,41.24276043625423,0.04085679530147538,52.72769949998474
0.11409395973154363,0.53125,0.14715719063545152,0.18784530386740333,0.6920464046822743,0.6546854942233632,0.6731067838574474,0.6525940405982371,0.19088286812788305,0.8417653390742734,0.5934507027791394,0.34375,0.1111111111111111,0.1679389312977099,0.14518537160731051,0.10656620021528525,6.0,0.20300025061759336,103.22222222222223,54.187125220458555,0.006873359958738856,0.5625,0.0972972972972973,0.16589861751152074,0.17185438987051574,0.1991388589881593,6.0,0.5416204217536071,90.3891891891892,33.233606557377044,0.006873359958738856,56.627667299995665
0.11363636363636363,0.6410256410256411,0.20877944325481798,0.19305019305019305,0.7161230988854115,0.7082478771731423,0.7121746025942268,0.7063578314284172,0.20268802682489015,0.7852004110996916,0.5519982105377375,0.28205128205128205,0.08270676691729323,0.12790697674418602,0.08646752982207928,0.1366906474820144,13.0,0.2017490706015296,80.47368421052632,54.523175582433645,0.012664184500485951,0.4358974358974359,0.08762886597938144,0.14592274678111586,0.1209648306656403,0.19938335046248715,13.0,0.39653788834116704,85.26288659793815,42.871061000289096,0.012664184500485951,52.21893939998699
0.09259259259259259,0.625,0.21705426356589147,0.16129032258064516,0.7039728682170543,0.6951135581555403,0.6995291882911805,0.6936198820646716,0.17596647818311678,0.7775401069518717,0.5694962996425866,0.3125,0.07142857142857142,0.11627906976744186,0.0858741625318549,0.1497326203208556,10.0,0.2012423569100021,66.78571428571429,49.69132817537073,0.008890932664484449,0.46875,0.08021390374331551,0.136986301369863,0.1264793414337844,0.2,10.0,0.35643965810856837,75.0,42.082859352959915,0.008890932664484449,53.0103994999954
0.11235955056179775,0.7317073170731707,0.2592997811816193,0.1948051948051948,0.7362037679457756,0.7361763053446182,0.7361900365171399,0.7361654493504388,0.213369329922083,0.7403141361256544,0.5847639810722085,0.2926829268292683,0.07792207792207792,0.12307692307692307,0.07568819305016952,0.1612565445026178,7.0,0.20018329198729598,74.4155844155844,59.945062751598385,0.006685044950630871,0.3902439024390244,0.08376963350785341,0.13793103448275865,0.10073249365419583,0.2,7.0,0.28517705057910786,80.0,56.10549645390071,0.006685044950630871,53.98817090000375
0.0995260663507109,0.5384615384615384,0.20364415862808147,0.16799999999999998,0.6674086899167284,0.6424953675108092,0.6548335601570494,0.6432867434320466,0.15938504257761008,0.7860082304526749,0.5119237329113921,0.20512820512820512,0.06153846153846154,0.09467455621301775,0.042877252128089516,0.1337448559670782,32.0,0.20211595953963166,59.815384615384616,39.58123850398528,0.032403534860665766,0.48717948717948717,0.0979381443298969,0.1630901287553648,0.1471100654985189,0.19958847736625515,32.0,0.456201496352061,95.19587628865979,41.6482632168687,0.032403534860665766,56.26013700000476
0.15204678362573099,0.6190476190476191,0.16201117318435754,0.244131455399061,0.7285182229316308,0.7120686507211978,0.7202464772761691,0.7072780015186253,0.24483559466700083,0.8281750266808965,0.5931706816866744,0.30952380952380953,0.12380952380952381,0.17687074829931973,0.13560772601878435,0.11205976520811099,11.0,0.20241082327410823,116.00952380952381,64.22581455733311,0.012964516470360211,0.6190476190476191,0.13903743315508021,0.2270742358078603,0.22735623166069302,0.19957310565635006,11.0,0.5943306659433066,130.27807486631016,43.74669100867184,0.012964516470360211,55.25933940001414
0.10424710424710425,0.7297297297297297,0.25692137320044295,0.18243243243243243,0.7364041782646434,0.7363436839538287,0.7363739304880228,0.7363196907245763,0.20578155418986513,0.7425531914893617,0.6219505524559679,0.3783783783783784,0.09210526315789473,0.14814814814814814,0.11912728661217889,0.16170212765957448,7.0,0.20197564318686687,86.57894736842104,69.31528861154446,0.0065476324159946045,0.4864864864864865,0.09574468085106383,0.16,0.14497767701436082,0.2,7.0,0.28552297827422685,90.0,63.04221155437841,0.0065476324159946045,55.62217040001997
0.11413043478260869,0.65625,0.1769815418023887,0.19444444444444442,0.7396342290988056,0.7302337316787854,0.7349189500837371,0.726607856149129,0.2187316206696434,0.8174186778593914,0.5755948945983511,0.1875,0.04838709677419355,0.07692307692307691,0.03179399756023454,0.13011542497376705,6.0,0.2006205933001917,46.112903225806456,29.907198963478827,0.005678981193659933,0.65625,0.11052631578947368,0.18918918918918917,0.21315757135771712,0.1993704092339979,6.0,0.5549598726321604,105.33157894736841,37.8405737704918,0.005678981193659933,53.400876400002744
0.09606986899563319,0.7857142857142857,0.22282023681377824,0.17120622568093385,0.7814470244502537,0.7814237221429626,0.7814353732097492,0.7814053691410892,0.2223463983731935,0.7774294670846394,0.6537144819629985,0.39285714285714285,0.08088235294117647,0.13414634146341464,0.12467424177649912,0.14211076280041798,13.0,0.20021016894349689,77.40441176470587,54.942264211886304,0.012770833665919225,0.5714285714285714,0.08376963350785341,0.14611872146118723,0.1615160844750161,0.19958202716823406,13.0,0.3625737612157465,80.16753926701571,44.128951709992414,0.012770833665919225,52.45468080000137
0.12269938650306748,0.47619047619047616,0.16176470588235295,0.1951219512195122,0.6572128851540616,0.607352157698455,0.6317908387002349,0.6123505208937047,0.17179591785537252,0.8218142548596112,0.49344196617776426,0.11904761904761904,0.045871559633027525,0.06622516556291391,0.000904332812030353,0.11771058315334773,2.0,0.20281533617336545,42.477064220183486,24.65296803652968,0.00265541571336941,0.5,0.11351351351351352,0.18502202643171808,0.1636621832731995,0.19978401727861772,2.0,0.5773459731600128,105.11351351351351,36.37333761082594,0.00265541571336941,54.61663120001322
0.14150943396226415,0.75,0.2017738359201774,0.2380952380952381,0.7741130820399114,0.7733619763694951,0.7737374380627235,0.772829710501194,0.2647059249603053,0.7961783439490446,0.6436169670699967,0.375,0.11363636363636363,0.17441860465116277,0.14248873511642787,0.14012738853503184,4.0,0.201648,107.04545454545455,74.38705070221376,0.004005927813163482,0.625,0.13297872340425532,0.21929824561403508,0.22414840887172913,0.19957537154989385,4.0,0.399872,125.2659574468085,62.52000640204866,0.004005927813163482,56.601083399989875
0.14925373134328357,0.5714285714285714,0.12101910828025478,0.23668639053254434,0.7252047315741583,0.6925972396486825,0.7087134789662363,0.6851039108239806,0.24333287847790852,0.8679631525076765,0.6036054953003394,0.34285714285714286,0.12121212121212122,0.1791044776119403,0.15427769345951492,0.10133060388945753,33.0,0.20235171312783987,118.42424242424242,59.302685480200275,0.03453148310691527,0.6,0.1076923076923077,0.18260869565217394,0.19310198345814078,0.19959058341862845,33.0,0.5258043718531253,105.21538461538462,39.93880827956676,0.03453148310691527,53.91604619999998
0.11659192825112108,0.6046511627906976,0.21986607142857142,0.19548872180451127,0.6923925456810631,0.6812737802935167,0.6868106631693988,0.6801236235291975,0.18901554669145862,0.77209797657082,0.5534492409506863,0.27906976744186046,0.09090909090909091,0.13714285714285715,0.08728813152396231,0.14057507987220447,38.0,0.20026691133539076,85.36363636363637,59.92003331945023,0.039250383138750455,0.46511627906976744,0.10695187165775401,0.17391304347826084,0.1458968402159315,0.19914802981895632,38.0,0.3653348903161231,100.42780748663102,54.74429223744293,0.039250383138750455,51.15064449998317
0.12903225806451613,0.6511627906976745,0.20837927232635062,0.21538461538461537,0.7213917591856619,0.7145548249511285,0.7179651538940434,0.71267673281729,0.2192539690521568,0.7852631578947369,0.5891759111864243,0.3023255813953488,0.09352517985611511,0.14285714285714288,0.0961143470511365,0.1463157894736842,9.0,0.2003552020401348,88.84892086330936,64.88476399727251,0.007987891493206742,0.5116279069767442,0.11578947368421053,0.18884120171673818,0.16963166923546458,0.2,9.0,0.3763927259479644,110.0,58.44958864332957,0.007987891493206742,51.04202839999925
0.12213740458015267,0.5,0.12637362637362637,0.19631901840490798,0.6868131868131868,0.636,0.6609184418770495,0.6353287141528545,0.19560823532021032,0.8609341825902336,0.5551590939181184,0.28125,0.10714285714285714,0.15517241379310343,0.12638618112939512,0.08917197452229299,6.0,0.20146813891801862,100.92857142857143,44.67207593386406,0.007301027283379833,0.5625,0.09574468085106383,0.16363636363636364,0.17027741132501797,0.19957537154989385,6.0,0.5669761273209549,90.19148936170212,31.74736842105263,0.007301027283379833,55.73703970000497
0.13793103448275862,0.6857142857142857,0.17123287671232876,0.2296650717703349,0.7572407045009785,0.7504845587285179,0.7538550629721132,0.746922730898979,0.2515633637192784,0.823271130625686,0.6340169859395193,0.37142857142857144,0.12380952380952381,0.18571428571428572,0.16034945323028146,0.11525795828759605,5.0,0.202677886929701,112.79047619047618,64.14118578465869,0.005896090459495738,0.6857142857142857,0.13186813186813187,0.22119815668202766,0.2429282480972759,0.19978046103183314,5.0,0.586692577867318,120.13186813186813,40.90728416446349,0.005896090459495738,53.85574989998713
0.10091743119266056,0.6666666666666666,0.2024793388429752,0.1752988047808765,0.7320936639118456,0.7262464722483537,0.7291642070009675,0.7242202021817048,0.20080697825733354,0.7932067932067932,0.5718256636286667,0.2727272727272727,0.06569343065693431,0.10588235294117646,0.07298624906973865,0.13686313686313686,9.0,0.20027541514783312,65.75912408759125,44.93811680957774,0.007773457809909815,0.48484848484848486,0.08,0.13733905579399142,0.13162565500558823,0.1998001998001998,9.0,0.42117456460105307,80.08,37.98899873062276,0.007773457809909815,57.48746409997693
0.1134020618556701,0.5641025641025641,0.18143459915611815,0.18884120171673818,0.691333982473223,0.6679186228482004,0.6795254531668972,0.6661399332108582,0.18759494015742412,0.8085106382978723,0.5256778650423639,0.23076923076923078,0.0743801652892562,0.11249999999999999,0.0668994608089715,0.12259371833839919,4.0,0.2009553326091124,73.41322314049587,44.78607202480324,0.004058584656318452,0.5641025641025641,0.1116751269035533,0.1864406779661017,0.18497178761750396,0.19959473150962512,4.0,0.579206339063199,110.22335025380711,37.98300970873786,0.004058584656318452,55.41287440000451
0.1270718232044199,0.6052631578947368,0.17555555555555555,0.21004566210045664,0.7148538011695906,0.6980530104712042,0.7064034597545629,0.6945192906240598,0.21468359692730063,0.8155650319829424,0.5570562057551903,0.3157894736842105,0.1016949152542373,0.15384615384615385,0.11772154861473304,0.1257995735607676,4.0,0.20218602475226471,95.38983050847457,59.35128312999579,0.004033282742075782,0.6052631578947368,0.12299465240641712,0.20444444444444443,0.2087635509217716,0.19936034115138593,4.0,0.5987751456641007,115.36898395721926,38.41174799346545,0.004033282742075782,52.96274419999099
0.14361702127659576,0.675,0.17809734513274336,0.23684210526315794,0.7484513274336284,0.741242979603902,0.7448384335111865,0.737946890551427,0.2506373012630237,0.815677966101695,0.6103256013127305,0.325,0.11504424778761062,0.16993464052287582,0.13303313313550655,0.11970338983050847,22.0,0.20261348476037355,108.60176991150442,64.16157352692892,0.024531260961752652,0.675,0.14361702127659576,0.23684210526315794,0.2506373012630237,0.19915254237288135,22.0,0.5792939486197106,135.5744680851064,46.60846201541232,0.024531260961752652,53.99050659997738
0.11442786069651742,0.6216216216216216,0.19474835886214442,0.19327731092436976,0.7134366313797387,0.7016205910390848,0.7075039441427772,0.6990871218244807,0.20218282157806028,0.7981072555205048,0.6019837653647085,0.3783783783783784,0.109375,0.16969696969696968,0.14371668117935005,0.13459516298633017,10.0,0.2016947361003453,104.015625,69.41182636038081,0.009253895387406941,0.5405405405405406,0.10526315789473684,0.1762114537444934,0.17146524104525016,0.19978969505783387,10.0,0.45548234796702136,100.10526315789474,43.90949526203829,0.009253895387406941,53.96512769997935
0.12101910828025478,0.5277777777777778,0.1501632208922742,0.19689119170984457,0.6888072784427518,0.6511617701911053,0.6697200659613685,0.649612485903653,0.1940467896234006,0.837696335078534,0.5474482302260977,0.3055555555555556,0.10476190476190476,0.15602836879432624,0.12375967784825387,0.1099476439790576,4.0,0.20283619369913786,100.04761904761904,54.230952570112024,0.004092299475933568,0.5277777777777778,0.09947643979057591,0.1674008810572687,0.16218586816870204,0.2,4.0,0.5404721617919588,95.0,35.15444706162974,0.004092299475933568,54.58832260000054
0.16556291390728478,0.5813953488372093,0.13938053097345132,0.25773195876288657,0.7210074089318791,0.6939736682484746,0.7073614043830665,0.688025011908356,0.25136815885077507,0.8479408658922915,0.5833878202560414,0.20930232558139536,0.0989010989010989,0.13432835820895522,0.08377701916748047,0.09609292502639916,3.0,0.2011543911796219,93.65934065934066,44.74175257731959,0.004531315129945012,0.6046511627906976,0.13756613756613756,0.22413793103448273,0.22103872761691523,0.19957761351636746,3.0,0.5650295510316939,130.27513227513228,46.01529239050648,0.004531315129945012,57.50112719999743
0.19285714285714287,0.5869565217391305,0.12472406181015452,0.2903225806451613,0.731116229964488,0.7026911716442404,0.7167628061233827,0.6949090246104773,0.2798732702435718,0.8613445378151261,0.634059239346262,0.3695652173913043,0.16037735849056603,0.2236842105263158,0.18497143720472228,0.11134453781512606,29.0,0.20332066102878424,152.67924528301887,83.61176829733648,0.02889929266764507,0.6304347826086957,0.15263157894736842,0.24576271186440676,0.24290058835031358,0.19957983193277312,29.0,0.5288230273876949,145.30526315789473,54.8387617370892,0.02889929266764507,53.35913090000395
0.15384615384615385,0.46153846153846156,0.11,0.23076923076923075,0.6757692307692308,0.607854297097325,0.6409128105828676,0.6113865491247332,0.2123721512706853,0.8722044728434505,0.5431774785402759,0.28205128205128205,0.13414634146341464,0.18181818181818182,0.14358184877728852,0.08732694355697551,10.0,0.2024045756974437,125.96341463414633,54.34659746251442,0.011443514541441015,0.48717948717948717,0.10160427807486631,0.168141592920354,0.1501366908279439,0.19914802981895632,10.0,0.517417332288349,95.40641711229947,36.720841793161235,0.011443514541441015,55.00149500000407
0.13425925925925927,0.7435897435897436,0.206858407079646,0.2274509803921569,0.7683656682550488,0.7675667694125031,0.7679661149490952,0.7670444031881806,0.25431934103583337,0.7910922587486744,0.6132845587440693,0.28205128205128205,0.08461538461538462,0.1301775147928994,0.0868736681271262,0.1378579003181336,37.0,0.20111378101052085,79.7923076923077,54.69540647452975,0.03747214075398094,0.5384615384615384,0.11170212765957446,0.18502202643171806,0.17629190064647488,0.19936373276776245,37.0,0.4034939602545785,105.33510638297872,52.045388701110575,0.03747214075398094,53.93918289997964
0.1267605633802817,0.5142857142857142,0.13581599123767799,0.20338983050847453,0.6892348615240181,0.6448273513587142,0.6666614509783978,0.6433738997052993,0.19998105733134297,0.8512658227848101,0.5353804054620127,0.17142857142857143,0.06382978723404255,0.09302325581395349,0.04734639376559119,0.09915611814345991,15.0,0.20109383792909397,60.51063829787234,29.836816790555314,0.017047076865907312,0.5714285714285714,0.10582010582010581,0.17857142857142858,0.18233493782590351,0.19936708860759494,15.0,0.5555711873944851,100.31746031746032,35.99898708533806,0.017047076865907312,55.27076000001398
0.1958041958041958,0.6511627906976745,0.12665198237885464,0.3010752688172043,0.76225540415941,0.746064546477832,0.7541165244207734,0.7375803711282937,0.3049003302941752,0.8633017875920084,0.6555359477580063,0.4186046511627907,0.1782178217821782,0.25,0.22065491570168866,0.10620399579390116,19.0,0.20321990826825337,169.4851485148515,88.5739992375143,0.018634746302555218,0.6744186046511628,0.15263157894736842,0.24892703862660945,0.2583193142580073,0.19978969505783387,19.0,0.5505299367794719,145.15263157894736,52.67651777421261,0.018634746302555218,50.79545989999315
0.11688311688311688,0.7105263157894737,0.2239297475301866,0.2007434944237918,0.7432982841296436,0.741853370382605,0.7425754758145351,0.7412148133302945,0.2223063235411401,0.7734457323498419,0.5874165926477574,0.2631578947368421,0.07092198581560284,0.111731843575419,0.06579518150738768,0.14857744994731295,5.0,0.20038095238095238,67.3049645390071,49.90494296577947,0.004978682656764849,0.47368421052631576,0.09523809523809523,0.15859030837004404,0.1403933411052437,0.19915700737618547,5.0,0.3377301587301587,90.38095238095238,53.29698735724021,0.004978682656764849,56.65368009998929
0.11650485436893204,0.6857142857142857,0.19548872180451127,0.19917012448132781,0.7451127819548873,0.7403776848781893,0.7427414600497986,0.7382832155202468,0.22364768705997967,0.8002070393374742,0.6250568288818177,0.3142857142857143,0.08148148148148149,0.12941176470588237,0.09759989621124697,0.13975155279503104,6.0,0.20006311139160618,78.71111111111112,54.98264984227129,0.005839976035964346,0.6,0.10880829015544041,0.18421052631578944,0.19406741896231325,0.1997929606625259,6.0,0.4378037235721048,105.10880829015544,47.96670030272452,0.005839976035964346,55.1175567000173
0.13846153846153847,0.75,0.17929562433297758,0.2337662337662338,0.7853521878335114,0.7837608289451333,0.7845561049091817,0.7824604393392409,0.2691070924794925,0.8180883864337102,0.6232106348685502,0.25,0.07377049180327869,0.1139240506329114,0.07375959218259781,0.12538540596094552,28.0,0.2007815435485083,71.77868852459017,44.82483718841231,0.02856434623849729,0.7222222222222222,0.13402061855670103,0.22608695652173913,0.2565030716635238,0.19938335046248715,28.0,0.578913353873901,130.4020618556701,44.91172958097513,0.02856434623849729,52.35675340000307
0.15337423312883436,0.6410256410256411,0.152317880794702,0.24752475247524755,0.7443538801154695,0.7300102657693625,0.737147186014808,0.7242616029541398,0.2573051382313028,0.8391534391534392,0.5694905771185566,0.15384615384615385,0.06060606060606061,0.08695652173913043,0.03325365491846566,0.10476190476190476,12.0,0.20248680069479078,57.27272727272727,29.631561066757264,0.013852011454639278,0.6410256410256411,0.13227513227513227,0.21929824561403508,0.2287557678744382,0.2,12.0,0.5617314736787796,125.0,44.50525058935187,0.013852011454639278,50.12861220000195
0.23076923076923078,0.41379310344827586,0.0437636761487965,0.29629629629629634,0.6850147136497396,0.5776284628517927,0.629034177192591,0.5843356011667221,0.27987740371473907,0.9395546129374337,0.6029662527167647,0.27586206896551724,0.1951219512195122,0.2285714285714286,0.20297766908874598,0.043478260869565216,2.0,0.20163653541289692,184.0,39.675349428208385,0.004697203013098773,0.4482758620689655,0.06914893617021277,0.11981566820276497,0.11097655864929294,0.19936373276776245,2.0,0.4347707729507278,65.20744680851064,29.900813966336415,0.004697203013098773,55.20025120000355
0.14,0.7,0.19217877094972066,0.23333333333333336,0.7539106145251396,0.7500555761393107,0.7519806249732738,0.7480747332999871,0.25060728885130595,0.8032085561497326,0.6066291259091194,0.3,0.09375,0.14285714285714285,0.10031054026699891,0.13689839572192514,1.0,0.20139943333907298,87.65625,59.58308720659102,0.00172697062084002,0.575,0.12299465240641712,0.2026431718061674,0.19819365846813372,0.2,1.0,0.4739132476558709,115.0,48.532089182493806,0.00172697062084002,50.38060780000524
0.14673913043478262,0.7297297297297297,0.17158469945355193,0.24434389140271495,0.779072515138089,0.7759473754052055,0.7775083751135626,0.7736293657753609,0.27319261151093993,0.8245798319327731,0.6463878669596854,0.3783783783783784,0.12612612612612611,0.1891891891891892,0.1640238968843796,0.11659663865546219,12.0,0.20102834995155192,120.07207207207207,69.64191868148954,0.013407295372123157,0.7297297297297297,0.14210526315789473,0.23788546255506607,0.26672987366107476,0.19957983193277312,12.0,0.6023973994311256,135.28421052631577,44.820910623946034,0.013407295372123157,52.60441720002564
0.14835164835164835,0.574468085106383,0.17108167770419427,0.23580786026200873,0.7016932037010944,0.6786258136849681,0.6900631285026517,0.6756958595399141,0.2222139937560611,0.8163693599160545,0.5662246699092677,0.2765957446808511,0.11504424778761062,0.1625,0.11133165515491936,0.11857292759706191,4.0,0.2012888551933283,109.63716814159292,64.58380414312617,0.0041890396584211885,0.574468085106383,0.14210526315789473,0.2278481012658228,0.21383708943969426,0.1993704092339979,4.0,0.5870389293601872,135.42631578947368,45.993542590824866,0.0041890396584211885,52.61434089997783
0.1456953642384106,0.5641025641025641,0.1423841059602649,0.23157894736842102,0.7108592290711496,0.6805613616004778,0.6955453434844687,0.6757471601881773,0.22893926674067788,0.8455026455026455,0.6016962184561191,0.3076923076923077,0.11650485436893204,0.16901408450704228,0.13228724551892254,0.10899470899470899,1.0,0.20316578895746254,110.09708737864078,59.0650623885918,0.0016693280971773828,0.5641025641025641,0.1164021164021164,0.19298245614035087,0.1888565060358734,0.2,1.0,0.5586153822939144,110.0,39.38309022150189,0.0016693280971773828,52.84385779997683
0.14035087719298245,0.6486486486486487,0.1644295302013423,0.23076923076923078,0.7421095592236531,0.730339138405133,0.7362008259202212,0.725696479699353,0.24429056997880033,0.8281417830290011,0.6024084494524977,0.2972972972972973,0.10891089108910891,0.15942028985507248,0.12351257558521206,0.10848549946294307,12.0,0.20101469844532538,101.39603960396039,54.72236649894497,0.013972066170908602,0.6756756756756757,0.13440860215053763,0.2242152466367713,0.24213312602718418,0.19978517722878625,12.0,0.5904174619488083,125.13440860215054,42.342921087533156,0.013972066170908602,50.69354469998507
0.11801242236024845,0.5588235294117647,0.15795328142380421,0.19487179487179487,0.7004351239939802,0.671804572736402,0.6859704944123651,0.6686497945426626,0.19879320745017293,0.8317256162915327,0.5472357680946655,0.17647058823529413,0.06060606060606061,0.09022556390977444,0.04442979027956365,0.10610932475884244,22.0,0.2012108808731986,56.54545454545455,29.819460925580607,0.02753858753962398,0.5588235294117647,0.10215053763440861,0.17272727272727273,0.17497783830946637,0.19935691318327975,22.0,0.5687729171996248,95.30645161290322,33.40524737631185,0.02753858753962398,55.30159089999506
