0.18786127167630057,0.8333333333333334,0.4238310708898944,0.3066037735849057,0.7047511312217195,0.6812912430889958,0.6929219106496931,0.6779669625415333,0.25189745160860477,0.6032388663967612,0.5963522025964416,0.28205128205128205,0.10945273631840796,0.15770609318996417,0.008328861024730941,0.27125506072874495,16.0,0.20100829907701853,81.1044776119403,109.44821731748726,0.014767347522371669,0.14102564102564102,0.07432432432432433,0.09734513274336283,-0.05036415939265572,0.19973009446693657,16.0,0.12465679050647638,55.07432432432432,88.24228471876556,0.014767347522371669,57.0176780866459
0.17518248175182483,0.6486486486486487,0.3323529411764706,0.2758620689655173,0.6581478537360891,0.6580107494413915,0.6580792980182003,0.6580158997810928,0.1956445318624632,0.6657824933687002,0.5032098416458954,0.21621621621621623,0.1,0.13675213675213677,0.003239100986023367,0.21220159151193635,18.0,0.2010934833449213,75.39999999999999,79.56498506993556,0.017411112249323794,0.21621621621621623,0.10666666666666667,0.14285714285714288,0.014277186045982796,0.1989389920424403,18.0,0.18167309272485938,80.42666666666668,88.07027920327042,0.017411112249323794,58.73493728088215
0.24528301886792453,0.6933333333333334,0.2450229709035222,0.3623693379790941,0.7241551812149055,0.7228433266131874,0.7234989565808357,0.7224385647150953,0.29996681958880206,0.7486263736263736,0.6056415663710872,0.29333333333333333,0.16923076923076924,0.2146341463414634,0.1015502273563253,0.17857142857142858,11.0,0.20104109020475927,123.2,109.43036559139784,0.011138479326428967,0.36,0.18620689655172415,0.24545454545454543,0.13647040371982627,0.19917582417582416,11.0,0.24436220254565577,135.55862068965519,110.49171974522294,0.011138479326428967,58.629994556773454
0.21739130434782608,0.6626506024096386,0.29819277108433734,0.3273809523809524,0.6822289156626506,0.6816670656134473,0.6819479327752251,0.6816263635431352,0.24201742588201783,0.6974564926372155,0.49500341304440787,0.1566265060240964,0.0896551724137931,0.11403508771929824,-0.03350663317494207,0.19410977242302543,9.0,0.20063207258640026,66.97241379310344,64.79522357723577,0.008613445865563726,0.1686746987951807,0.09395973154362416,0.12068965517241381,-0.02724200801182362,0.1994645247657296,9.0,0.2101471437795222,70.18791946308724,66.61998706338939,0.008613445865563726,57.19311257638037
0.19909502262443438,0.5789473684210527,0.2637853949329359,0.2962962962962963,0.6575809867440584,0.6481779686288544,0.6528625492373731,0.6486682101350052,0.2087434507779847,0.7202141900937081,0.5076065379705081,0.21052631578947367,0.11267605633802817,0.14678899082568805,0.017525405423077005,0.19009370816599733,3.0,0.20164447224953078,84.16901408450704,79.34757556954172,0.0033566147092017485,0.2236842105263158,0.11409395973154363,0.1511111111111111,0.020398156324291237,0.1994645247657296,3.0,0.21959066940745375,85.22818791946308,77.41676841676842,0.0033566147092017485,57.92384758591652
0.17889908256880735,0.8478260869565217,0.5440729483282675,0.29545454545454547,0.6518765693141271,0.5929755207541433,0.6217289185460725,0.6005176643995522,0.20198520801924538,0.504,0.6062939456921022,0.2826086956521739,0.09420289855072464,0.14130434782608695,-0.06620825868232727,0.368,102.0,0.20137045496635594,70.65217391304348,129.1152667075414,0.08379877358684693,0.08695652173913043,0.05333333333333334,0.06611570247933883,-0.10567359626104543,0.2,102.0,0.058028273350206806,40.0,137.86382978723404,0.08379877358684693,55.967272819019854
0.23444976076555024,0.6125,0.24464831804281345,0.3391003460207613,0.6839258409785933,0.676466478495375,0.6801859342847195,0.6759559832976564,0.25401175730629827,0.7397820163487738,0.5075288196345744,0.1875,0.1111111111111111,0.13953488372093023,0.003228532269899319,0.18392370572207084,23.0,0.20210120704134898,81.55555555555556,74.22023955023222,0.023009731900156725,0.2375,0.13013698630136986,0.16814159292035397,0.03381122820373453,0.1989100817438692,23.0,0.2327959556704596,95.52054794520548,81.61653816226922,0.023009731900156725,59.82631133124232
0.18711656441717792,0.7625,0.3943452380952381,0.30049261083743845,0.6840773809523809,0.6750870132695236,0.6795673299625143,0.6744893113825676,0.2290585212457034,0.6223404255319149,0.525676970056863,0.2625,0.11666666666666667,0.16153846153846155,0.018710066810853455,0.2393617021276596,15.0,0.201069158158351,87.73333333333333,104.44167664670658,0.013760689190647752,0.2125,0.11333333333333333,0.14782608695652175,0.011252332517309616,0.19946808510638298,15.0,0.1501476915173698,85.22666666666667,113.22185395060409,0.013760689190647752,56.44916428718716
0.19230769230769232,0.8125,0.40564635958395245,0.31100478468899523,0.7034268202080237,0.6865139613175787,0.6949189397606303,0.684005364726145,0.2520625545917994,0.6175298804780877,0.5577837558460982,0.225,0.08823529411764706,0.12676056338028172,-0.03562036736909024,0.27091633466135456,17.0,0.20160299717479424,66.44117647058825,89.28438690022848,0.01513822489185868,0.15,0.08,0.10434782608695653,-0.04247382644339235,0.199203187250996,17.0,0.12070077386070507,60.24,99.41941228851292,0.01513822489185868,55.488834369927645
0.25853658536585367,0.654320987654321,0.22652757078986588,0.3706293706293706,0.7138967084322276,0.7089250277054715,0.7114065249940865,0.7077597564466507,0.29782919862876417,0.7606382978723404,0.5626758102416594,0.2962962962962963,0.18045112781954886,0.22429906542056074,0.10875721632150198,0.1768617021276596,3.0,0.20021650346897604,135.69924812030075,119.87023838781028,0.0032828420302888493,0.345679012345679,0.18666666666666668,0.24242424242424243,0.12712619434123038,0.19946808510638298,3.0,0.252538175138185,140.37333333333333,110.87432616743521,0.0032828420302888493,55.008289649151266
0.2265625,0.7733333333333333,0.2964071856287425,0.35045317220543803,0.7384630738522955,0.7368164986350245,0.73763932680349,0.7361487185267716,0.3023329858300049,0.7106325706594886,0.6095944100934818,0.32,0.15789473684210525,0.21145374449339208,0.09587638228690012,0.20457604306864063,8.0,0.20006446760502847,117.31578947368422,119.96133190118152,0.008013579886355135,0.32,0.16216216216216217,0.21524663677130046,0.10135283563058985,0.19919246298788695,8.0,0.1916376306620209,120.48648648648648,125.23636363636363,0.008013579886355135,54.40862284228206
0.19540229885057472,0.6296296296296297,0.30701754385964913,0.29824561403508776,0.6613060428849903,0.65978874969295,0.6605469606314756,0.6598279968266811,0.2093705873636069,0.6862745098039216,0.48051698327601466,0.19753086419753085,0.10126582278481013,0.13389121338912136,-0.007654921644303852,0.2065359477124183,12.0,0.20063069150818932,77.46835443037975,79.74851643945469,0.010717023560075638,0.18518518518518517,0.09803921568627451,0.1282051282051282,-0.012745318548364543,0.2,12.0,0.1897062135984812,75.0,79.06962937833941,0.010717023560075638,57.75538766104728
0.16717325227963525,0.7432432432432432,0.3988355167394469,0.27295285359801486,0.6722038632518983,0.6646963290268776,0.6684395561763397,0.6645944234564145,0.2059810615191817,0.6149802890932983,0.554411041815924,0.2702702702702703,0.10050251256281408,0.14652014652014653,0.006551458955539293,0.2614980289093298,20.0,0.2015148591277499,76.48241206030151,99.24826430452478,0.017938571266520636,0.17567567567567569,0.08552631578947369,0.11504424778761062,-0.01975216143892511,0.19973718791064388,20.0,0.12831274926025987,65.08552631578948,101.3149517483394,0.017938571266520636,57.8252282589674
0.22456140350877193,0.7710843373493976,0.32404692082111436,0.34782608695652173,0.7235187082641417,0.7203916445898598,0.7219534833615917,0.7194569663131787,0.287562373417691,0.6862745098039216,0.5585894504733563,0.24096385542168675,0.11976047904191617,0.16,0.019139065681521333,0.21830065359477124,8.0,0.20134948378180637,91.61676646706587,99.3297803617571,0.00770334310457782,0.20481927710843373,0.1111111111111111,0.1440677966101695,0.00420309074433434,0.2,8.0,0.1751564913421673,85.0,97.05606609115382,0.00770334310457782,55.38369648298249
0.23046875,0.7662337662337663,0.29893778452200304,0.35435435435435436,0.7336479908558817,0.7322006581156403,0.732923967222995,0.7316621056725561,0.30028906318902426,0.7078804347826086,0.5869932599732071,0.2727272727272727,0.14093959731543623,0.18584070796460175,0.059787452892998465,0.20244565217391305,13.0,0.20025877684809798,103.73154362416106,104.86431771192282,0.012340163104422085,0.2597402597402597,0.1360544217687075,0.17857142857142858,0.051310027483808744,0.19972826086956522,13.0,0.19565254895195378,100.1360544217687,102.22202627634248,0.012340163104422085,56.65188015298918
0.23076923076923078,0.5930232558139535,0.26194144838212635,0.33224755700325737,0.6655409037159137,0.6576393469102069,0.6615783288936862,0.6577695274461954,0.23207544672352565,0.7210884353741497,0.5084988543939534,0.2558139534883721,0.15384615384615385,0.19213973799126638,0.0563293711027884,0.1945578231292517,20.0,0.20091628993598107,113.07692307692307,109.4983388704319,0.019686363577258323,0.26744186046511625,0.1564625850340136,0.19742489270386265,0.06137569573960019,0.2,20.0,0.2112776479868928,115.0,108.86149206577153,0.019686363577258323,58.49376210896298
0.19365079365079366,0.8026315789473685,0.3813813813813814,0.3120204603580563,0.7106250987829936,0.6987127804498318,0.7046437671817596,0.6963504884795799,0.2584132712851033,0.637466307277628,0.5517304796225694,0.2236842105263158,0.09659090909090909,0.1349206349206349,-0.010731156069469783,0.2371967654986523,18.0,0.20058329562025443,71.67045454545455,84.75282025570318,0.01789869049437498,0.19736842105263158,0.10135135135135136,0.13392857142857142,-0.0017689437224482519,0.19946091644204852,18.0,0.15375203231591827,75.2027027027027,97.55968603510301,0.01789869049437498,59.32405196689069
0.18579234972677597,0.85,0.44411326378539495,0.30493273542600896,0.7029433681073025,0.6721789367679016,0.6873890643459599,0.6685361323838481,0.250518732412374,0.5872170439414115,0.58732963449481,0.3,0.12,0.17142857142857143,0.026315610960091915,0.2663115845539281,20.0,0.2000696528963996,90.11999999999999,119.95822281167109,0.018367832259961338,0.1875,0.1,0.13043478260869568,-0.010565698654732582,0.19973368841544606,20.0,0.12668535133252623,75.10000000000001,118.40358685691845,0.018367832259961338,57.53768818080425
0.26424870466321243,0.5795454545454546,0.21515151515151515,0.36298932384341637,0.6821969696969699,0.6667507950128717,0.6744296641613761,0.6660297922977403,0.2683238662121659,0.7606951871657754,0.5427711661881041,0.2840909090909091,0.2,0.2347417840375587,0.1144928566863878,0.16711229946524064,10.0,0.20293059634995544,149.6,123.19482842738657,0.009531087112248284,0.375,0.2214765100671141,0.27848101265822783,0.1607269027173077,0.19919786096256684,10.0,0.28269694069502654,165.66442953020135,116.73278076114873,0.009531087112248284,55.06038793595508
0.15024630541871922,0.7176470588235294,0.5133928571428571,0.24847250509164973,0.6021271008403362,0.5799642374285839,0.5909417779053615,0.5856961204886506,0.12931488664710666,0.512549537648613,0.5036742503448022,0.24705882352941178,0.08045977011494253,0.12138728323699421,-0.073123562523509,0.34478203434610305,111.0,0.20121559042963724,60.90804597701149,104.36567044909701,0.09340798164052584,0.047058823529411764,0.026490066225165563,0.03389830508474576,-0.13564921666700985,0.19947159841479525,111.0,0.06695394906097248,20.05298013245033,59.74255523535062,0.09340798164052584,55.83555469987914
0.19384615384615383,0.8076923076923077,0.3987823439878234,0.31265508684863524,0.7044549818522422,0.6893256326089667,0.6968492491276969,0.6869428116165253,0.2535852975039165,0.6231292517006802,0.5722383323117957,0.24358974358974358,0.10052910052910052,0.14232209737827714,-0.010684736325120077,0.2571428571428571,21.0,0.20035365194754162,73.8888888888889,94.83231184113754,0.020041546752794147,0.14102564102564102,0.07482993197278912,0.09777777777777778,-0.050800484491044386,0.2,21.0,0.1341421484355813,55.0,82.00256316367631,0.020041546752794147,63.43771709688008
0.19814241486068113,0.7710843373493976,0.39663093415007655,0.31527093596059114,0.6872267015996605,0.6769941203318388,0.6820912228712618,0.6761802364497136,0.23868060600281987,0.6222826086956522,0.5662128150492862,0.30120481927710846,0.12562814070351758,0.17730496453900707,0.02474235319569562,0.2703804347826087,19.0,0.20156880664077373,92.46231155778894,124.02712709687171,0.017623206616933708,0.20481927710843373,0.11564625850340136,0.14782608695652175,0.004539922481780032,0.19972826086956522,19.0,0.12105704059096793,85.1156462585034,140.4296678409663,0.017623206616933708,55.54770033620298
0.25390625,0.7222222222222222,0.2898330804248862,0.37572254335260113,0.716194570898668,0.7161438408569242,0.7161692054286116,0.716130568451146,0.29641167059623247,0.7116154873164219,0.5533348956990227,0.24444444444444444,0.1476510067114094,0.18410041841004182,0.04213302430447643,0.19893190921228304,17.0,0.20195828294040657,110.59060402684564,108.93338802296964,0.016480972736092996,0.24444444444444444,0.1476510067114094,0.18410041841004182,0.04213302430447643,0.19893190921228304,17.0,0.20195828294040657,110.59060402684564,108.93338802296964,0.016480972736092996,58.02802895428613
0.19480519480519481,0.7228915662650602,0.36470588235294116,0.3069053708439897,0.6790928419560596,0.6762680025046962,0.6776789503480699,0.6761177183992084,0.2273111137065135,0.6448230668414154,0.5285517125784034,0.21686746987951808,0.10465116279069768,0.1411764705882353,-0.007155629076079098,0.2254259501965924,19.0,0.20059977834278636,79.84883720930233,89.73090672733181,0.01770228741324186,0.1927710843373494,0.10526315789473684,0.13617021276595745,-0.005635393691206214,0.19921363040629095,19.0,0.16371666992633158,80.31578947368422,97.72981582877053,0.01770228741324186,61.09863452101126
0.16267942583732056,0.7472527472527473,0.5343511450381679,0.26719056974459726,0.6064508011072897,0.5737602877100768,0.5898791284028662,0.5820213402726852,0.14037675962589627,0.5,0.5234832064969435,0.24175824175824176,0.08208955223880597,0.12256267409470753,-0.09127723037796015,0.35924932975871315,115.0,0.2014103763402173,61.23880597014925,109.22972490175063,0.09690320263153986,0.04395604395604396,0.026845637583892617,0.03333333333333334,-0.14523080015151066,0.19973190348525469,115.0,0.06125062963229474,20.026845637583893,65.30545112781955,0.09690320263153986,53.620557164773345
0.15839243498817968,0.7976190476190477,0.524300441826215,0.26429980276134124,0.6366593028964163,0.5959655765920827,0.6159764837584111,0.6026028414886528,0.1721210887993087,0.5111402359108781,0.5535871633377762,0.23809523809523808,0.07380073800738007,0.11267605633802816,-0.08605004432640062,0.35517693315858456,95.0,0.20029967036260113,56.30996309963099,99.85038898862956,0.07605760465584842,0.10714285714285714,0.05921052631578947,0.07627118644067796,-0.08107905633528202,0.19921363040629095,95.0,0.05988912196583758,45.17763157894737,150.2777082812109,0.07605760465584842,55.25686554610729
0.1936619718309859,0.6962025316455697,0.35176651305683565,0.30303030303030304,0.672218009294367,0.6713622492515511,0.6717899930091742,0.6713416808547774,0.21947547672457127,0.6534246575342466,0.5231348379772058,0.20253164556962025,0.09523809523809523,0.12955465587044535,-0.022846318386095018,0.23013698630136986,14.0,0.201341243229301,69.52380952380952,79.46707660773764,0.013171401886550232,0.16455696202531644,0.08904109589041095,0.11555555555555554,-0.030866970016979762,0.2,14.0,0.1601066116413034,65.0,81.19589732574374,0.013171401886550232,57.70349683705717
0.24028268551236748,0.7157894736842105,0.31994047619047616,0.35978835978835977,0.6979244987468671,0.6974672038244437,0.6976958138197147,0.6973966857636167,0.27024650742941186,0.6844850065189049,0.5405787081892551,0.25263157894736843,0.14634146341463414,0.1853281853281853,0.03559199943612743,0.2138200782268579,15.0,0.20183615157618623,112.2439024390244,118.90833139939662,0.013490500345360375,0.25263157894736843,0.1568627450980392,0.19354838709677422,0.0500116469681635,0.19947848761408082,15.0,0.1800552719096913,120.31372549019609,133.29240374609782,0.013490500345360375,60.252526031807065
0.2553191489361702,0.42857142857142855,0.15418502202643172,0.32,0.6371932032724985,0.5688888888888889,0.602073196062774,0.581488570489294,0.22124524207633292,0.8,0.49825533168200153,0.21428571428571427,0.17475728155339806,0.1925133689839572,0.0819482107176855,0.134640522875817,10.0,0.20374661401390293,133.68932038834953,88.34502642960116,0.010257327477622468,0.42857142857142855,0.23529411764705882,0.30379746835443033,0.20069106535425799,0.2,10.0,0.4892627525211318,180.0,73.58009538738618,0.010257327477622468,56.9809711240232
0.1375921375921376,0.717948717948718,0.5342465753424658,0.23092783505154638,0.5918510713031261,0.5649851632047477,0.578262115405377,0.5728160062853918,0.11381777236723768,0.4925170068027211,0.46628633553609056,0.21794871794871795,0.06719367588932806,0.1027190332326284,-0.09157244515121994,0.3442176870748299,83.0,0.2006023578005335,49.38735177865613,84.74476664378861,0.07131547567826718,0.11538461538461539,0.061224489795918366,0.08,-0.07288765166106369,0.2,83.0,0.07149126581189226,45.0,125.88950409244103,0.07131547567826718,57.07693974068388
0.1558073654390935,0.7746478873239436,0.43952802359882004,0.25943396226415094,0.6675599318625618,0.6503812042943831,0.658914586591805,0.650737592764232,0.19665692603916377,0.5807743658210948,0.4864571040163431,0.18309859154929578,0.06666666666666667,0.09774436090225563,-0.056965803253983274,0.260347129506008,20.0,0.2000521059487625,49.93333333333333,64.98306997742664,0.01876901725096481,0.11267605633802817,0.053691275167785234,0.07272727272727274,-0.06992234090207862,0.19893190921228304,20.0,0.13109856708640902,40.214765100671144,61.02278749337574,0.01876901725096481,55.292119819670916
0.21132075471698114,0.8115942028985508,0.30071942446043165,0.3353293413173653,0.7554373892190596,0.7512628702349077,0.753347238202594,0.7490728027601973,0.3076509073285696,0.7094240837696335,0.6141011518651233,0.2608695652173913,0.11042944785276074,0.15517241379310345,0.03654767416187808,0.21335078534031413,10.0,0.2002790518175476,84.3680981595092,89.87460164529756,0.009403165374571578,0.21739130434782608,0.09868421052631579,0.13574660633484165,0.014552975969394017,0.19895287958115182,10.0,0.17866737913939232,75.39473684210527,83.95488909196644,0.009403165374571578,55.08067705016583
0.19032258064516128,0.7283950617283951,0.3740685543964232,0.30179028132992325,0.6771632536659858,0.6732872338980287,0.6752224625693082,0.673123474472583,0.223159526500626,0.636968085106383,0.5244288987903032,0.20987654320987653,0.09497206703910614,0.13076923076923075,-0.022969763749742852,0.23803191489361702,23.0,0.20107098342745472,71.41899441340782,84.54725644753961,0.020835345465165044,0.16049382716049382,0.08666666666666667,0.11255411255411256,-0.0338869958866024,0.19946808510638298,23.0,0.15175342760859864,65.17333333333333,85.66528087609005,0.020835345465165044,57.65246386313811
0.22887323943661972,0.7647058823529411,0.32158590308370044,0.3523035230352304,0.7215599896346202,0.7189800682348716,0.7202688738124483,0.7182369658192658,0.2881520154066862,0.6879895561357703,0.5767319029027558,0.25882352941176473,0.12222222222222222,0.1660377358490566,0.0198620301841178,0.2349869451697128,19.0,0.20021142890703,93.62222222222222,109.8838369023174,0.01599134288484531,0.17647058823529413,0.09803921568627451,0.12605042016806722,-0.020561446371919454,0.19973890339425587,19.0,0.149820872731544,75.09803921568627,100.11956095648766,0.01599134288484531,55.01309085683897
0.2222222222222222,0.7021276595744681,0.3526717557251908,0.3375959079283887,0.6747279519246386,0.673615290181258,0.6741713915089556,0.6735759671249124,0.23666253751733032,0.6542056074766355,0.5219608265787119,0.23404255319148937,0.12716763005780346,0.1647940074906367,0.0027576229264957976,0.23097463284379172,9.0,0.20124376073971034,95.2485549132948,109.32015938846872,0.008426651622559999,0.18085106382978725,0.11409395973154363,0.139917695473251,-0.017158332025188388,0.19893190921228304,9.0,0.1574993863022666,85.45637583892618,107.9369285120532,0.008426651622559999,57.33771598804742
0.24714828897338403,0.7738095238095238,0.2990936555891239,0.37463976945244964,0.7373579341101999,0.7355559349315903,0.7364563833681219,0.7348404760027091,0.3140877129062416,0.7091152815013405,0.596860216050507,0.2619047619047619,0.14285714285714285,0.18487394957983194,0.048819116579025344,0.2064343163538874,5.0,0.20103217873841225,106.57142857142857,109.4352164815709,0.005242913156134568,0.25,0.14093959731543623,0.1802575107296137,0.044787994506513586,0.19973190348525469,5.0,0.1907751047548171,105.14093959731544,110.07725576662145,0.005242913156134568,62.14108322234824
0.20155038759689922,0.6265060240963856,0.29985443959243085,0.3049853372434017,0.6633257922519774,0.6612820072177351,0.6623031113770204,0.6613184128273428,0.21461365476222724,0.6922077922077922,0.49423296918603876,0.20481927710843373,0.10429447852760736,0.1382113821138211,-0.005844656038830435,0.21168831168831168,9.0,0.20119095000459236,80.30674846625767,84.4968424256258,0.008169715047527865,0.1927710843373494,0.1038961038961039,0.13502109704641352,-0.006281651584590543,0.2,9.0,0.18277561767137127,80.0,87.5390284757119,0.008169715047527865,57.68757469812408
0.21245421245421245,0.7532467532467533,0.3338509316770186,0.3314285714285714,0.7096979107848673,0.7070256446686083,0.7083605175986556,0.706449655625409,0.2670496819263579,0.6754507628294036,0.584494530793592,0.2727272727272727,0.12727272727272726,0.17355371900826444,0.036116829569202785,0.2288488210818308,25.0,0.20146692904421928,91.76363636363637,104.23546980949307,0.024763424753824804,0.19480519480519481,0.10416666666666667,0.13574660633484165,-0.004253096122605606,0.19972260748959778,25.0,0.1628909235798273,75.10416666666667,92.08616214057508,0.024763424753824804,59.639784949831665
0.17735849056603772,0.6619718309859155,0.3263473053892216,0.27976190476190477,0.6678122627983469,0.6677611846051842,0.6677867232134019,0.6677609243467738,0.20623339300684734,0.6725304465493911,0.5501251546299295,0.28169014084507044,0.12578616352201258,0.17391304347826086,0.05278613744857058,0.21515561569688768,9.0,0.20175572648701884,92.9559748427673,99.1297761319643,0.008650673946491386,0.23943661971830985,0.11564625850340136,0.1559633027522936,0.03309225283826548,0.19891745602165087,9.0,0.17596318747559134,85.46258503401361,96.61111647206407,0.008650673946491386,54.60563962906599
0.16666666666666666,0.6973684210526315,0.3996983408748115,0.26903553299492383,0.6488350400889099,0.6452047042990197,0.6470173260272153,0.6454970830343887,0.1826182332553604,0.6102841677943166,0.5118231227903538,0.21052631578947367,0.08743169398907104,0.12355212355212356,-0.02910524193194054,0.2476319350473613,15.0,0.20104,64.6120218579235,79.58615200955035,0.014081439783491205,0.17105263157894737,0.08843537414965986,0.11659192825112107,-0.02363367509788566,0.19891745602165087,15.0,0.140432,65.35374149659864,92.5714936766549,0.014081439783491205,52.94300089031458
0.2151394422310757,0.6206896551724138,0.2922848664688427,0.31952662721893493,0.6642023943517856,0.6613518197573658,0.6627755745286279,0.6613949344295544,0.22226808463138556,0.6977660972404731,0.485529746470995,0.1839080459770115,0.1038961038961039,0.13278008298755187,-0.01650543312805292,0.202365308804205,24.0,0.20103084375866512,79.06493506493506,79.58977687626775,0.02370853625317426,0.1724137931034483,0.09868421052631579,0.12552301255230125,-0.024553790839047625,0.19973718791064388,24.0,0.19656167936192076,75.09868421052632,76.31192432163306,0.02370853625317426,57.30636816378683
0.20921985815602837,0.7283950617283951,0.3373676248108926,0.325068870523416,0.6955137184587512,0.6939592088832794,0.694736028883707,0.6937434435280891,0.2512158288933898,0.6698113207547169,0.5578675403277445,0.2839506172839506,0.1329479768786127,0.1811023622047244,0.0420537162793,0.23315363881401618,15.0,0.20065552801982572,98.64739884393063,114.62430278884462,0.013619627830226388,0.18518518518518517,0.10135135135135136,0.13100436681222707,-0.012506044465156428,0.19946091644204852,15.0,0.15467263570229434,75.2027027027027,96.97901591895804,0.013619627830226388,60.39096094015986
0.19557195571955718,0.6794871794871795,0.3127690100430416,0.3037249283667621,0.683359084722069,0.6833371465485917,0.6833481155472926,0.6833354126552925,0.23136422412938407,0.6864516129032258,0.5121862929186068,0.21794871794871795,0.10559006211180125,0.14225941422594143,0.008416360899294543,0.20774193548387096,18.0,0.20202553667401907,81.83229813664596,84.14777794863909,0.01677824221658571,0.21794871794871795,0.10967741935483871,0.1459227467811159,0.015010817813715533,0.2,18.0,0.18936593246139985,85.0,89.77327536707408,0.01677824221658571,56.31823776802048
0.23015873015873015,0.6904761904761905,0.2912912912912913,0.34523809523809523,0.6995924495924496,0.6994736573151413,0.6995330509321839,0.6994541590337013,0.2665237528300867,0.7066666666666667,0.5503091700651872,0.2857142857142857,0.15384615384615385,0.2,0.0680000340000255,0.208,13.0,0.2018646519852114,115.38461538461539,118.89154323936933,0.012074050259872475,0.2857142857142857,0.16,0.20512820512820512,0.07610194341477615,0.2,13.0,0.1883780742645877,120.0,127.40336206160934,0.012074050259872475,58.27325341105461
0.18333333333333332,0.6707317073170732,0.36731634182908546,0.28795811518324604,0.6517076827439938,0.6511523516952125,0.6514299580435252,0.65118851542629,0.19334084650442193,0.636849132176235,0.4880405590091127,0.18292682926829268,0.08823529411764706,0.11904761904761904,-0.03686665066436268,0.22696929238985314,11.0,0.20107888745917055,66.08823529411765,74.59758798917056,0.010278984052157747,0.13414634146341464,0.0738255033557047,0.09523809523809523,-0.05690302267121674,0.19893190921228304,11.0,0.16278993038371442,55.29530201342282,67.57174706120794,0.010278984052157747,56.80819817306474
0.24725274725274726,0.6,0.2057057057057057,0.3501945525291829,0.6971471471471472,0.6836097350850743,0.6903452589658139,0.68194745924621,0.2762782146877442,0.7746288798920378,0.5699588871016554,0.29333333333333333,0.171875,0.2167487684729064,0.1070536440737219,0.17273954116059378,5.0,0.20000652975937835,127.359375,109.99640874959191,0.0051259932933819564,0.36,0.18243243243243243,0.24215246636771298,0.13452577468048557,0.19973009446693657,5.0,0.27109928499134806,135.18243243243242,99.59450833985669,0.0051259932933819564,55.97372252121568
0.15566037735849056,0.8571428571428571,0.5391566265060241,0.2634730538922156,0.6589931153184165,0.5994123408423113,0.628497100909765,0.6056029721393286,0.19612147802196878,0.5020242914979757,0.6012583086989917,0.24675324675324675,0.07116104868913857,0.11046511627906977,-0.08055653955551294,0.3603238866396761,89.0,0.2011542750369187,52.73033707865169,94.45486553299872,0.0751873206301787,0.05194805194805195,0.02702702702702703,0.035555555555555556,-0.12587601665602124,0.19973009446693657,89.0,0.06535366625478436,20.027027027027028,61.20544154945815,0.0751873206301787,58.35447733197361
0.1821705426356589,0.6103896103896104,0.3187311178247734,0.28059701492537314,0.6458292462824184,0.6438845096520405,0.6448561448582947,0.644060552086321,0.18692465723603022,0.6738836265223275,0.487613629089789,0.18181818181818182,0.08536585365853659,0.11618257261410787,-0.03291436162892241,0.2219215155615697,20.0,0.20004101140432512,63.08536585365854,69.98564895126952,0.01876696504274042,0.16883116883116883,0.08843537414965986,0.11607142857142858,-0.025704542723675367,0.19891745602165087,20.0,0.16563875262236383,65.35374149659864,78.48404913817733,0.01876696504274042,53.712506690993905
0.11954022988505747,0.7536231884057971,0.5599415204678363,0.20634920634920637,0.5968408339689805,0.5556561407245683,0.5758804341441341,0.5674285957005725,0.11313133818345604,0.46879150066401065,0.4714511059469766,0.13043478260869565,0.03308823529411765,0.05278592375366569,-0.15259693707412483,0.3612217795484728,126.0,0.2006365372374284,24.915441176470587,44.85723350253807,0.10702985849937825,0.028985507246376812,0.013333333333333334,0.018264840182648404,-0.13536046950779432,0.199203187250996,126.0,0.06161680458306811,10.040000000000001,32.45867768595041,0.10702985849937825,56.0026479549706
0.20136518771331058,0.7763157894736842,0.35834609494640124,0.31978319783197834,0.7089848472636414,0.7025905557687115,0.7057804601082103,0.701297347013693,0.2605140351204726,0.6556927297668038,0.5614841679653212,0.25,0.10982658959537572,0.15261044176706828,0.010174931423870909,0.23731138545953362,14.0,0.20114122681883023,80.06358381502889,94.46099290780143,0.013268501955298596,0.18421052631578946,0.09655172413793103,0.12669683257918551,-0.012556557606752585,0.19890260631001372,14.0,0.1485462944093472,70.38620689655173,94.2467131587973,0.013268501955298596,54.82235849928111
0.18181818181818182,0.717948717948718,0.3949843260188088,0.29015544041450775,0.6614821959649546,0.6566620086274986,0.6590676956684159,0.6568050528436465,0.20323890353236798,0.61731843575419,0.48920313473418775,0.16666666666666666,0.07065217391304347,0.09923664122137403,-0.07226911052651691,0.2569832402234637,31.0,0.20069322397969147,50.58695652173913,64.77548041838969,0.030067842385590862,0.10256410256410256,0.055944055944055944,0.07239819004524888,-0.08497219146242835,0.19972067039106145,31.0,0.13335611534205558,40.05594405594405,59.98974984746798,0.030067842385590862,57.219331544823945
0.17763157894736842,0.675,0.37147102526002973,0.28125,0.6517644873699852,0.6509361374711465,0.6513501807395773,0.6509901701901954,0.19063064541086175,0.6334661354581673,0.5242907092382976,0.2375,0.10674157303370786,0.14728682170542637,0.0009025647200938671,0.23638778220451528,11.0,0.20161626955636072,80.37640449438202,94.23842650103519,0.0101136919321096,0.175,0.09333333333333334,0.1217391304347826,-0.020892995598672755,0.199203187250996,11.0,0.15242690888447347,70.28,91.84729981378025,0.0101136919321096,55.73721426771954
0.15714285714285714,0.7432432432432432,0.43191800878477304,0.25943396226415094,0.655662617229235,0.6439639694011497,0.6497869663042534,0.6446992833859946,0.18544251505423093,0.5852047556142669,0.5193507095241139,0.20270270270270271,0.07075471698113207,0.1048951048951049,-0.05670172818185069,0.2800528401585205,25.0,0.2005591966808971,53.561320754716974,74.79088592414931,0.021584993074082102,0.13513513513513514,0.06622516556291391,0.0888888888888889,-0.052994864354253636,0.19947159841479525,25.0,0.11191449702363057,50.132450331125824,89.35392881128274,0.021584993074082102,52.344493485055864
0.13921113689095127,0.7894736842105263,0.5439882697947214,0.23668639053254437,0.6227427072079025,0.5781027325113081,0.6000077171906857,0.5875411733796064,0.1488717061190493,0.4894459102902375,0.4937107573595171,0.18421052631578946,0.051094890510948905,0.08,-0.12317252954028875,0.36147757255936674,126.0,0.2004709154406536,38.729927007299274,69.83556676651426,0.10673416543599414,0.039473684210526314,0.019867549668874173,0.026431718061674006,-0.13350588999709004,0.19920844327176782,126.0,0.06253061740490827,15.059602649006623,47.9764973464746,0.10673416543599414,61.90955444192514
0.17543859649122806,0.6493506493506493,0.34763313609467456,0.2762430939226519,0.6508587566279874,0.6508552621869327,0.6508570094051149,0.6508554995264642,0.18848373259125067,0.6520584329349269,0.5152732310935728,0.2857142857142857,0.1375,0.18565400843881857,0.06041905680419832,0.21248339973439576,14.0,0.20185654295380745,103.5375,108.98829276509727,0.01418498467409879,0.24675324675324675,0.12666666666666668,0.16740088105726875,0.040180355042459294,0.199203187250996,14.0,0.1832401094884306,95.38000000000001,103.68908888476525,0.01418498467409879,51.24286366999149
0.14603960396039603,0.6941176470588235,0.5149253731343284,0.2413087934560327,0.5895961369622476,0.5710669347032983,0.5802575795695708,0.5764954818786712,0.11355909010075438,0.5086092715231788,0.47051593786954726,0.15294117647058825,0.04924242424242424,0.07449856733524354,-0.14694060143039542,0.34966887417218545,86.0,0.20125358940315557,37.1780303030303,64.59512120282295,0.07018266465757558,0.07058823529411765,0.039735099337748346,0.05084745762711864,-0.11523537770114044,0.2,86.0,0.06530397999197209,30.0,91.87801418439716,0.07018266465757558,55.99672158388421
0.18681318681318682,0.6144578313253012,0.33687405159332323,0.28651685393258425,0.638791889865989,0.6378649112764739,0.6383282323017682,0.6379731429415141,0.1814295793581316,0.6576819407008087,0.4850152609161098,0.2289156626506024,0.12179487179487179,0.1589958158995816,0.0162631616847898,0.21024258760107817,9.0,0.201319381255687,90.37179487179488,94.37740112994351,0.008532133051421599,0.20481927710843373,0.11486486486486487,0.1471861471861472,0.004758916735316831,0.19946091644204852,9.0,0.1849758521733044,85.22972972972973,91.90388799545929,0.008532133051421599,60.989562845788896
0.22868217054263565,0.6781609195402298,0.2965722801788376,0.34202898550724636,0.6907943196806962,0.6905632772494513,0.6906787888041782,0.6905363421323392,0.25669739869997954,0.7005277044854882,0.5275244888206677,0.21839080459770116,0.13013698630136986,0.1630901287553648,0.023538343484243256,0.19261213720316622,6.0,0.2008684310981041,98.64383561643835,94.58927864438989,0.006040941414327254,0.2413793103448276,0.1390728476821192,0.17647058823529413,0.03801870180666007,0.19920844327176782,6.0,0.21211350044534927,105.41721854304636,99.00359928014397,0.006040941414327254,57.440364801790565
0.23674911660777384,0.7528089887640449,0.32238805970149254,0.3602150537634408,0.7152104645312761,0.7132339148377416,0.7142215059423525,0.7127392673250073,0.2863710363159181,0.686429512516469,0.5787883599685434,0.30337078651685395,0.15517241379310345,0.2053231939163498,0.06426768102901752,0.22924901185770752,10.0,0.20140685273428635,117.77586206896551,134.05700766110863,0.009076798111042051,0.2808988764044944,0.16556291390728478,0.20833333333333334,0.0748209836583112,0.19894598155467721,10.0,0.1579456924589668,125.66225165562913,158.2822526577914,0.009076798111042051,56.604684052057564
0.12440191387559808,0.7027027027027027,0.5358711566617862,0.21138211382113822,0.5834157730204582,0.5590260114626786,0.5710907043684411,0.5666735759716943,0.09963602574149236,0.48745046235138706,0.4895441570190865,0.21621621621621623,0.05970149253731343,0.0935672514619883,-0.09485697308193251,0.35402906208718626,132.0,0.20018245591959358,45.19402985074627,79.92708415180324,0.11332767644904694,0.02702702702702703,0.013245033112582781,0.017777777777777778,-0.1420450581748308,0.19947159841479525,132.0,0.06406404831936077,10.026490066225165,31.21875767247729,0.11332767644904694,55.48552823159844
0.2222222222222222,0.6585365853658537,0.2863636363636364,0.3323076923076923,0.6860864745011086,0.6849802052193584,0.6855331167069871,0.684879867538572,0.24863959405140987,0.7075471698113207,0.5090278729233462,0.2073170731707317,0.11724137931034483,0.14977973568281938,0.010577633263660836,0.1954177897574124,16.0,0.20133678450902656,86.99310344827586,84.43563873067535,0.016034340193147027,0.2073170731707317,0.11486486486486487,0.14782608695652175,0.0069298673649919335,0.19946091644204852,16.0,0.20833196815307492,85.22972972972973,81.60053471730754,0.016034340193147027,56.99194304086268
0.2283464566929134,0.7073170731707317,0.29652042360060515,0.34523809523809523,0.7053983247850633,0.7053931056128053,0.7053957151941073,0.705392076422214,0.27137089121486624,0.7039030955585465,0.5564368398054609,0.25609756097560976,0.13291139240506328,0.175,0.0373972621622068,0.2126514131897712,11.0,0.20120820054226324,98.75316455696202,104.3695035460993,0.01020795506777629,0.21951219512195122,0.12162162162162163,0.1565217391304348,0.017919407600881548,0.19919246298788695,11.0,0.18059585533304792,90.36486486486486,99.6700614574188,0.01020795506777629,52.901625013910234
0.22053231939163498,0.6666666666666666,0.30460624071322434,0.33142857142857146,0.6810302129767211,0.6807272727272727,0.6808787260037701,0.6807069739310347,0.2423216111213823,0.6921052631578948,0.49919660364090246,0.20689655172413793,0.11688311688311688,0.14937759336099585,0.003814918614682269,0.2026315789473684,12.0,0.20028765031211543,88.83116883116884,89.8707432632514,0.011644131067404289,0.20689655172413793,0.11842105263157894,0.1506276150627615,0.0061990351745949265,0.2,12.0,0.19610634165146865,90.0,91.78693482534402,0.011644131067404289,59.77444924088195
0.28169014084507044,0.43956043956043955,0.15501519756838905,0.34334763948497854,0.6422726209960252,0.5782932029746736,0.6094439196338988,0.5888295898396539,0.23716273672225666,0.7957276368491322,0.4834038754304052,0.1978021978021978,0.17647058823529413,0.18652849740932642,0.06681337669630402,0.13618157543391188,0.0,0.20416380241579102,132.1764705882353,88.16450216450217,0.0007330253337663526,0.43956043956043955,0.2684563758389262,0.3333333333333333,0.22416506258852487,0.19893190921228304,0.0,0.5189531572228223,201.0738255033557,77.07824770555398,0.0007330253337663526,57.6251346739009
0.28342245989304815,0.6463414634146342,0.19970193740685543,0.3940520446096654,0.7233197630038894,0.7151274545523072,0.7192119443838162,0.7128108425586421,0.32202999209230265,0.7835325365205843,0.609849821412713,0.3170731707317073,0.2,0.24528301886792453,0.13359296298269221,0.17264276228419656,16.0,0.20251190556039975,150.6,128.38751345532833,0.014122039353930891,0.4268292682926829,0.23333333333333334,0.3017241379310345,0.1992316712622789,0.199203187250996,16.0,0.2809712254343014,175.70000000000002,124.56791597039867,0.014122039353930891,56.680550574790686
0.11574074074074074,0.8064516129032258,0.5552325581395349,0.20242914979757087,0.6256095273818454,0.5733343326088587,0.5989018457603998,0.5842211093826823,0.13998683922366767,0.4746666666666667,0.5294039025464761,0.22580645161290322,0.05054151624548736,0.08259587020648967,-0.08927414171285553,0.36933333333333335,93.0,0.20064802400561835,37.90613718411552,69.77392411104924,0.07728710974909021,0.0967741935483871,0.04,0.05660377358490566,-0.0774693511983531,0.2,93.0,0.06303070931494605,30.0,95.1916940997721,0.07728710974909021,63.66271304572001
0.20608108108108109,0.7439024390243902,0.35285285285285284,0.32275132275132273,0.6955247930857686,0.6921598567818029,0.6938402850587726,0.6917054196843113,0.24983932534469835,0.6577540106951871,0.5427445619494766,0.24390243902439024,0.11299435028248588,0.15444015444015444,0.006003245868196614,0.23663101604278075,15.0,0.20047059637709996,84.51977401129943,99.76525416414947,0.013844030571370652,0.1951219512195122,0.10738255033557047,0.13852813852813853,-0.0035808771555272223,0.19919786096256684,15.0,0.15244208377307567,80.32214765100672,104.9578935421632,0.013844030571370652,56.35459772311151
0.2074468085106383,0.5492957746478874,0.22008862629246675,0.3011583011583011,0.6646035741777103,0.6445978306803776,0.6545242716487888,0.6453358615721396,0.2224435551243035,0.7580213903743316,0.4946081643275202,0.18309859154929578,0.104,0.1326530612244898,0.013876666524195454,0.16711229946524064,29.0,0.20180922776012014,77.792,64.41727241259952,0.0312301725234437,0.28169014084507044,0.1342281879194631,0.18181818181818185,0.06688722817987662,0.19919786096256684,29.0,0.28839369913729873,100.4026845637584,69.34964272738283,0.0312301725234437,56.14288731524721
0.16139240506329114,0.7285714285714285,0.39317507418397624,0.26424870466321243,0.6676981771937262,0.6621484350199986,0.6649175160082126,0.6621686009654147,0.19809425480195647,0.6182795698924731,0.4945636431463356,0.17142857142857143,0.06896551724137931,0.09836065573770492,-0.047540037138994386,0.23387096774193547,10.0,0.20128961823206304,51.310344827586206,59.61559322033899,0.010070648547299391,0.11428571428571428,0.05405405405405406,0.07339449541284404,-0.0683295609214837,0.1989247311827957,10.0,0.15801235031216948,40.21621621621622,50.628953902623344,0.010070648547299391,57.88846708089113
0.1780821917808219,0.6753246753246753,0.34782608695652173,0.28184281842818426,0.6637492941840768,0.6635474266269673,0.6636483527300509,0.6635501127801398,0.20269410108060815,0.6544980443285529,0.5212725610884568,0.2597402597402597,0.12195121951219512,0.16597510373443983,0.03741443550589171,0.2138200782268579,13.0,0.20001014936481892,93.53658536585365,99.99492557510149,0.01201057792296138,0.24675324675324675,0.12418300653594772,0.16521739130434784,0.03951987889084718,0.19947848761408082,13.0,0.18018505675186494,95.2483660130719,105.4471460758543,0.01201057792296138,60.182670508977026
0.2358490566037736,0.6756756756756757,0.23964497041420119,0.34965034965034963,0.7180153526307372,0.7155186814410602,0.7167659299721095,0.7148544413871638,0.28876676853190975,0.752,0.5916102482799743,0.32432432432432434,0.17391304347826086,0.22641509433962265,0.11981783850984544,0.184,13.0,0.20035245994405912,130.43478260869566,119.78889606197546,0.011944447139092335,0.3783783783783784,0.18666666666666668,0.25,0.1475450799440783,0.2,13.0,0.23284991350180273,140.0,120.24913206499097,0.011944447139092335,54.638554266653955
0.16720257234726688,0.6265060240963856,0.3803230543318649,0.2639593908629442,0.6230914848822603,0.6230727732190011,0.6230821289803898,0.6230760184781231,0.15593417719317093,0.6204188481675392,0.4693339820337743,0.20481927710843373,0.0913978494623656,0.12639405204460966,-0.031429182942058216,0.24345549738219896,14.0,0.20145455687851466,69.82795698924731,84.3862768031189,0.01228290327796292,0.14457831325301204,0.07894736842105263,0.10212765957446808,-0.04755072576698816,0.19895287958115182,14.0,0.14627250164933556,60.31578947368421,82.03865979381443,0.01228290327796292,60.22686549182981
0.2557077625570776,0.6436781609195402,0.2429210134128167,0.36601307189542487,0.7003785737533618,0.6957882893900111,0.6980796586044228,0.6950607669033133,0.2818290282031075,0.7440633245382586,0.5619178125864631,0.3103448275862069,0.19852941176470587,0.24215246636771298,0.12286452652971655,0.17941952506596306,5.0,0.20019274575083232,150.48529411764704,134.87002188183806,0.004906910444501877,0.3563218390804598,0.2052980132450331,0.26050420168067223,0.14164393003193276,0.19920844327176782,5.0,0.2419251211961918,155.61589403973508,128.1388218252052,0.004906910444501877,59.52785767428577
0.23873873873873874,0.6235294117647059,0.2552870090634441,0.3452768729641694,0.684121201350631,0.6787546596355418,0.6814326475684926,0.6783623461076211,0.25586808233688424,0.7309236947791165,0.4960027080057773,0.23529411764705882,0.14388489208633093,0.17857142857142858,0.04531608412376267,0.18607764390896922,31.0,0.20190012019824477,107.4820143884892,99.05888109606916,0.032813144355092035,0.27058823529411763,0.15436241610738255,0.19658119658119658,0.0637781253106367,0.1994645247657296,31.0,0.22959511303574662,115.30872483221476,100.17634825014343,0.032813144355092035,57.795710190199316
0.23423423423423423,0.6753246753246753,0.24853801169590642,0.34782608695652173,0.7133933318143845,0.7113618822026455,0.7123768828859461,0.7108761427080239,0.28314792518967125,0.7437582128777924,0.5372977652093165,0.19480519480519481,0.10869565217391304,0.13953488372093023,0.011725193625730473,0.18134034165571616,12.0,0.2021765907354569,82.71739130434783,74.19256574381122,0.011597351243253779,0.2597402597402597,0.13157894736842105,0.17467248908296942,0.05035527970622965,0.19973718791064388,12.0,0.23995509612236307,100.13157894736842,83.34892787524366,0.011597351243253779,57.20075230393559
0.14182692307692307,0.7283950617283951,0.5352323838080959,0.23742454728370221,0.5965813389601496,0.5674573010874455,0.5818371219555014,0.5755927974395232,0.1208127964002167,0.49331550802139035,0.5146911165011911,0.18518518518518517,0.054945054945054944,0.0847457627118644,-0.13014094287993744,0.3649732620320856,113.0,0.20149724770642202,41.098901098901095,74.44270415968529,0.09501421773046166,0.06172839506172839,0.03355704697986577,0.043478260869565216,-0.11994465242521478,0.19919786096256684,113.0,0.05946422018348624,25.1006711409396,84.08417674648236,0.09501421773046166,57.72230853373185
0.18855218855218855,0.7,0.36459909228441756,0.29708222811671087,0.6677004538577912,0.6661379857256146,0.6669187622198881,0.6661343847484281,0.21239302341820648,0.6423751686909581,0.5195521476081584,0.225,0.10285714285714286,0.1411764705882353,-0.009147133683639015,0.23616734143049933,11.0,0.20004054138339675,76.21714285714286,89.98176007483046,0.010225588620231905,0.15,0.08108108108108109,0.10526315789473685,-0.04327365233299254,0.19973009446693657,11.0,0.15351150751574877,60.08108108108108,78.17003555104114,0.010225588620231905,56.64951228816062
0.21611721611721613,0.7195121951219512,0.3101449275362319,0.33239436619718316,0.7046836337928596,0.7043715984048556,0.7045275988237923,0.7043115788860165,0.2638232034299673,0.6930051813471503,0.5563583903407945,0.2682926829268293,0.14193548387096774,0.18565400843881857,0.05810247268190191,0.20077720207253885,14.0,0.20001302062140916,109.5741935483871,109.99283912442021,0.013499144003771932,0.2682926829268293,0.14285714285714285,0.18644067796610167,0.05936108106302952,0.19948186528497408,14.0,0.19797854852622843,110.28571428571429,111.12315027951331,0.013499144003771932,57.17881858674809
0.20522388059701493,0.7236842105263158,0.31277533039647576,0.31976744186046513,0.7054544400649201,0.70498336140668,0.7052188614013629,0.7048908483144839,0.2582284285798362,0.6908850726552179,0.5225554908893861,0.17105263157894737,0.08333333333333333,0.11206896551724137,-0.02892645167147734,0.20607661822985468,29.0,0.20102389683087987,63.083333333333336,64.66892844554107,0.029416306544432554,0.15789473684210525,0.07947019867549669,0.10572687224669602,-0.03475810073057051,0.19947159841479525,29.0,0.190802643000124,60.15894039735099,62.89221056540711,0.029416306544432554,56.98451292607933
0.1949685534591195,0.7654320987654321,0.38152011922503726,0.3107769423558897,0.6919559897701973,0.6841538481992103,0.6880438599288377,0.683314271190604,0.24092230454867183,0.6343085106382979,0.5498277426646694,0.2716049382716049,0.12021857923497267,0.16666666666666663,0.022876807762038813,0.24335106382978725,31.0,0.20083862429928775,90.40437158469945,109.54068260901755,0.028391519985978636,0.20987654320987653,0.11333333333333333,0.14718614718614717,0.009049854840819679,0.19946808510638298,31.0,0.14580762196481942,85.22666666666667,116.59198449928614,0.028391519985978636,59.656169976107776
0.25882352941176473,0.25882352941176473,0.09487951807228916,0.25882352941176473,0.5819720056697377,0.40253908331176846,0.4840108239238122,0.4716323801067749,0.16394401133947556,0.8317757009345794,0.5155666955677787,0.18823529411764706,0.20512820512820512,0.19631901840490795,0.09850908902124828,0.1041388518024032,7.0,0.2027978698036722,153.64102564102564,78.89629223171592,0.006429397583764018,0.3764705882352941,0.21476510067114093,0.2735042735042735,0.1591224531819707,0.19893190921228304,7.0,0.3916381845640251,160.85906040268458,81.70806949180061,0.006429397583764018,57.58930937200785
0.12072892938496584,0.7571428571428571,0.5651537335285505,0.2082514734774067,0.5959945618071534,0.552422397304743,0.5737950371117699,0.5650411891006262,0.11306779266361107,0.4648074369189907,0.5439772191136887,0.2571428571428571,0.06428571428571428,0.10285714285714286,-0.07597998175882979,0.37184594953519257,129.0,0.2003923539616401,48.40714285714286,89.82378640776699,0.10999232262947647,0.04285714285714286,0.02,0.02727272727272727,-0.12531880839289278,0.199203187250996,129.0,0.060117706188492034,15.06,49.90210355987055,0.10999232262947647,55.31158073199913
0.24041811846689895,0.7931034482758621,0.315028901734104,0.3689839572192513,0.739037273270879,0.7350819229991236,0.7370569448855268,0.7334954108808494,0.31216542213373544,0.6970474967907574,0.6052933342673248,0.2988505747126437,0.15204678362573099,0.20155038759689922,0.06796377885894453,0.21951219512195122,14.0,0.2009626955475331,118.44444444444444,129.37724550898204,0.01230865216581176,0.26436781609195403,0.14838709677419354,0.19008264462809918,0.058080311141913026,0.19897304236200256,14.0,0.1709089247360965,115.59354838709677,134.5745989304813,0.01230865216581176,57.67363838525489
0.1611842105263158,0.7101449275362319,0.37610619469026546,0.26273458445040215,0.6670193664229832,0.6642311205114647,0.6656237835008492,0.6642383042116269,0.19687817046529443,0.6318607764390897,0.5242965708739409,0.2608695652173913,0.1016949152542373,0.14634146341463417,0.01794732070012889,0.23694779116465864,37.0,0.20132527772364062,75.96610169491525,89.40755082284608,0.03558579148661169,0.2318840579710145,0.10738255033557047,0.14678899082568808,0.025881731733455544,0.1994645247657296,37.0,0.15307282531020594,80.21476510067113,104.52541114058356,0.03558579148661169,56.345723112113774
0.1858108108108108,0.7333333333333333,0.36459909228441756,0.29649595687331537,0.6843671205244579,0.6808636062191437,0.682613115650508,0.6805914769407895,0.22749540870664345,0.6453804347826086,0.5146376785075464,0.17333333333333334,0.08125,0.11063829787234045,-0.035979984848355656,0.21739130434782608,24.0,0.200132146334678,59.800000000000004,64.95708079930495,0.02520806621831663,0.16,0.08163265306122448,0.10810810810810809,-0.033472716209666666,0.19972826086956522,24.0,0.1762414800389484,60.08163265306123,68.08839779005524,0.02520806621831663,56.105124404188246
0.24242424242424243,0.547945205479452,0.18684603886397608,0.3361344537815126,0.680549583307738,0.6547117583343363,0.6675056661340854,0.6541207006135137,0.25862535295714034,0.7870619946091644,0.5719873338807708,0.2465753424657534,0.16216216216216217,0.1956521739130435,0.08981662729640343,0.1495956873315364,13.0,0.20211990254139323,120.32432432432432,89.05604927408712,0.01372000683190068,0.4657534246575342,0.22972972972972974,0.3076923076923077,0.22013400986700654,0.19946091644204852,13.0,0.3831830550072027,170.45945945945945,88.73043720412142,0.01372000683190068,57.88138195499778
0.22039473684210525,0.7444444444444445,0.3495575221238938,0.34010152284263956,0.6974434611602753,0.6942760468067108,0.69585795180162,0.6938145143473444,0.2597245908486712,0.6614583333333334,0.5552390234201402,0.25555555555555554,0.1329479768786127,0.17490494296577946,0.026421595609084983,0.22526041666666666,5.0,0.20006041719664208,102.10404624277457,114.96527060319478,0.005066896146018825,0.2,0.11764705882352941,0.14814814814814817,0.0007126468746750768,0.19921875,5.0,0.1656385143729331,90.3529411764706,108.67037819159148,0.005066896146018825,62.155149791389704
0.21691176470588236,0.6941176470588235,0.3169642857142857,0.33053221288515405,0.688576680672269,0.6885320925975363,0.688554386273984,0.6885273910444148,0.24817427437739278,0.6842800528401585,0.545831081891642,0.23529411764705882,0.11904761904761904,0.15810276679841898,0.011439105452646273,0.22192866578599735,16.0,0.2017515802299901,90.11904761904762,99.13181337762343,0.014944929999667008,0.2,0.11258278145695365,0.1440677966101695,0.0004702838142835052,0.19947159841479525,16.0,0.1680450841520067,85.2251655629139,101.1633281972265,0.014944929999667008,60.3593194950372
0.09282700421940929,0.2558139534883721,0.32233883058470764,0.13622291021671828,0.4667375614518322,0.37141896686960746,0.4163594395155218,0.4265389317811873,-0.04556141459519329,0.6294820717131474,0.6256110087514419,0.2558139534883721,0.09282700421940929,0.13622291021671828,-0.04556141459519329,0.3147410358565737,49.0,0.204266971966087,69.89873417721519,107.70218889646293,0.03573781693162577,0.10465116279069768,0.06,0.07627118644067796,-0.08500565757352137,0.199203187250996,49.0,0.04649111949996906,45.18,193.58535773710483,0.03573781693162577,55.10252068005502
0.1875,0.5142857142857142,0.2290748898678414,0.2748091603053435,0.6426054122089364,0.6169816864166096,0.6296632202416702,0.6202674148068785,0.19007809102340828,0.7470039946737683,0.49148621668313286,0.2,0.10526315789473684,0.13793103448275862,0.019234630724388253,0.17709720372836218,7.0,0.20008038719833868,79.05263157894737,69.97187578471582,0.006448303001222422,0.24285714285714285,0.11333333333333333,0.15454545454545454,0.034581679273906395,0.19973368841544606,7.0,0.2572892766826883,85.11333333333334,66.07348825099264,0.006448303001222422,57.143131592776626
0.18156424581005587,0.7647058823529411,0.43536404160475484,0.29345372460496616,0.6646709203740931,0.6496153593267144,0.6571000218938016,0.6500677418972819,0.20815765873906888,0.5870712401055409,0.5222285208342359,0.21176470588235294,0.08780487804878048,0.12413793103448276,-0.046951577256384346,0.2704485488126649,16.0,0.20000925326177477,66.55609756097562,89.99583622484386,0.014514050349625992,0.1411764705882353,0.07947019867549669,0.10169491525423728,-0.05163636368963876,0.19920844327176782,16.0,0.11816415286388451,60.23841059602649,101.55364134690682,0.014514050349625992,57.250188449863344
0.22692307692307692,0.686046511627907,0.319047619047619,0.34104046242774566,0.683499446290144,0.6834899546338302,0.6834947004455109,0.6834891975927515,0.2480933702151067,0.6815642458100558,0.5137091024842939,0.22093023255813954,0.12418300653594772,0.1589958158995816,0.006528530622331664,0.21368715083798884,5.0,0.20180151981497904,88.91503267973856,94.15191727703576,0.005346325096395843,0.20930232558139536,0.1258741258741259,0.15720524017467252,0.008854971782172776,0.19972067039106145,5.0,0.1814387813657468,90.12587412587413,99.20701552616445,0.005346325096395843,58.60494395811111
0.12018140589569161,0.7066666666666667,0.5519203413940256,0.20542635658914726,0.5773731626363205,0.5484199461270612,0.5627103684385262,0.5580381760327358,0.09217102003557485,0.4730077120822622,0.4893197725894711,0.2,0.05338078291814947,0.08426966292134831,-0.10960216964276354,0.36118251928020567,109.0,0.2005406232467996,41.530249110320284,74.79781281790437,0.0875333114902347,0.04,0.01935483870967742,0.026086956521739132,-0.13020998637430223,0.19922879177377892,109.0,0.06059060539603203,15.058064516129033,49.51262626262626,0.0875333114902347,55.803044074214995
0.19148936170212766,0.7777777777777778,0.39233038348082594,0.30731707317073165,0.6927236971484759,0.6822805772415426,0.6874823081064396,0.6811694448052426,0.2401542593845535,0.6258234519104084,0.5909626614047108,0.3333333333333333,0.140625,0.19780219780219782,0.06390213284252169,0.25296442687747034,16.0,0.20125815689404253,106.73437500000001,134.1560531840448,0.014336513857867213,0.19753086419753085,0.10596026490066225,0.13793103448275862,-0.0012252413156208016,0.19894598155467721,16.0,0.1355804891789118,80.42384105960265,118.01108033240996,0.014336513857867213,57.169421281665564
0.20089285714285715,0.6081081081081081,0.2624633431085044,0.3020134228187919,0.6728223824998019,0.6665979502886088,0.6697029349515099,0.6664836875006721,0.22493560513074423,0.7248677248677249,0.5017743524355367,0.20270270270270271,0.10948905109489052,0.14218009478672985,0.018373454253411664,0.18121693121693122,18.0,0.2016295616249713,82.77372262773723,74.3938531587934,0.0174351496648949,0.22972972972972974,0.11258278145695365,0.1511111111111111,0.024712560658533122,0.19973544973544974,18.0,0.24153250926259878,85.11258278145695,70.38390008823728,0.0174351496648949,56.24249579431489
0.12410501193317422,0.7123287671232876,0.5502248875562219,0.2113821138211382,0.5810519397835329,0.5513926198218577,0.5660280481829628,0.5609657387452178,0.09753449239851189,0.4756756756756757,0.5266794202711874,0.2602739726027397,0.07421875,0.11550151975683891,-0.05958354516792727,0.34594594594594597,97.0,0.2006364093116731,54.921875,94.69866444073456,0.08346625808524988,0.0958904109589041,0.0472972972972973,0.06334841628959276,-0.08610517503956301,0.2,97.0,0.07107687154580472,35.0,98.48491988689915,0.08346625808524988,56.6297480170615
0.2204724409448819,0.6746987951807228,0.30985915492957744,0.3323442136498516,0.6824198201255727,0.6823324630113141,0.6823761401705221,0.6823259770216132,0.2436978564860649,0.6883656509695291,0.5332507505706172,0.2289156626506024,0.12751677852348994,0.16379310344827586,0.02007684326456691,0.20637119113573407,24.0,0.20037563526552257,92.06711409395973,94.82190773754824,0.023831396057002872,0.2289156626506024,0.13194444444444445,0.16740088105726872,0.026580066228131204,0.1994459833795014,24.0,0.18888561537894968,95.26388888888889,100.58997855332424,0.023831396057002872,54.75300566107035
0.26666666666666666,0.5853658536585366,0.20030349013657056,0.366412213740458,0.692531181760983,0.675947946450044,0.6841893233337968,0.6743905994345332,0.2816845469642695,0.7759784075573549,0.5557955792798596,0.2682926829268293,0.18333333333333332,0.2178217821782178,0.1018312083160289,0.16194331983805668,13.0,0.20084349900863663,135.85,109.5380239270476,0.012496396248206969,0.3902439024390244,0.21621621621621623,0.2782608695652174,0.16809340718249927,0.19973009446693657,13.0,0.313371643646873,160.21621621621622,102.1151742627346,0.012496396248206969,56.598787216003984
0.14220183486238533,0.775,0.5508100147275405,0.24031007751937983,0.6120949926362297,0.5687389094408855,0.5900188459584627,0.5792764135895437,0.13923601442416997,0.48353096179183136,0.5261831846786096,0.2125,0.06204379562043796,0.096045197740113,-0.10612948048741253,0.36100131752305664,93.0,0.20053983647976398,47.09124087591241,84.77118710384224,0.0755607319451239,0.0875,0.046357615894039736,0.06060606060606061,-0.0958243832187101,0.19894598155467721,93.0,0.06344647929319085,35.18543046357616,110.32921098194409,0.0755607319451239,59.48618788830936
0.20512820512820512,0.7804878048780488,0.37237237237237236,0.32487309644670054,0.7040577162528382,0.6957607282184655,0.6998969276742858,0.6943475932423513,0.2585868981514761,0.6443850267379679,0.5706266553930046,0.2926829268292683,0.1340782122905028,0.18390804597701146,0.04389873297412396,0.2393048128342246,10.0,0.20029649939424854,100.29050279329608,119.82236370871469,0.009696242840692995,0.21951219512195122,0.12080536912751678,0.15584415584415584,0.017847091743147674,0.19919786096256684,10.0,0.1500350698208251,90.36241610738256,119.97195070123247,0.009696242840692995,52.77841051016003
