0.13924050632911392,0.8461538461538461,0.26666666666666666,0.23913043478260868,0.7897435897435898,0.7857142857142857,0.7877263614433762,0.7823078433149628,0.2730493523477985,0.7388059701492538,0.5953666091120606,0.3076923076923077,0.06666666666666667,0.1095890410958904,0.0453976939170572,0.22388059701492538,7.0,0.20490663488279698,17.866666666666667,19.521085797382455,0.017077405977660366,0.15384615384615385,0.03773584905660377,0.06060606060606061,-0.02489387472489257,0.19776119402985073,7.0,0.14355714474903986,10.113207547169813,13.931734317343174,0.017077405977660366,39.64804376568645
0.10227272727272728,0.8181818181818182,0.30038022813688214,0.18181818181818182,0.7589007950224681,0.7542700979275792,0.7565819036818913,0.7517197826092111,0.21769065613229482,0.7043795620437956,0.5657092136780544,0.18181818181818182,0.03225806451612903,0.0547945205479452,-0.02173035425225967,0.22627737226277372,8.0,0.20544412607449858,8.838709677419354,9.735006973500697,0.01889982102894909,0.18181818181818182,0.037037037037037035,0.061538461538461535,-0.007846489438839442,0.19708029197080293,8.0,0.14654113794514942,10.148148148148147,13.648044692737429,0.01889982102894909,41.30969480006024
0.08333333333333333,0.7142857142857143,0.20912547528517111,0.14925373134328357,0.7525801195002716,0.7506315409599421,0.7516051987555078,0.7496341502176533,0.19309489037293381,0.7888888888888889,0.5589227382474078,0.2857142857142857,0.047619047619047616,0.08163265306122448,0.0585890079110985,0.15555555555555556,23.0,0.20088864422774458,12.857142857142858,9.955764337443727,0.08089458599839222,0.42857142857142855,0.05555555555555555,0.09836065573770493,0.09322515134350867,0.2,23.0,0.3670965712488204,15.0,8.172236503856041,0.08089458599839222,43.16260162414983
0.07692307692307693,0.7777777777777778,0.31226765799256506,0.13999999999999999,0.7327550598926064,0.7299887260428412,0.7313705850473133,0.7289891088189036,0.1755840337104809,0.6906474820143885,0.4761257597267764,0.1111111111111111,0.017543859649122806,0.030303030303030304,-0.0425536583918845,0.20503597122302158,54.0,0.20743919885550788,4.87719298245614,4.820689655172414,0.19517181003997608,0.1111111111111111,0.01818181818181818,0.03125,-0.039822503843692424,0.19784172661870503,54.0,0.19250189346124716,5.054545454545455,5.194754098360656,0.19517181003997608,43.23588701058179
0.06818181818181818,0.75,0.31297709923664124,0.125,0.7185114503816794,0.7171314741035857,0.7178211306255334,0.716755702046288,0.15809669984601227,0.6888888888888889,0.6326780498764324,0.25,0.02702702702702703,0.04878048780487805,-0.009431131686576019,0.2740740740740741,51.0,0.20432853315472205,7.297297297297297,9.788158164310591,0.13512332241819852,0.125,0.018518518518518517,0.03225806451612903,-0.03276390212478893,0.2,51.0,0.08510549229738781,5.0,11.750122970978849,0.13512332241819852,37.239227924030274
0.10975609756097561,0.75,0.2885375494071146,0.19148936170212766,0.7307312252964426,0.7302231237322516,0.730477130336511,0.7300426724296383,0.20756531391723154,0.7132075471698113,0.4566423227843178,0.08333333333333333,0.019230769230769232,0.03125,-0.061908758007227394,0.19622641509433963,22.0,0.20542914171656687,5.096153846153846,4.867858530897784,0.0652125936805634,0.08333333333333333,0.018867924528301886,0.03076923076923077,-0.06352097575605492,0.2,22.0,0.2149700598802395,5.0,4.651810584958217,0.0652125936805634,43.462029877118766
0.047619047619047616,0.6666666666666666,0.28776978417266186,0.08888888888888889,0.6894484412470023,0.688695652173913,0.6890719439107154,0.6886139375358207,0.11938902740725654,0.7112676056338029,0.4147066460756311,0.16666666666666666,0.019230769230769232,0.034482758620689655,-0.006241864604533267,0.18309859154929578,30.0,0.20743523828356733,5.461538461538462,4.820781696854147,0.09612383615515517,0.16666666666666666,0.017857142857142856,0.03225806451612903,-0.011267923335552812,0.19718309859154928,30.0,0.24219893217322525,5.071428571428572,4.128837361201828,0.09612383615515517,46.12759407097474
0.13043478260869565,0.8181818181818182,0.22556390977443608,0.225,0.7963089542036911,0.7957081545064377,0.7960084976722112,0.7951379383189761,0.2675812753797153,0.776173285198556,0.5693257465054837,0.2727272727272727,0.07317073170731707,0.11538461538461536,0.0714164907131993,0.148014440433213,17.0,0.2068889298213299,20.26829268292683,14.500534188034187,0.054355038092660554,0.45454545454545453,0.09090909090909091,0.15151515151515152,0.13049672417277625,0.19855595667870035,17.0,0.37307054706207404,25.181818181818183,13.402290905500148,0.054355038092660554,42.62717207381502
0.10869565217391304,0.6666666666666666,0.30597014925373134,0.18691588785046725,0.6803482587064676,0.6800731261425961,0.6802106785137816,0.6800555959659071,0.17252195798591982,0.6925795053003534,0.4658557124568603,0.06666666666666667,0.014492753623188406,0.02380952380952381,-0.09760529581200286,0.24381625441696114,34.0,0.2040523344970472,4.101449275362318,4.900703549728174,0.08547607372983076,0.06666666666666667,0.017857142857142856,0.02816901408450704,-0.07791753890920047,0.1978798586572438,34.0,0.12179842735488923,5.053571428571429,8.210286632735066,0.08547607372983076,41.87116492120549
0.14942528735632185,0.9285714285714286,0.27007299270072993,0.2574257425742575,0.8292492179353493,0.817353033637221,0.8232796389567465,0.8024633423859573,0.30841563900428326,0.7395833333333334,0.6690566372013993,0.21428571428571427,0.04838709677419355,0.07894736842105263,-0.0005455953091666366,0.2152777777777778,3.0,0.20474039154062726,13.935483870967742,14.652702270546849,0.008090257316833627,0.21428571428571427,0.05263157894736842,0.08450704225352114,0.009286695772473815,0.19791666666666666,3.0,0.16777974202841617,15.157894736842106,17.88058536585366,0.008090257316833627,40.835995672270656
0.09183673469387756,0.75,0.3284132841328413,0.16363636363636366,0.7107933579335793,0.708630759247242,0.7097112348697665,0.7081479097257325,0.1785514100677142,0.6749116607773852,0.507671355051765,0.16666666666666666,0.030303030303030304,0.05128205128205128,-0.03311550147087112,0.2332155477031802,30.0,0.20153493471543904,8.575757575757576,9.92383778437191,0.07897377993023494,0.08333333333333333,0.017857142857142856,0.029411764705882353,-0.06050167394451783,0.1978798586572438,30.0,0.14465596863683178,5.053571428571429,6.912953605879651,0.07897377993023494,42.38744899816811
0.10975609756097561,1.0,0.2693726937269373,0.1978021978021978,0.8653136531365313,0.8443496801705758,0.8547673989297104,0.8095247415991957,0.2831798049085052,0.7392857142857143,0.628316772106939,0.1111111111111111,0.017543859649122806,0.030303030303030304,-0.04184659843871458,0.20357142857142857,20.0,0.20735384715151908,4.912280701754386,4.822673964034402,0.05436067248143704,0.1111111111111111,0.017857142857142856,0.03076923076923077,-0.04049711594871914,0.2,20.0,0.19895593528095717,5.0,5.026238591916558,0.05436067248143704,43.526345991995186
0.16981132075471697,0.9,0.16730038022813687,0.2857142857142857,0.8663498098859316,0.8650427913100726,0.8656960539327165,0.862178707696381,0.3479802254910388,0.8351648351648352,0.6473114003731173,0.3,0.08571428571428572,0.13333333333333333,0.10020109505283623,0.1282051282051282,28.0,0.20918725305564786,23.400000000000002,14.341218005295676,0.1271137746711027,0.9,0.16666666666666666,0.28125,0.3437362235566219,0.1978021978021978,28.0,0.6733872456703962,45.5,13.365266505812679,0.1271137746711027,43.994854585733265
0.1375,0.8461538461538461,0.2536764705882353,0.23655913978494622,0.7962386877828054,0.7931095720120759,0.7946725897417614,0.7902139294622279,0.2751097454863833,0.7508771929824561,0.5743225310230146,0.07692307692307693,0.017857142857142856,0.028985507246376815,-0.06578635789443588,0.19649122807017544,25.0,0.20717700378717327,5.089285714285714,4.826790530416542,0.06833707475991152,0.07692307692307693,0.017543859649122806,0.02857142857142857,-0.06726727939963124,0.2,25.0,0.21518594399950333,5.0,4.647143681477207,0.06833707475991152,42.3529646107927
0.18181818181818182,0.875,0.250996015936255,0.30107526881720426,0.8120019920318725,0.807114382091383,0.8095544985087643,0.8017274602776865,0.32693547809870244,0.7565543071161048,0.6491274768809656,0.375,0.11538461538461539,0.1764705882352941,0.11491400773080025,0.1947565543071161,1.0,0.20031230480949408,30.807692307692307,29.953227315247894,0.004229390806775727,0.375,0.11320754716981132,0.1739130434782609,0.11171967723472191,0.19850187265917604,1.0,0.20855715178013742,30.22641509433962,28.76909254267745,0.004229390806775727,40.20028091687709
0.0945945945945946,0.875,0.26693227091633465,0.17073170731707316,0.8040338645418327,0.7977702074945804,0.8008959126804226,0.7915799466743285,0.23287994273677515,0.7374517374517374,0.6703166754583765,0.25,0.034482758620689655,0.0606060606060606,0.01116091704242879,0.22393822393822393,6.0,0.2029481331305964,8.931034482758621,9.854734651404787,0.015878777916284254,0.25,0.0392156862745098,0.06779661016949153,0.023833843065241146,0.1969111969111969,6.0,0.14385875992566313,10.156862745098039,13.90252495596007,0.015878777916284254,39.29458803636953
0.1320754716981132,1.0,0.17100371747211895,0.23333333333333334,0.9144981412639406,0.9065040650406504,0.9104923297468689,0.8790821117673562,0.3308928452699638,0.8333333333333334,0.69564206470471,0.2857142857142857,0.05263157894736842,0.08888888888888889,0.06930436621623876,0.13768115942028986,16.0,0.20074046950648927,14.526315789473685,9.963113092825294,0.05211611361413154,1.0,0.12727272727272726,0.22580645161290322,0.32336102446954745,0.19927536231884058,16.0,0.5856218723300378,35.127272727272725,11.953105460608587,0.05211611361413154,41.29621420195326
0.10526315789473684,1.0,0.2527881040892193,0.1904761904761905,0.8736059479553904,0.8553191489361702,0.8644141923353531,0.8212518173952222,0.28045299745248253,0.7545126353790613,0.6980878337687741,0.375,0.057692307692307696,0.09999999999999999,0.08270543159591894,0.18772563176895307,3.0,0.20739792569252988,15.98076923076923,14.46494698528248,0.008221266888761554,0.375,0.05454545454545454,0.09523809523809523,0.07627773558874001,0.19855595667870035,3.0,0.23634633057634238,15.10909090909091,12.693237050409666,0.008221266888761554,42.102425295859575
0.13580246913580246,0.8461538461538461,0.25925925925925924,0.23404255319148934,0.7934472934472935,0.7899461400359066,0.7916947813271392,0.7868287043655804,0.2718288000354559,0.7455830388692579,0.5907543522896752,0.23076923076923078,0.058823529411764705,0.09375,0.028862258063689535,0.18021201413427562,1.0,0.20679036715357285,16.647058823529413,14.507445589919815,0.004145491525991192,0.23076923076923078,0.05357142857142857,0.08695652173913043,0.018114438224403638,0.1978798586572438,1.0,0.25175681010659295,15.160714285714286,11.916261564999218,0.004145491525991192,38.931373935658485
0.1095890410958904,0.8,0.2589641434262948,0.19277108433734938,0.7705179282868526,0.7693898655635988,0.7699536903340123,0.7686318652228503,0.23137826198361444,0.7432950191570882,0.5612114811960689,0.2,0.04081632653061224,0.06779661016949151,0.006266818936984906,0.18773946360153257,0.0,0.20656947128051995,10.653061224489797,9.681972789115646,0.0023987581711222964,0.2,0.038461538461538464,0.06451612903225806,0.00038292905505843644,0.19923371647509577,0.0,0.23564025996838223,10.038461538461538,8.48751397689154,0.0023987581711222964,46.67279585264623
0.08247422680412371,0.7272727272727273,0.3333333333333333,0.14814814814814814,0.696969696969697,0.6956521739130436,0.6963106238227914,0.6954583145114882,0.16112251457461388,0.6690647482014388,0.5130723214415044,0.2727272727272727,0.043478260869565216,0.07500000000000001,0.011524221624966987,0.24820143884892087,6.0,0.20641432034309154,12.086956521739129,14.533875338753388,0.01471560398520639,0.09090909090909091,0.01818181818181818,0.0303030303030303,-0.054483124195737184,0.19784172661870503,6.0,0.12515383181055378,5.054545454545455,7.990166865315853,0.01471560398520639,41.23388692829758
0.05970149253731343,0.6666666666666666,0.22992700729927007,0.10958904109589042,0.7183698296836982,0.7146486028789162,0.716506800479814,0.7136631880139146,0.14823349028636243,0.7678571428571429,0.5270792375416701,0.16666666666666666,0.0196078431372549,0.03508771929824561,-0.005933618391910373,0.18214285714285713,37.0,0.20656627993088125,5.490196078431373,4.841061185468451,0.11695613076136403,0.3333333333333333,0.03571428571428571,0.06451612903225806,0.04932636236669901,0.2,37.0,0.2689706245371513,10.0,7.43575624082232,0.11695613076136403,41.68914965586737
0.061224489795918366,0.75,0.33454545454545453,0.11320754716981131,0.7077272727272728,0.7052023121387284,0.7064636643811975,0.7046860474367789,0.14472246573165215,0.6678445229681979,0.46927290919242226,0.125,0.014925373134328358,0.02666666666666667,-0.044837862810398206,0.23674911660777384,7.0,0.20730976632714201,4.223880597014926,4.823699421965317,0.016670724589814542,0.125,0.017857142857142856,0.03125,-0.031200795119848492,0.1978798586572438,7.0,0.1378070701018574,5.053571428571429,7.256521739130435,0.016670724589814542,45.06985585112125
0.07368421052631578,0.875,0.3247232472324723,0.13592233009708737,0.7751383763837638,0.7622731329961321,0.7686788397449137,0.7539611948358539,0.19379389457036425,0.6810035842293907,0.48356324875661916,0.125,0.017241379310344827,0.0303030303030303,-0.03509392598892588,0.2078853046594982,48.0,0.20321396937871694,4.810344827586207,4.920921544209215,0.16198376642960774,0.125,0.01818181818181818,0.031746031746031744,-0.031152354995050886,0.1971326164874552,48.0,0.18389641064574633,5.072727272727272,5.437844036697248,0.16198376642960774,44.48617740534246
0.07228915662650602,0.75,0.27598566308243727,0.13186813186813184,0.7370071684587813,0.7367781155015197,0.7368926330804048,0.7366864167698022,0.17210141563362677,0.7247386759581882,0.5272947364838914,0.25,0.03636363636363636,0.06349206349206349,0.025109170519001876,0.1916376306620209,40.0,0.2044848617654578,10.436363636363636,9.780675120557243,0.13039281670814484,0.25,0.03508771929824561,0.061538461538461535,0.02181391247830168,0.1986062717770035,40.0,0.2200430955772251,10.070175438596491,9.089128630705394,0.13039281670814484,44.32957304781303
0.06666666666666667,0.7142857142857143,0.2536231884057971,0.12195121951219512,0.7303312629399585,0.729978738483345,0.7301549794364612,0.7298543219313449,0.16211535304970706,0.7455830388692579,0.4581108205097012,0.0,0.0,0.0,-0.07287601059065028,0.17314487632508835,52.0,0.20329451180599872,0.0,0.0,0.2148903736743479,0.14285714285714285,0.017857142857142856,0.031746031746031744,-0.021994596283634534,0.1978798586572438,52.0,0.27448947032546267,5.053571428571429,3.6431269979657075,0.2148903736743479,41.954311883077025
0.07692307692307693,0.875,0.31226765799256506,0.14141414141414144,0.7813661710037175,0.7701457032411537,0.7757356503709917,0.762159622616174,0.20065308503079748,0.6931407942238267,0.531138104955146,0.125,0.015151515151515152,0.027027027027027032,-0.04585000554873815,0.23826714801444043,50.0,0.20712073249600055,4.196969696969697,4.82810188989318,0.14702899969193842,0.125,0.01818181818181818,0.031746031746031744,-0.03179864680553612,0.19855595667870035,50.0,0.12995677184383403,5.036363636363637,7.694866422210581,0.14702899969193842,44.94995820289478
0.04807692307692308,0.7142857142857143,0.376425855513308,0.09009009009009009,0.6689299293862032,0.6658546488022736,0.6673905177666072,0.6658375561495948,0.1103297862450562,0.6259259259259259,0.4824675172929517,0.14285714285714285,0.013157894736842105,0.024096385542168676,-0.05028827469375315,0.2814814814814815,59.0,0.20136728501747514,3.552631578947368,4.966049971390425,0.17075699965433805,0.0,0.0,0.0,-0.0815720074255701,0.2,59.0,0.09590198563582594,0.0,0.0,0.17075699965433805,41.6390819652006
0.08411214953271028,0.8181818181818182,0.33793103448275863,0.15254237288135594,0.7401253918495299,0.7318932655654384,0.7359978192689515,0.7286559054390009,0.18826546875221117,0.6677740863787376,0.5821771254722341,0.2727272727272727,0.038461538461538464,0.06741573033707866,0.006041119677210644,0.2591362126245847,9.0,0.2064836054513561,11.576923076923078,14.528998529652016,0.019040117702382783,0.18181818181818182,0.03333333333333333,0.056338028169014086,-0.008539815845274022,0.19933554817275748,9.0,0.10602482795844016,10.033333333333333,18.86350620426344,0.019040117702382783,44.730697366874665
0.0975609756097561,0.7272727272727273,0.28793774319066145,0.17204301075268819,0.719667492041033,0.7195871221430327,0.7196273059700422,0.7195643485191412,0.18914518639443909,0.7126865671641791,0.4606352867176853,0.09090909090909091,0.017543859649122806,0.029411764705882353,-0.06156769418789028,0.2126865671641791,51.0,0.20587294251484234,4.701754385964912,4.85736487653255,0.18327821237231667,0.09090909090909091,0.018867924528301886,0.03125,-0.05549968072988083,0.19776119402985073,51.0,0.17864125990970173,5.056603773584906,5.597810945273632,0.18327821237231667,42.28224373515695
0.06097560975609756,0.7142857142857143,0.29389312977099236,0.11235955056179776,0.710196292257361,0.7101727447216891,0.7101845183919295,0.7101674407629348,0.14538747127327697,0.7063197026022305,0.4862433511373567,0.14285714285714285,0.017857142857142856,0.031746031746031744,-0.026297933967365298,0.20817843866171004,20.0,0.20207253886010362,4.803571428571429,4.948717948717949,0.05559202821178667,0.14285714285714285,0.018867924528301886,0.03333333333333333,-0.022260540020630888,0.1970260223048327,20.0,0.18098481829051777,5.0754716981132075,5.525325325325325,0.05559202821178667,40.44482484692708
0.056818181818181816,0.7142857142857143,0.3132075471698113,0.10526315789473685,0.7005390835579516,0.700269334359369,0.7004041959724749,0.700223732872869,0.13575340484774742,0.6875,0.45124015019302965,0.14285714285714285,0.017857142857142856,0.031746031746031744,-0.025333103647568165,0.20588235294117646,4.0,0.20773011024040378,4.857142857142858,4.813938618925831,0.010873560142611967,0.14285714285714285,0.018518518518518517,0.03278688524590164,-0.022683432923987237,0.19852941176470587,4.0,0.1919245583742861,5.037037037037037,5.21038062283737,0.010873560142611967,45.15579118812457
0.11764705882352941,0.9090909090909091,0.2808988764044944,0.20833333333333334,0.8140960163432074,0.8030112923462985,0.8085346586125621,0.7912314181022144,0.26580079763528913,0.7266187050359713,0.6135905016659629,0.2727272727272727,0.05555555555555555,0.0923076923076923,0.04026598981717297,0.19424460431654678,28.0,0.20270678711757398,15.444444444444443,14.799701789264413,0.0879912988707667,0.2727272727272727,0.05454545454545454,0.0909090909090909,0.03815484844288629,0.19784172661870503,28.0,0.20992712496221916,15.163636363636364,14.290673492241242,0.0879912988707667,39.82848389213905
0.07291666666666667,0.7777777777777778,0.33458646616541354,0.13333333333333333,0.7215956558061821,0.7172214182344431,0.7194052124144799,0.7159834341183229,0.1654212045298178,0.6690909090909091,0.5011540360130395,0.1111111111111111,0.013157894736842105,0.023529411764705882,-0.06797166379695758,0.27636363636363637,45.0,0.20709250467558624,3.6184210526315788,4.828759986106287,0.11620362014621832,0.1111111111111111,0.01818181818181818,0.03125,-0.04087595596566439,0.2,45.0,0.09329592864336067,5.0,10.71858134155744,0.11620362014621832,38.62856798898429
0.11267605633802817,0.8888888888888888,0.23863636363636365,0.2,0.8251262626262627,0.8201989288446825,0.8226589066968623,0.8138643061340296,0.2646673728703784,0.7655677655677655,0.6002680394826416,0.1111111111111111,0.018867924528301886,0.03225806451612903,-0.038757671199017386,0.19413919413919414,51.0,0.20738353160098358,5.150943396226415,4.82198365646531,0.1945602192495261,0.2222222222222222,0.037037037037037035,0.06349206349206349,0.011319026974593447,0.1978021978021978,51.0,0.21618927360935736,10.11111111111111,9.25115278204734,0.1945602192495261,40.52340294327587
0.11594202898550725,0.6666666666666666,0.22592592592592592,0.19753086419753088,0.7203703703703703,0.7163667523564696,0.718365772233094,0.7152600878726358,0.20693852786684158,0.7695035460992907,0.5496409693006548,0.3333333333333333,0.08333333333333333,0.13333333333333333,0.09150356723837198,0.1702127659574468,19.0,0.20159851301115242,23.5,19.84141619030057,0.05217103008252261,0.4166666666666667,0.08928571428571429,0.14705882352941177,0.11524859076722194,0.19858156028368795,19.0,0.2920074349442379,25.178571428571427,17.12285168682368,0.05217103008252261,45.706837167963386
0.13513513513513514,0.8333333333333334,0.23616236162361623,0.23255813953488372,0.7985854858548586,0.7970735463996919,0.7978291579740948,0.795610128889148,0.2738324765391599,0.7667844522968198,0.6340430367772173,0.3333333333333333,0.08163265306122448,0.13114754098360654,0.08908768271348956,0.17314487632508835,16.0,0.20676998368678629,23.10204081632653,19.345167652859963,0.04184542269285235,0.3333333333333333,0.07142857142857142,0.11764705882352941,0.0715443959241085,0.1978798586572438,16.0,0.2808931484502447,20.214285714285715,14.240290381125225,0.04184542269285235,39.86158357001841
0.14084507042253522,1.0,0.23552123552123552,0.2469135802469136,0.8822393822393823,0.8665207877461707,0.8743447629389476,0.8334613372495003,0.32813574236822224,0.7732342007434945,0.7280979448373797,0.5,0.1111111111111111,0.1818181818181818,0.1751632067122557,0.16728624535315986,13.0,0.2034800266078493,29.888888888888886,24.572436338609773,0.0378557957125233,0.5,0.09433962264150944,0.15873015873015875,0.14967281138532879,0.1970260223048327,13.0,0.2867695970311242,25.37735849056604,17.435600048834086,0.0378557957125233,43.85514978505671
0.09411764705882353,0.7272727272727273,0.2851851851851852,0.16666666666666666,0.721043771043771,0.7209899603081951,0.7210168651739846,0.7209742349366599,0.1866590292563897,0.7153024911032029,0.49125298492546876,0.18181818181818182,0.03571428571428571,0.05970149253731343,-0.008827348295047496,0.199288256227758,20.0,0.20307637906647807,10.035714285714286,9.848511231063904,0.05761053672728737,0.18181818181818182,0.03571428571428571,0.05970149253731343,-0.008827348295047496,0.199288256227758,20.0,0.20307637906647807,10.035714285714286,9.848511231063904,0.05761053672728737,40.483432698994875
0.06382978723404255,0.75,0.3308270676691729,0.11764705882352941,0.7095864661654135,0.7072847682119204,0.708434682414773,0.7067880044212178,0.14865477476034306,0.6715328467153284,0.4444003689122049,0.0,0.0,0.0,-0.09378472071857458,0.22627737226277372,69.0,0.20037835231277124,0.0,0.0,0.2639626055570191,0.0,0.0,0.0,-0.0859190991143291,0.19708029197080293,69.0,0.14243851774917468,0.0,0.0,0.2639626055570191,41.36377037316561
0.14150943396226415,0.9375,0.35,0.2459016393442623,0.7937500000000001,0.767716535433071,0.7806247497997998,0.7485976829860155,0.28227807229731644,0.6666666666666666,0.6325231710807301,0.25,0.04819277108433735,0.08080808080808081,-0.02743997127036512,0.3007246376811594,16.0,0.2033441972509565,13.301204819277109,19.671080139372823,0.03392874379021344,0.0625,0.01818181818181818,0.02816901408450704,-0.08494010464861287,0.19927536231884058,16.0,0.06481507722828397,5.0181818181818185,15.428508963707914,0.03392874379021344,41.31117178918794
0.1038961038961039,0.8,0.26848249027237353,0.18390804597701152,0.7657587548638134,0.7642276422764227,0.7649928155101204,0.7632693011216595,0.22277270312637554,0.7340823970037453,0.48005197149502343,0.1,0.02040816326530612,0.033898305084745756,-0.04256101872896396,0.18352059925093633,31.0,0.2058260211126453,5.448979591836735,4.858472192166198,0.10580278282274991,0.1,0.018867924528301886,0.031746031746031744,-0.04871294266533233,0.19850187265917604,31.0,0.2442652888512761,5.037735849056603,4.093909555069293,0.10580278282274991,44.7597267087549
0.1111111111111111,0.5833333333333334,0.2,0.18666666666666668,0.6916666666666668,0.6746987951807228,0.6831300510639733,0.6731888074812071,0.18499424087621477,0.791095890410959,0.42040503979898614,0.08333333333333333,0.02040816326530612,0.032786885245901634,-0.04679731063002388,0.1678082191780822,34.0,0.2014665908085214,5.959183673469387,4.963602133668027,0.10563603937349485,0.16666666666666666,0.034482758620689655,0.05714285714285715,-0.016585419414205438,0.19863013698630136,34.0,0.34629243315000946,10.068965517241379,5.775465498357065,0.10563603937349485,46.27513473900035
0.16393442622950818,0.8333333333333334,0.19318181818181818,0.273972602739726,0.8200757575757577,0.8198614318706698,0.8199685877205815,0.8195879817559113,0.3146235425408452,0.8079710144927537,0.6340147164552694,0.3333333333333333,0.08888888888888889,0.14035087719298245,0.09828206451239589,0.16304347826086957,13.0,0.20744647649959427,24.53333333333333,19.282082142319844,0.03484986643436287,0.5,0.10909090909090909,0.1791044776119403,0.16050526033798143,0.19927536231884058,13.0,0.34161413145246866,30.10909090909091,17.563676228759363,0.03484986643436287,42.632456531282514
0.07792207792207792,0.75,0.27734375,0.1411764705882353,0.736328125,0.7360742705570292,0.7362011868368592,0.7359739069106404,0.17825602397684523,0.7234848484848485,0.48385506866287153,0.25,0.03636363636363636,0.06349206349206349,0.018136906252750294,0.20833333333333334,20.0,0.20222585924713585,9.6,9.889932016833926,0.05703950305014135,0.25,0.038461538461538464,0.06666666666666668,0.023571295056765983,0.19696969696969696,20.0,0.17803600654664484,10.153846153846155,11.233682662254092,0.05703950305014135,44.54980651382357
0.0273972602739726,0.6666666666666666,0.2563176895306859,0.05263157894736842,0.7051744885679904,0.7030716723549489,0.7041222954711367,0.7026703268445443,0.09622928619379091,0.7428571428571429,0.35013266171934965,0.0,0.0,0.0,-0.04432827155135334,0.15357142857142858,70.0,0.20271482622771775,0.0,0.0,0.4107502967251573,0.0,0.0,0.0,-0.05203442348519702,0.2,70.0,0.32749541678043453,0.0,0.0,0.4107502967251573,43.281578357797116
0.08421052631578947,0.8888888888888888,0.31636363636363635,0.15384615384615383,0.7862626262626262,0.7728674203494347,0.7795362516758073,0.7629012553538412,0.2125639167494957,0.6901408450704225,0.5648071841839204,0.1111111111111111,0.01639344262295082,0.028571428571428574,-0.04567104231333813,0.2147887323943662,51.0,0.2012560962773236,4.655737704918033,4.968793584379358,0.16233628570482578,0.1111111111111111,0.017857142857142856,0.03076923076923077,-0.03913574829698149,0.19718309859154928,51.0,0.16669590540682783,5.071428571428572,5.998947589981057,0.16233628570482578,43.57749973097816
0.07352941176470588,0.7142857142857143,0.23507462686567165,0.13333333333333333,0.7396055437100214,0.7387387387387387,0.7391720141648493,0.7383774347870016,0.1749458503465235,0.7636363636363637,0.5548244772683676,0.2857142857142857,0.043478260869565216,0.07547169811320756,0.05128870964859653,0.16727272727272727,27.0,0.2006709100292448,11.956521739130435,9.96656665237891,0.08957243169698012,0.42857142857142855,0.05454545454545454,0.09677419354838708,0.09235141930792203,0.2,27.0,0.30504902804059864,15.0,9.834484703228537,0.08957243169698012,41.762038541957736
0.0625,0.8571428571428571,0.32967032967032966,0.11650485436893204,0.7637362637362637,0.7523124357656731,0.7580028290540894,0.745942241281387,0.17349447958987207,0.675,0.6157743742771453,0.42857142857142855,0.04225352112676056,0.07692307692307691,0.06441121020867432,0.25357142857142856,9.0,0.2042840665678036,11.830985915492958,14.685433134376511,0.020378151260504202,0.42857142857142855,0.05357142857142857,0.09523809523809523,0.0915018021743355,0.2,9.0,0.11339594661393969,15.0,26.455972101133394,0.020378151260504202,43.130146669689566
0.10843373493975904,0.8181818181818182,0.29365079365079366,0.19148936170212766,0.7622655122655122,0.7581637482252721,0.7602118638393366,0.7557781338092242,0.22593967245016577,0.7110266159695817,0.5564923989065748,0.09090909090909091,0.016666666666666666,0.028169014084507043,-0.06832352262916794,0.22813688212927757,52.0,0.2073726057101554,4.383333333333333,4.822237713489021,0.18005210788200424,0.0,0.0,0.0,-0.10371856903770303,0.19771863117870722,52.0,0.15251174557282254,0.0,0.0,0.18005210788200424,43.72681994410232
0.07317073170731707,0.8571428571428571,0.2900763358778626,0.1348314606741573,0.7835332606324972,0.7766179540709811,0.7800679443606018,0.7713600604644579,0.19611280171752019,0.7137546468401487,0.5315337409316968,0.2857142857142857,0.03636363636363636,0.06451612903225805,0.03293089496562062,0.20446096654275092,39.0,0.2064971957170952,9.781818181818183,9.685361552028219,0.12841383162821704,0.2857142857142857,0.03773584905660377,0.06666666666666667,0.03644617826907214,0.1970260223048327,39.0,0.19036346419986888,10.150943396226415,10.506217715706907,0.12841383162821704,38.83991510607302
0.058823529411764705,0.7142857142857143,0.3088803088803089,0.10869565217391305,0.7027027027027027,0.7025117739403453,0.7026072318360741,0.702477145184425,0.13916809637724809,0.6917293233082706,0.38846235871187895,0.0,0.0,0.0,-0.09348841300904107,0.24436090225563908,71.0,0.20775822042125702,0.0,0.0,0.28269388172216026,0.0,0.0,0.0,-0.08200631008677917,0.19924812030075187,71.0,0.11772403022244735,0.0,0.0,0.28269388172216026,40.535660322289914
0.1,0.6666666666666666,0.2517482517482518,0.1739130434782609,0.7074592074592074,0.7051070840197694,0.706282166583936,0.7046287984845068,0.18406156461014062,0.7449664429530202,0.44710143921835344,0.16666666666666666,0.04,0.06451612903225806,-0.0006131623911359875,0.16778523489932887,16.0,0.20008529115298132,11.92,9.995737260220887,0.04251899276300144,0.16666666666666666,0.03389830508474576,0.056338028169014086,-0.016099760917809975,0.19798657718120805,16.0,0.2774288594246724,10.101694915254237,7.209055338177754,0.04251899276300144,43.2881581094116
0.05555555555555555,0.625,0.3231939163498099,0.10204081632653061,0.6509030418250951,0.6498722161372763,0.6503874247564823,0.649943356322489,0.10846517352818992,0.6752767527675276,0.3879537097611041,0.125,0.014285714285714285,0.02564102564102564,-0.053116313596911754,0.25830258302583026,65.0,0.20955613229520198,3.8714285714285714,4.771991108288345,0.2079827037040584,0.0,0.0,0.0,-0.08700298080943653,0.1992619926199262,65.0,0.09589405736341253,0.0,0.0,0.2079827037040584,41.460349299013615
0.07142857142857142,0.8571428571428571,0.2943396226415094,0.13186813186813187,0.7814016172506739,0.774060020696792,0.7777221560567523,0.7686518027711775,0.19289011589435978,0.7095588235294118,0.5719997949454043,0.42857142857142855,0.05263157894736842,0.09375,0.08745959062643666,0.20955882352941177,35.0,0.2069910608871648,14.31578947368421,14.493379507027907,0.10821560028970266,0.42857142857142855,0.05555555555555555,0.09836065573770493,0.09372965679911709,0.19852941176470587,35.0,0.1836734693877551,15.111111111111112,16.333333333333332,0.10821560028970266,38.07378564495593
0.16393442622950818,0.8333333333333334,0.18613138686131386,0.273972602739726,0.8236009732360098,0.8234859675036927,0.8235434683623193,0.8233326983385241,0.31677401023229323,0.8146853146853147,0.639102879645582,0.16666666666666666,0.0425531914893617,0.06779661016949153,0.0013163646257349575,0.16433566433566432,28.0,0.2011459493872354,12.170212765957448,9.943028960278525,0.0833111103443747,0.6666666666666666,0.14035087719298245,0.2318840579710145,0.24484051848433397,0.1993006993006993,28.0,0.34107910233964667,40.140350877192986,23.454969668688754,0.0833111103443747,44.67464821692556
0.05555555555555555,0.8571428571428571,0.3669064748201439,0.10434782608695652,0.7451181911613567,0.7282758620689656,0.7366488939863449,0.7215861672525492,0.15641501685648507,0.6385964912280702,0.5537318600681556,0.2857142857142857,0.028985507246376812,0.05263157894736841,0.016154607613491755,0.24210526315789474,52.0,0.20181259103414792,8.26086956521739,9.91018444266239,0.15383372657245964,0.14285714285714285,0.017543859649122806,0.03125,-0.022668802672263903,0.2,52.0,0.1399902896908885,5.0,7.143352601156069,0.15383372657245964,44.229179850779474
0.08235294117647059,0.875,0.2878228782287823,0.15053763440860213,0.7935885608856088,0.7852368497529789,0.789401660468114,0.7781137574883242,0.21290626288274705,0.7168458781362007,0.6218604870560083,0.375,0.047619047619047616,0.08450704225352113,0.0613080417206172,0.22580645161290322,35.0,0.20008715682002118,13.285714285714286,14.9934660858743,0.09198609105678648,0.125,0.01818181818181818,0.031746031746031744,-0.031152354995050886,0.1971326164874552,35.0,0.13951316690531035,5.072727272727272,7.167782240071396,0.09198609105678648,42.090570321306586
0.07291666666666667,0.7,0.3272058823529412,0.1320754716981132,0.6863970588235294,0.6861274772362078,0.6862622547925401,0.6861021747077827,0.14549947100460056,0.6737588652482269,0.5455995708928483,0.2,0.0273972602739726,0.048192771084337345,-0.02576849550042307,0.25886524822695034,9.0,0.2007751937984496,7.726027397260275,9.961389961389962,0.020895871130903295,0.1,0.017857142857142856,0.030303030303030304,-0.04738186061565338,0.19858156028368795,9.0,0.1003875968992248,5.035714285714286,9.961389961389962,0.020895871130903295,37.857777857687324
0.12962962962962962,0.7777777777777778,0.17407407407407408,0.2222222222222222,0.8018518518518518,0.8011290736463947,0.8014903812746103,0.8003947654567535,0.2699845039499746,0.8243727598566308,0.555991979186264,0.2222222222222222,0.04878048780487805,0.08,0.038813093680264636,0.14695340501792115,34.0,0.21290039811534386,13.609756097560975,9.394064161948878,0.13659449901495546,0.7777777777777778,0.12727272727272726,0.21874999999999994,0.26647043645870644,0.1971326164874552,34.0,0.600971547536433,35.50909090909091,11.647806004618937,0.13659449901495546,40.175475385040045
0.10256410256410256,0.8,0.2755905511811024,0.18181818181818182,0.7622047244094489,0.7603305785123968,0.7612670747215581,0.759219859726447,0.21942372983937575,0.7272727272727273,0.4940363336315553,0.1,0.02127659574468085,0.03508771929824561,-0.04047357492367079,0.17803030303030304,44.0,0.20239349374236232,5.617021276595745,4.940870289402457,0.1790075601150777,0.1,0.019230769230769232,0.03225806451612903,-0.0483786232044633,0.19696969696969696,44.0,0.2433947157726181,5.0769230769230775,4.108552631578948,0.1790075601150777,44.919623961206526
0.18055555555555555,0.8125,0.23228346456692914,0.29545454545454547,0.7901082677165354,0.7894736842105262,0.7897909122289076,0.7889172461909597,0.30979050868266444,0.7703703703703704,0.6020682592336977,0.25,0.07547169811320754,0.11594202898550725,0.033934646817124665,0.1962962962962963,6.0,0.20352618438492123,20.37735849056604,19.653490837498108,0.014565774047018075,0.25,0.07407407407407407,0.11428571428571428,0.03137279025690793,0.2,6.0,0.21400610301143544,20.0,18.691055739593835,0.014565774047018075,42.94865377759561
0.14444444444444443,0.8666666666666667,0.28205128205128205,0.2476190476190476,0.7923076923076924,0.785329018338727,0.7888106377466155,0.7793977521821801,0.2802485299501829,0.7256944444444444,0.6876225389131712,0.3333333333333333,0.06944444444444445,0.11494252873563217,0.0451109968300639,0.25,10.0,0.20309854080345885,20.0,24.61859144935249,0.02185348235553154,0.26666666666666666,0.07017543859649122,0.11111111111111112,0.04044697797036845,0.19791666666666666,10.0,0.10776436678076022,20.210526315789476,37.118020728853224,0.02185348235553154,42.652789753861725
0.1643835616438356,1.0,0.21942446043165467,0.2823529411764706,0.8902877697841727,0.8767676767676768,0.8835018616665985,0.8448434760705777,0.3582091390881915,0.7896551724137931,0.7040180895366996,0.3333333333333333,0.08163265306122448,0.13114754098360654,0.09113316357033961,0.16896551724137931,17.0,0.20344061405871264,23.6734693877551,19.661757405262286,0.04682360206915126,0.5833333333333334,0.1206896551724138,0.2,0.19910621630602757,0.2,17.0,0.29416913546997037,35.0,23.795834287022203,0.04682360206915126,41.899482225999236
0.12359550561797752,0.9166666666666666,0.2943396226415094,0.21782178217821782,0.8111635220125787,0.7974413646055438,0.8042731786600555,0.783689739146301,0.2713053177360413,0.7148014440433214,0.6573693400393736,0.16666666666666666,0.029411764705882353,0.05,-0.03897266746834772,0.24548736462093862,40.0,0.2034423027309918,8.147058823529411,9.830797101449274,0.10395230553706497,0.16666666666666666,0.03636363636363636,0.05970149253731343,-0.017011181304668097,0.19855595667870035,40.0,0.11513654958906129,10.072727272727274,17.37067861715749,0.10395230553706497,40.52612073114142
0.10112359550561797,0.9,0.2787456445993031,0.18181818181818182,0.8106271777003484,0.8007736943907158,0.8056853727483373,0.7905971175185488,0.24461536001662534,0.7272727272727273,0.49490080569731376,0.1,0.019230769230769232,0.03225806451612903,-0.03687900546358854,0.1750841750841751,33.0,0.2027507793874931,5.711538461538462,4.932163531114328,0.10601954504393529,0.1,0.01694915254237288,0.028985507246376815,-0.046154302021289666,0.19865319865319866,33.0,0.25541903539336147,5.033898305084746,3.915134979896611,0.10601954504393529,44.380778091959655
0.08536585365853659,0.875,0.2952755905511811,0.15555555555555559,0.7898622047244095,0.7806853582554518,0.7852603760968184,0.7732703433873849,0.21509992546647913,0.7099236641221374,0.5933096092377124,0.25,0.03278688524590164,0.05797101449275363,0.0072123650924492255,0.23282442748091603,30.0,0.20634753268663011,8.59016393442623,9.69238630556975,0.08367527792891845,0.25,0.038461538461538464,0.06666666666666668,0.022927177037640054,0.1984732824427481,30.0,0.1389357514410235,10.076923076923077,14.395142929420691,0.08367527792891845,42.54152329079807
0.13157894736842105,0.8333333333333334,0.24087591240875914,0.22727272727272727,0.7962287104622872,0.7944996180290298,0.7953636943726021,0.7928780758145942,0.26890978445942043,0.7622377622377622,0.5556566461879968,0.16666666666666666,0.03773584905660377,0.06153846153846154,-0.010043802731746057,0.1853146853146853,51.0,0.20334692267227775,10.79245283018868,9.835408245755861,0.18827560853139497,0.25,0.05263157894736842,0.08695652173913043,0.0265600063692482,0.1993006993006993,51.0,0.2400052603892688,15.052631578947368,12.49972602739726,0.18827560853139497,42.21937019005418
0.060240963855421686,0.625,0.2899628252788104,0.10989010989010989,0.6675185873605948,0.6648103028193525,0.6661630687757641,0.6648109189996861,0.12248255016387127,0.7075812274368231,0.4029946238947886,0.0,0.0,0.0,-0.0897153204100528,0.21299638989169675,61.0,0.2074748599692096,0.0,0.0,0.22814710236452693,0.0,0.0,0.0,-0.08583683800267419,0.19855595667870035,61.0,0.17773264764650004,0.0,0.0,0.22814710236452693,43.19256480038166
0.12658227848101267,0.9090909090909091,0.26436781609195403,0.22222222222222224,0.8223615464994776,0.8132147395171537,0.8177753547432793,0.8023199491664035,0.27976773212884504,0.7426470588235294,0.620509877405392,0.18181818181818182,0.03333333333333333,0.056338028169014086,-0.019195429648953308,0.22058823529411764,44.0,0.20347093728067378,9.066666666666666,9.829413609281906,0.13023861286363586,0.09090909090909091,0.018518518518518517,0.030769230769230767,-0.05538780425898019,0.19852941176470587,44.0,0.15328909589740317,5.037037037037037,6.523621227887618,0.13023861286363586,44.839712110348046
0.10526315789473684,0.7692307692307693,0.32567049808429116,0.18518518518518517,0.721780135573239,0.718660677827685,0.7202187178028785,0.7177627671689181,0.1981327429596701,0.6788321167883211,0.5317307132998779,0.23076923076923078,0.04225352112676056,0.07142857142857142,-0.014442828378760392,0.2591240875912409,37.0,0.2016017674675504,11.577464788732394,14.88082191780822,0.09320080910378384,0.15384615384615385,0.037037037037037035,0.05970149253731343,-0.02425607745160244,0.19708029197080293,37.0,0.10319432937494247,10.148148148148147,19.380909901873327,0.09320080910378384,42.28693943284452
0.09090909090909091,0.875,0.2641509433962264,0.16470588235294117,0.8054245283018868,0.7994143484626647,0.8024138112771376,0.7933593446377064,0.22894356422297146,0.73992673992674,0.5936657110383551,0.25,0.041666666666666664,0.07142857142857142,0.03385596572384754,0.17582417582417584,1.0,0.20497995357670395,11.375,9.757051677990528,0.004507063591258569,0.25,0.037037037037037035,0.06451612903225806,0.022767638310555123,0.1978021978021978,1.0,0.25790251107828654,10.11111111111111,7.754868270332188,0.004507063591258569,43.389303903095424
0.060240963855421686,0.7142857142857143,0.2932330827067669,0.1111111111111111,0.7105263157894738,0.7105064247921391,0.7105163702212001,0.7105019051401736,0.14468062550386154,0.706959706959707,0.40107727366894497,0.0,0.0,0.0,-0.08055324203115821,0.1978021978021978,64.0,0.20305214073760067,0.0,0.0,0.2644482125194291,0.0,0.0,0.0,-0.08055324203115821,0.1978021978021978,64.0,0.20305214073760067,0.0,0.0,0.2644482125194291,39.98015072802082
0.12121212121212122,0.7272727272727273,0.2109090909090909,0.2077922077922078,0.7581818181818181,0.7569217353390015,0.7575515147636239,0.7562144283213674,0.23568667625979878,0.7867132867132867,0.5148630263176545,0.09090909090909091,0.023255813953488372,0.037037037037037035,-0.033261478683412456,0.15034965034965034,8.0,0.20443587270973965,6.651162790697675,4.891509433962264,0.02423456931653653,0.36363636363636365,0.07017543859649122,0.11764705882352941,0.08227590813460112,0.1993006993006993,8.0,0.37437051323261544,20.070175438596493,10.684602175157412,0.02423456931653653,44.86836687242612
0.07462686567164178,0.625,0.23048327137546468,0.13333333333333333,0.6972583643122676,0.6897700766411197,0.693504113463168,0.6887544872741648,0.15429061425185256,0.7653429602888087,0.3701391427041454,0.0,0.0,0.0,-0.07695587479654226,0.16606498194945848,50.0,0.2042666009001788,0.0,0.0,0.22088814585024516,0.125,0.01818181818181818,0.031746031746031744,-0.03179864680553612,0.19855595667870035,50.0,0.3080029594919539,5.036363636363637,3.2467220498448603,0.22088814585024516,39.251378586981446
0.08196721311475409,0.7142857142857143,0.20437956204379562,0.14705882352941174,0.7549530761209594,0.7527624309392266,0.7538569578015848,0.7516014709761366,0.19276948870194957,0.7935943060498221,0.5440398026671147,0.42857142857142855,0.061224489795918366,0.10714285714285714,0.10707884312913653,0.17437722419928825,44.0,0.21038800432833513,17.20408163265306,14.259368111682587,0.16020334318229454,0.42857142857142855,0.05357142857142857,0.09523809523809523,0.09174173895958553,0.199288256227758,44.0,0.32474107280878034,15.053571428571429,9.238129239557301,0.16020334318229454,46.101913671940565
0.125,0.9,0.2441860465116279,0.21951219512195125,0.827906976744186,0.8216292134831461,0.8247621221537365,0.8134164727113097,0.2804117590748155,0.7611940298507462,0.6486492876055983,0.3,0.057692307692307696,0.0967741935483871,0.05275698153921013,0.19402985074626866,1.0,0.2009621462181333,15.461538461538462,14.928184518609122,0.004433639793168437,0.3,0.05660377358490566,0.09523809523809525,0.050533984764365464,0.19776119402985073,1.0,0.20942481915864877,15.169811320754718,14.324949698189135,0.004433639793168437,39.5496522532776
0.10112359550561797,0.8181818181818182,0.29411764705882354,0.18,0.7620320855614974,0.7578947368421052,0.7599605956573483,0.7554974012908164,0.21815712192360245,0.7102473498233216,0.5245187122871569,0.09090909090909091,0.015151515151515152,0.025974025974025976,-0.0676738831142998,0.2332155477031802,5.0,0.20189185373429339,4.287878787878788,4.953146853146853,0.01210077730533817,0.09090909090909091,0.017857142857142856,0.029850746268656716,-0.05399536693087814,0.1978798586572438,5.0,0.14001835380488495,5.053571428571429,7.141920846987648,0.01210077730533817,39.08715581195429
0.2608695652173913,0.42857142857142855,0.06181818181818182,0.3243243243243243,0.6833766233766234,0.5883694412770809,0.6340961457680705,0.5935814350646591,0.29093742830358216,0.9134948096885813,0.45894366143033993,0.21428571428571427,0.15,0.1764705882352941,0.128978285223482,0.06920415224913495,16.0,0.21383317365639584,43.349999999999994,14.029628559040324,0.0960434054636782,0.5,0.12280701754385964,0.1971830985915493,0.1716818180471301,0.1972318339100346,16.0,0.5720555057638224,35.49122807017544,12.236574824419232,0.0960434054636782,41.15882754698396
0.07246376811594203,0.7142857142857143,0.24615384615384617,0.13157894736842105,0.7340659340659341,0.7335329341317365,0.7337993857053428,0.733331320701553,0.17086250147819362,0.7528089887640449,0.43668796651708286,0.14285714285714285,0.02,0.03508771929824562,-0.018677877782242072,0.18726591760299627,46.0,0.20905673885806336,5.34,4.783390410958904,0.17781272603804044,0.14285714285714285,0.018867924528301886,0.03333333333333333,-0.022890370588360274,0.19850187265917604,46.0,0.24317164846966172,5.037735849056603,4.112321507434124,0.17781272603804044,44.15923903603107
0.09859154929577464,0.6363636363636364,0.23703703703703705,0.17073170731707318,0.6996632996632995,0.6939364773820982,0.6967940050846344,0.6930651845375184,0.17822459752533654,0.7580071174377224,0.4942425894406556,0.2727272727272727,0.06,0.09836065573770492,0.050026302350597046,0.17793594306049823,25.0,0.20224481152054213,16.86,14.833507853403143,0.06769494197675452,0.2727272727272727,0.05357142857142857,0.08955223880597014,0.03710755672177373,0.199288256227758,25.0,0.28098263447691657,15.053571428571429,10.676816400361773,0.06769494197675452,42.79598546773195
0.07291666666666667,0.7777777777777778,0.32014388489208634,0.13333333333333333,0.7288169464428457,0.7255278310940501,0.7271705291176659,0.7244325644391376,0.1690478041470494,0.6829268292682927,0.5061611109558805,0.2222222222222222,0.03076923076923077,0.05405405405405406,-0.001830694458494662,0.2264808362369338,36.0,0.20048280964061832,8.830769230769231,9.975917653913381,0.09243563408651256,0.2222222222222222,0.03508771929824561,0.06060606060606061,0.010650863932236514,0.1986062717770035,36.0,0.14706225908188295,10.070175438596491,13.599682287529786,0.09243563408651256,44.211592764128
0.11842105263157894,0.75,0.2518796992481203,0.20454545454545453,0.74906015037594,0.7490589711417818,0.7490595607586288,0.7490583903640894,0.22713455065974877,0.7482014388489209,0.537097547862871,0.16666666666666666,0.04,0.06451612903225806,-0.007294051233511403,0.17985611510791366,24.0,0.20488862045688705,11.120000000000001,9.761401075082366,0.07317307414593426,0.3333333333333333,0.07272727272727272,0.11940298507462686,0.0722392481353741,0.19784172661870503,24.0,0.24976018758659893,20.21818181818182,16.015362731152205,0.07317307414593426,45.168711511883885
0.11363636363636363,0.7142857142857143,0.3035019455252918,0.19607843137254902,0.7053918843802112,0.7052797478329393,0.7053358138780969,0.7052576684637396,0.1941676943553964,0.6974169741697417,0.5430655809912122,0.35714285714285715,0.07142857142857142,0.11904761904761904,0.05270522109456239,0.25830258302583026,41.0,0.20866852231364513,19.357142857142858,23.961448255643504,0.10078322283238127,0.07142857142857142,0.018518518518518517,0.029411764705882353,-0.07469377554369531,0.1992619926199262,41.0,0.09176276267090815,5.018518518518519,10.897666666666666,0.10078322283238127,42.56064990814775
0.1643835616438356,0.9230769230769231,0.23828125,0.27906976744186046,0.8423978365384616,0.8346709470304976,0.8385254915624212,0.8229475870471175,0.33026549360142066,0.7695167286245354,0.6693994899750897,0.38461538461538464,0.10416666666666667,0.16393442622950818,0.12134638708944652,0.17843866171003717,20.0,0.20414624952883528,28.020833333333336,24.492245199409158,0.05631577914880678,0.46153846153846156,0.11320754716981132,0.18181818181818182,0.14985983964534572,0.1970260223048327,20.0,0.2559366754617414,30.452830188679247,23.443298969072163,0.05631577914880678,41.412368587218225
0.0963855421686747,0.7272727272727273,0.29880478087649404,0.17021276595744683,0.7142339731981167,0.7139959432048681,0.7141149482839229,0.7139366657854368,0.18470811644517912,0.7022900763358778,0.4625786683458628,0.18181818181818182,0.03278688524590164,0.05555555555555556,-0.025265109522388623,0.23282442748091603,42.0,0.20883561880418638,8.59016393442623,9.576910353953027,0.11872646886117924,0.09090909090909091,0.019230769230769232,0.03174603174603175,-0.05645691866787732,0.1984732824427481,42.0,0.13059997927532727,5.038461538461538,7.656969055805344,0.11872646886117924,41.622292323969305
0.16129032258064516,0.9375,0.28888888888888886,0.27522935779816515,0.8243055555555555,0.8087615838247684,0.816496580927726,0.790998755836889,0.3182043620196302,0.7237762237762237,0.6252494917665147,0.1875,0.046875,0.075,-0.02118847695617571,0.22377622377622378,1.0,0.20327733406774992,13.40625,14.758162850562256,0.0040060050112377295,0.1875,0.05263157894736842,0.0821917808219178,-0.007191123003916568,0.1993006993006993,1.0,0.15744973836408702,15.052631578947368,19.05369949274095,0.0040060050112377295,40.822383761405945
0.09574468085106383,0.8181818181818182,0.3281853281853282,0.17142857142857143,0.7449982449982451,0.7378091872791519,0.7413950024558769,0.7347044470069457,0.20333818043121446,0.6777777777777778,0.5276350695123667,0.18181818181818182,0.030303030303030304,0.05194805194805195,-0.03003168279368787,0.24444444444444444,4.0,0.20033326532000273,8.181818181818182,9.983364454252248,0.010823565863353661,0.09090909090909091,0.018518518518518517,0.030769230769230767,-0.05620501008809766,0.2,4.0,0.1306876147724954,5.0,7.651834504293521,0.010823565863353661,39.75648940913379
0.09090909090909091,0.875,0.2681992337164751,0.16470588235294117,0.8034003831417624,0.7970193740685543,0.8002035181740231,0.7907682756295016,0.22804228855203215,0.7360594795539034,0.5580060044287138,0.25,0.0425531914893617,0.07272727272727272,0.034707581423726236,0.17472118959107807,28.0,0.2026788082397666,11.446808510638297,9.86782988004362,0.09664934519444998,0.25,0.03773584905660377,0.06557377049180328,0.023317113880281518,0.1970260223048327,28.0,0.2622668199098223,10.150943396226415,7.625821675375021,0.09664934519444998,45.52908793697134
0.0673076923076923,0.875,0.35144927536231885,0.125,0.7617753623188406,0.7449464922711058,0.7533139345969719,0.7362372342874197,0.17980649583512376,0.6549295774647887,0.561663168748926,0.25,0.027777777777777776,0.049999999999999996,-0.00137802238927544,0.2535211267605634,54.0,0.2063331910435019,7.888888888888889,9.69305999623848,0.15471060871808523,0.125,0.017857142857142856,0.03125,-0.030887508399804843,0.19718309859154928,54.0,0.12014435950172687,5.071428571428572,8.323320413436694,0.15471060871808523,41.57752001704648
0.10714285714285714,0.9,0.2697841726618705,0.19148936170212766,0.8151079136690648,0.8062665489849956,0.8106751782337465,0.7965503750079028,0.2538381986352554,0.7361111111111112,0.5844445149397086,0.2,0.031746031746031744,0.0547945205479452,-0.008602205792791848,0.21875,51.0,0.2012616950598848,9.142857142857142,9.937310720775287,0.1550386957066474,0.1,0.017543859649122806,0.029850746268656716,-0.046610449649542134,0.19791666666666666,51.0,0.15758997958126353,5.052631578947369,6.345581125507638,0.1550386957066474,45.17360727209598
0.13043478260869565,0.6923076923076923,0.21897810218978103,0.21951219512195122,0.7366647950589557,0.7339939024390244,0.7353281360826383,0.7329550923050058,0.23033387849299258,0.7770034843205574,0.5496391537498646,0.3076923076923077,0.09523809523809523,0.14545454545454545,0.09943558801962418,0.14634146341463414,0.0,0.2039863325740319,27.333333333333336,19.609156895589056,0.002140793536148834,0.5384615384615384,0.12280701754385964,0.19999999999999998,0.18555426884376736,0.1986062717770035,0.0,0.38470007593014427,35.24561403508772,18.195993289252936,0.002140793536148834,43.154575678985566
0.08955223880597014,0.6666666666666666,0.21180555555555555,0.15789473684210525,0.7274305555555555,0.7223548130469372,0.7248882417055493,0.720739633607534,0.18654988563726965,0.7845117845117845,0.4537496222826567,0.0,0.0,0.0,-0.07761505257063328,0.16161616161616163,48.0,0.20824696476162274,0.0,0.0,0.19139001305125083,0.3333333333333333,0.05084745762711865,0.08823529411764705,0.059671989512930415,0.19865319865319866,48.0,0.37037311222978975,15.101694915254237,8.099940035978413,0.19139001305125083,40.66440206114203
0.10112359550561797,1.0,0.29850746268656714,0.18367346938775508,0.8507462686567164,0.8245614035087719,0.8375515132297433,0.7889233488995381,0.266340848525894,0.7111913357400722,0.6570611925484807,0.3333333333333333,0.05,0.08695652173913045,0.0519276710692348,0.21660649819494585,26.0,0.201293730383526,13.85,14.903593839132915,0.07248674916421419,0.2222222222222222,0.03636363636363636,0.0625,0.010871901973739957,0.19855595667870035,26.0,0.16983081987292353,10.072727272727274,11.776425512733828,0.07248674916421419,43.761252406053245
0.11627906976744186,0.8333333333333334,0.28679245283018867,0.20408163265306123,0.7732704402515724,0.7686051240341603,0.77093425312507,0.765449697529364,0.24047520457977214,0.7184115523465704,0.6047056145989227,0.25,0.05454545454545454,0.08955223880597014,0.02744256606696457,0.19855595667870035,0.0,0.20061834421161112,15.10909090909091,14.953767123287673,0.002224917505187662,0.25,0.05454545454545454,0.08955223880597014,0.02744256606696457,0.19855595667870035,0.0,0.20061834421161112,15.10909090909091,14.953767123287673,0.002224917505187662,40.83362226001918
0.04424778761061947,0.625,0.421875,0.08264462809917357,0.6015625,0.6006493506493507,0.6011057519272295,0.6008737570486,0.07037212396906187,0.5795454545454546,0.4623128695790344,0.25,0.024096385542168676,0.04395604395604395,-0.024518596050477563,0.3143939393939394,22.0,0.2019654946494868,6.36144578313253,9.902681660899654,0.05017777138054491,0.125,0.019230769230769232,0.03333333333333334,-0.03198961471989669,0.19696969696969696,22.0,0.06403144791439179,5.0769230769230775,15.617326057298772,0.05017777138054491,43.557240335736424
0.06060606060606061,0.8571428571428571,0.34572490706319703,0.11320754716981131,0.75570897503983,0.7420941672522839,0.7488706313624935,0.7354873588756462,0.16764742863507498,0.6594202898550725,0.5231468038329117,0.14285714285714285,0.014084507042253521,0.025641025641025637,-0.04221443769825587,0.2572463768115942,10.0,0.2069225984181996,3.887323943661972,4.832724930212583,0.023037817934541127,0.14285714285714285,0.01818181818181818,0.032258064516129024,-0.02278367916430554,0.19927536231884058,10.0,0.11548031636008176,5.0181818181818185,8.659484417083494,0.023037817934541127,42.63082845509052
0.10752688172043011,0.7692307692307693,0.30855018587360594,0.18867924528301885,0.7303402916785817,0.7282693813625686,0.7293041014589995,0.7275503210935466,0.20548273987254007,0.6950354609929078,0.4753902552363908,0.15384615384615385,0.03333333333333333,0.0547945205479452,-0.03164855038398588,0.2127659574468085,5.0,0.20292659330027815,9.4,9.855780691299165,0.012452301984083078,0.15384615384615385,0.03571428571428571,0.05797101449275363,-0.024651752499376282,0.19858156028368795,5.0,0.17285443624783328,10.071428571428571,11.570429104477611,0.012452301984083078,41.82518786005676
0.07207207207207207,0.8888888888888888,0.36140350877192984,0.13333333333333333,0.7637426900584795,0.7432363450740173,0.7534197538796433,0.7326442677208809,0.18744207254942227,0.6462585034013606,0.5432485043307432,0.0,0.0,0.0,-0.10399378828989701,0.25510204081632654,79.0,0.20255700229776705,0.0,0.0,0.255125888215417,0.0,0.0,0.0,-0.08809612785523852,0.19727891156462585,79.0,0.12207623873210394,0.0,0.0,0.255125888215417,46.24389620963484
0.09090909090909091,0.8888888888888888,0.299625468164794,0.16494845360824742,0.7946317103620473,0.783451165226499,0.789021634309904,0.7740341837961794,0.22457742982441498,0.7065217391304348,0.5116294223952181,0.2222222222222222,0.03333333333333333,0.057971014492753624,0.00215031388810051,0.21739130434782608,43.0,0.2042814926809154,9.200000000000001,9.790412111017663,0.13207767980486423,0.2222222222222222,0.03636363636363636,0.0625,0.01054679461266301,0.19927536231884058,43.0,0.16668957459968387,10.036363636363637,11.998350855493713,0.13207767980486423,41.73081716988236
