0.16535433070866143,0.6774193548387096,0.38405797101449274,0.2658227848101266,0.6466806919121084,0.6452195915416592,0.6459497286116066,0.6453460857875362,0.17947345380618043,0.6221498371335505,0.5728194130430426,0.4838709677419355,0.17045454545454544,0.25210084033613445,0.14617243819717188,0.28664495114006516,0.0,0.20371699988953937,52.32954545454545,73.63155754371697,0.0020705069782687617,0.3225806451612903,0.16393442622950818,0.21739130434782608,0.10405092516738082,0.1986970684039088,0.0,0.10554512316359219,50.32786885245901,94.7462061747776,0.0020705069782687617,43.503823436331004
0.1643835616438356,0.75,0.4250871080139373,0.2696629213483146,0.6624564459930312,0.650887573964497,0.6566465327629066,0.6512887660257755,0.1959220885730224,0.5924764890282131,0.5829283086730779,0.34375,0.10679611650485436,0.16296296296296295,0.01490109481032309,0.322884012539185,19.0,0.2019662738459535,34.067961165048544,54.4645390070922,0.03932374205560094,0.125,0.06349206349206349,0.08421052631578947,-0.060803072392400626,0.1974921630094044,19.0,0.07936714629858715,20.253968253968253,50.39868744872846,0.03932374205560094,42.454720409121364
0.18796992481203006,0.8064516129032258,0.37894736842105264,0.3048780487804878,0.7137521222410865,0.7017126546146527,0.7077067870485876,0.6991162299317195,0.2575682590812869,0.6392405063291139,0.6185788756774313,0.3870967741935484,0.12903225806451613,0.1935483870967742,0.06715319812893618,0.29430379746835444,4.0,0.20326376554174067,40.774193548387096,59.03659202621519,0.009867986543606808,0.25806451612903225,0.12698412698412698,0.1702127659574468,0.04845449062707545,0.19936708860759494,4.0,0.09572047069271758,40.12698412698413,83.57668889533198,0.009867986543606808,44.49915749905631
0.16793893129770993,0.8461538461538461,0.36577181208053694,0.2802547770700637,0.7401910170366547,0.7250217959895379,0.7325671440538662,0.7194134201659548,0.26592995522085516,0.6512345679012346,0.6237173217086793,0.34615384615384615,0.10344827586206896,0.1592920353982301,0.051742706669002256,0.26851851851851855,14.0,0.20395524174246052,33.51724137931034,44.12732873698108,0.03130097246600358,0.3076923076923077,0.125,0.17777777777777778,0.08172906099220015,0.19753086419753085,14.0,0.11731091431306845,40.5,68.19484825299669,0.03130097246600358,43.50154035212472
0.10126582278481013,0.8,0.47651006711409394,0.1797752808988764,0.6617449664429531,0.6328600405679513,0.647141365011328,0.6345811690258161,0.1570707671533651,0.5408805031446541,0.553255417856534,0.3,0.06060606060606061,0.10084033613445378,-0.006333878260907682,0.3113207547169811,16.0,0.20382350803227448,19.272727272727273,29.437232524964337,0.0341984846593821,0.15,0.047619047619047616,0.07228915662650602,-0.03127216376060943,0.19811320754716982,16.0,0.09257105473577087,15.142857142857142,32.4075382803298,0.0341984846593821,45.226926810108125
0.20987654320987653,0.5666666666666667,0.22377622377622378,0.3063063063063063,0.6714452214452215,0.6550946016316612,0.6632195261451067,0.6551423655293939,0.2302091513700182,0.7563291139240507,0.538332907823523,0.3,0.14285714285714285,0.19354838709677416,0.08157821445690881,0.19936708860759494,7.0,0.2071139263635533,45.14285714285714,43.45434494927217,0.014896556562661062,0.3,0.14285714285714285,0.19354838709677416,0.08157821445690881,0.19936708860759494,7.0,0.2071139263635533,45.14285714285714,43.45434494927217,0.014896556562661062,43.60476142214611
0.1476510067114094,0.7857142857142857,0.4150326797385621,0.24858757062146894,0.6853408029878617,0.6706403269754768,0.677950721074486,0.6697194430503737,0.20666254172433954,0.6017964071856288,0.618381369705199,0.39285714285714285,0.10891089108910891,0.17054263565891473,0.059578832245586015,0.3023952095808383,32.0,0.20330591711251297,36.37623762376238,54.105655930871954,0.06477291364727225,0.2857142857142857,0.12121212121212122,0.1702127659574468,0.06693420631098283,0.19760479041916168,32.0,0.0882110250472464,40.484848484848484,90.69161134580567,0.06477291364727225,44.874181404244155
0.15217391304347827,0.84,0.38870431893687707,0.2576687116564418,0.7256478405315614,0.7076275066385862,0.7165810296770514,0.7027702508494638,0.24305018814988907,0.6288343558282209,0.6490065860178021,0.4,0.11494252873563218,0.17857142857142858,0.08673969870461339,0.2668711656441718,13.0,0.20207682996750972,37.47126436781609,49.48612862547289,0.02766784399816932,0.32,0.12307692307692308,0.17777777777777778,0.0870008175478017,0.19938650306748465,13.0,0.11416194177231317,40.12307692307692,70.07589285714286,0.02766784399816932,44.52564541203901
0.1984126984126984,0.78125,0.33554817275747506,0.31645569620253167,0.7228509136212624,0.718132854578097,0.7204880221302937,0.7167649926819777,0.2708520994260912,0.6756756756756757,0.6493416103596035,0.40625,0.14285714285714285,0.21138211382113822,0.09729336722376329,0.2732732732732733,0.0,0.2048237203127305,47.57142857142857,63.46921137918617,0.001784237401585093,0.28125,0.13636363636363635,0.18367346938775508,0.06792934629911619,0.1981981981981982,0.0,0.10638245562275656,45.40909090909091,84.60041599260457,0.001784237401585093,47.48975745867938
0.21348314606741572,0.5757575757575758,0.23728813559322035,0.3114754098360656,0.6692347200821777,0.6561780506523408,0.6626742292049603,0.6562796966861024,0.22897785737274648,0.7439024390243902,0.5050658863127787,0.18181818181818182,0.10344827586206896,0.13186813186813187,0.0043735077760597,0.17682926829268292,0.0,0.2023893389691206,33.93103448275862,29.64583031182016,0.001964686122733013,0.30303030303030304,0.15384615384615385,0.20408163265306123,0.08798189889610612,0.19817073170731708,0.0,0.24894328989080663,50.46153846153846,40.16979129819597,0.001964686122733013,46.41290468489751
0.09655172413793103,0.6666666666666666,0.4309210526315789,0.16867469879518074,0.6178728070175438,0.614019520851819,0.6159431507146423,0.6147701564570709,0.11659228320429077,0.5753846153846154,0.44664470812333823,0.23809523809523808,0.05952380952380952,0.09523809523809523,-0.01222700801136496,0.25846153846153846,33.0,0.20332138294803642,19.345238095238095,24.591609241994327,0.07859853996088388,0.23809523809523808,0.07692307692307693,0.11627906976744187,0.025031308716087945,0.2,33.0,0.12927020233238554,25.0,38.67867389225375,0.07859853996088388,47.09637848334387
0.11450381679389313,0.6818181818181818,0.38283828382838286,0.19607843137254902,0.6494899489948995,0.6478808176463795,0.6486848843683046,0.6480022578295785,0.15312218977317218,0.6215384615384615,0.4874469961667629,0.18181818181818182,0.04878048780487805,0.07692307692307693,-0.043730839925472255,0.2523076923076923,4.0,0.20463213369391858,15.853658536585368,19.547272111148764,0.009789943085137594,0.18181818181818182,0.06153846153846154,0.09195402298850576,-0.012248061132283345,0.2,4.0,0.13310450038138824,20.0,30.051575931232094,0.009789943085137594,41.521970823872834
0.13953488372093023,0.6923076923076923,0.37755102040816324,0.23225806451612901,0.6573783359497646,0.6555223880597015,0.6564497061013146,0.6556024613732968,0.17531688478095933,0.628125,0.5213601162107265,0.2692307692307692,0.08536585365853659,0.12962962962962962,0.008842356318154974,0.25625,10.0,0.20167231471931635,27.31707317073171,34.709771689497714,0.0221418244437896,0.23076923076923078,0.09375,0.13333333333333333,0.022875450543583874,0.2,10.0,0.12162958597318403,30.0,49.33010296789824,0.0221418244437896,42.52098886715248
0.11801242236024845,0.9047619047619048,0.4565916398713826,0.20879120879120877,0.7240851324452611,0.6790019031507718,0.7011812768275484,0.6701923133210668,0.21828399186716613,0.5662650602409639,0.6697608556752116,0.42857142857142855,0.07964601769911504,0.13432835820895522,0.048375336024702724,0.34036144578313254,15.0,0.20293373798684877,26.442477876106192,44.3494516450648,0.02960978968986721,0.2857142857142857,0.09090909090909091,0.13793103448275862,0.05659394862247382,0.19879518072289157,15.0,0.0763277693474962,30.18181818181818,78.60834990059642,0.02960978968986721,42.47630674764514
0.14166666666666666,0.68,0.3515358361774744,0.23448275862068965,0.6642320819112629,0.6638577741239339,0.6640449016439456,0.6638620490654201,0.18237637967079634,0.6509433962264151,0.5108267494738171,0.24,0.07058823529411765,0.1090909090909091,-0.01801641993253565,0.2672955974842767,14.0,0.2024407753050969,22.447058823529414,29.638297872340427,0.030417538210885,0.16,0.06349206349206349,0.09090909090909091,-0.027931769472292478,0.19811320754716982,14.0,0.10955286637267972,20.19047619047619,36.51205242218582,0.030417538210885,40.44237005896866
0.13043478260869565,0.6818181818181818,0.3448275862068966,0.218978102189781,0.6684952978056425,0.6682297772567409,0.6683625243457649,0.6682276882930387,0.17883235153766003,0.657051282051282,0.5140055340742142,0.22727272727272727,0.06493506493506493,0.10101010101010101,-0.012471398751960062,0.2467948717948718,21.0,0.20364024906967318,20.25974025974026,24.553102949158678,0.05038112931613539,0.22727272727272727,0.08064516129032258,0.11904761904761903,0.019709694052420092,0.1987179487179487,21.0,0.13418812866143473,25.161290322580648,37.26112026359144,0.05038112931613539,45.07267541298643
0.1896551724137931,0.6875,0.32525951557093424,0.2972972972972973,0.6811202422145329,0.6810604857913954,0.6810903633476124,0.6810564293880195,0.22589934483420981,0.67601246105919,0.5548686260574469,0.28125,0.12,0.16822429906542058,0.03743576939388645,0.2336448598130841,25.0,0.20016680567139283,38.52,44.9625,0.05795125798555448,0.21875,0.109375,0.14583333333333334,0.01613513551228951,0.19937694704049844,25.0,0.14672721094739444,35.109375,47.70757894736842,0.05795125798555448,45.90464328415692
0.13013698630136986,0.76,0.4219269102990033,0.22222222222222224,0.6690365448504983,0.6566689840103288,0.6628239194331761,0.6567636982817354,0.18090525159112206,0.5920245398773006,0.5690710129473161,0.28,0.06930693069306931,0.11111111111111112,-0.01858236881496284,0.3098159509202454,16.0,0.2009541889394015,22.594059405940595,34.83380981976383,0.031956119507007996,0.16,0.06153846153846154,0.08888888888888889,-0.02841023645253748,0.19938650306748465,16.0,0.07803367137932757,20.06153846153846,51.259923175416134,0.031956119507007996,40.808564194943756
0.14563106796116504,0.5555555555555556,0.2857142857142857,0.23076923076923078,0.6349206349206349,0.6250000000000001,0.629940788348712,0.6263935779066724,0.15918531730729976,0.7014925373134329,0.4981664261577018,0.25925925925925924,0.09859154929577464,0.14285714285714285,0.03428115067041615,0.21194029850746268,8.0,0.2007096530262048,33.028169014084504,34.87624981886683,0.016457586424391435,0.2222222222222222,0.08955223880597014,0.1276595744680851,0.016448792373994225,0.2,8.0,0.17639531163656458,30.0,34.01450948062654,0.016457586424391435,43.53392048506066
0.15454545454545454,0.6538461538461539,0.3229166666666667,0.25,0.6654647435897435,0.6652618904274534,0.6653633092779713,0.6652630444526542,0.19116437351636925,0.6751592356687898,0.5311528883482659,0.2692307692307692,0.08641975308641975,0.1308411214953271,0.00773899274503971,0.25796178343949044,24.0,0.20431863545636,27.135802469135804,34.260213143872114,0.05741007851118839,0.19230769230769232,0.08064516129032258,0.11363636363636363,-0.003883025632385013,0.19745222929936307,24.0,0.12382507711849029,25.32258064516129,40.379542790152406,0.05741007851118839,46.57928681187332
0.1503267973856209,0.7931034482758621,0.43333333333333335,0.25274725274725274,0.6798850574712644,0.6610312764158919,0.6703918908790006,0.6604532720720779,0.20449498500509836,0.5866261398176292,0.6158727509394007,0.3448275862068966,0.09433962264150944,0.14814814814814817,0.015062212163014463,0.3221884498480243,17.0,0.2011384650947758,31.037735849056606,49.71699468467174,0.033987037802107004,0.2413793103448276,0.1076923076923077,0.14893617021276598,0.03421038909563672,0.19756838905775076,17.0,0.08116620434581599,35.43076923076923,86.24279102883588,0.033987037802107004,44.35175699274987
0.1310344827586207,0.7307692307692307,0.42424242424242425,0.2222222222222222,0.6532634032634033,0.6440677966101693,0.6486493048989729,0.6447065708265344,0.1676638200958054,0.5882352941176471,0.5197709287620593,0.23076923076923078,0.058823529411764705,0.09375,-0.05411742082164988,0.3157894736842105,12.0,0.20019779948077637,19.0,29.97035939236754,0.02341225537719496,0.15384615384615385,0.0625,0.08888888888888889,-0.03288048176541945,0.19814241486068113,12.0,0.07548522685127952,20.1875,52.99050114641336,0.02341225537719496,43.365564685780555
0.09420289855072464,0.52,0.4084967320261438,0.15950920245398773,0.5557516339869281,0.5534517229213218,0.5546004862478983,0.5543153693046847,0.059758558917400985,0.5861027190332326,0.4212056685698139,0.16,0.04081632653061224,0.06504065040650406,-0.08519550363055058,0.29607250755287007,84.0,0.2008882914998685,13.510204081632654,19.91156363636364,0.20421038023844498,0.0,0.0,0.0,-0.14264558088566193,0.19939577039274925,84.0,0.09178038161470356,0.0,0.0,0.20421038023844498,43.794009359087795
0.13445378151260504,0.5925925925925926,0.3377049180327869,0.2191780821917808,0.6274438372799028,0.6255080317398878,0.6264751868065283,0.6258172857587109,0.14528385479929398,0.6566265060240963,0.43153936879337784,0.14814814814814814,0.04878048780487805,0.07339449541284404,-0.06819067502880284,0.2469879518072289,21.0,0.20259786582647207,16.195121951219512,19.743544600938968,0.04386284549069267,0.14814814814814814,0.06060606060606061,0.08602150537634408,-0.03775819847698544,0.19879518072289157,21.0,0.1265939422762536,20.12121212121212,31.59708851843156,0.04386284549069267,44.16694629192352
0.1390728476821192,0.7777777777777778,0.4234527687296417,0.2359550561797753,0.6771625045240681,0.6622127204703367,0.6696458947245102,0.6618469552154069,0.19406126507343666,0.592814371257485,0.6112846446884009,0.4074074074074074,0.11956521739130435,0.18487394957983194,0.08759802102856822,0.2754491017964072,11.0,0.20043783400940055,39.93478260869565,54.879858657243815,0.023839417938316912,0.2962962962962963,0.12121212121212122,0.17204301075268816,0.07350207033490472,0.19760479041916168,11.0,0.11023115060202177,40.484848484848484,72.57476635514018,0.023839417938316912,44.79902974423021
0.20161290322580644,0.78125,0.33559322033898303,0.3205128205128205,0.7228283898305085,0.7181065435626878,0.7204635983935409,0.716738308239987,0.27291515536700495,0.6758409785932722,0.6004653467098394,0.34375,0.12941176470588237,0.18803418803418806,0.06293561064349316,0.2599388379204893,11.0,0.2017924766473113,42.31764705882353,54.51144751657701,0.02327162309582651,0.28125,0.13846153846153847,0.18556701030927836,0.06806400099711025,0.19877675840978593,11.0,0.11373390557939914,45.276923076923076,79.13207547169812,0.02327162309582651,40.10722011094913
0.1564625850340136,0.71875,0.4261168384879725,0.2569832402234637,0.6463165807560137,0.6381988867658054,0.6422449083774583,0.6389756777286433,0.17556179868556276,0.5882352941176471,0.510497305143593,0.28125,0.1,0.1475409836065574,0.0019321599033081305,0.2786377708978328,2.0,0.20264758975730426,32.3,44.41207522269878,0.006014558555992607,0.21875,0.109375,0.14583333333333334,0.017144240514950043,0.19814241486068113,2.0,0.1146954603195828,35.328125,61.03118624307782,0.006014558555992607,45.8543308051303
0.17391304347826086,0.7741935483870968,0.3986013986013986,0.28402366863905326,0.6877960748928491,0.6769432600852738,0.6823480909417278,0.6760620209384198,0.22501647208808903,0.6182965299684543,0.5396674861121958,0.2903225806451613,0.10344827586206896,0.15254237288135594,0.011712165229040897,0.2744479495268139,10.0,0.20104198590254369,32.79310344827586,44.766768292682926,0.022236594886060116,0.25806451612903225,0.12698412698412698,0.1702127659574468,0.04894603971354189,0.19873817034700317,10.0,0.11094085197670855,40.25396825396825,72.11049723756906,0.022236594886060116,43.0456361011602
0.15454545454545454,0.6071428571428571,0.30097087378640774,0.24637681159420288,0.6530859916782248,0.6498539952216617,0.6514679891716824,0.6500570035265519,0.18022474999028365,0.6913946587537092,0.48388771163071953,0.14285714285714285,0.05405405405405406,0.0784313725490196,-0.05579388162848441,0.2195845697329377,13.0,0.20557871749056977,18.216216216216218,19.457267020762917,0.02790208048963879,0.14285714285714285,0.05970149253731343,0.08421052631578947,-0.04220426912215137,0.19881305637982197,13.0,0.16805638276752036,20.119402985074625,23.80153573538098,0.02790208048963879,43.51060176175088
0.13934426229508196,0.7727272727272727,0.3633217993079585,0.23611111111111108,0.7047027367096571,0.6981363687088494,0.7014118687516404,0.6969689599939011,0.21498249008475678,0.6463022508038585,0.5237468643249306,0.18181818181818182,0.04878048780487805,0.07692307692307693,-0.05125108899966473,0.26366559485530544,21.0,0.20492117188995979,15.170731707317074,19.519700981155584,0.049603514627279945,0.13636363636363635,0.04838709677419355,0.07142857142857142,-0.0435032286681059,0.19935691318327975,21.0,0.1231888683219506,15.048387096774194,24.35284974093264,0.049603514627279945,45.79391262913123
0.18666666666666668,0.56,0.2103448275862069,0.28,0.6748275862068966,0.6552887072049055,0.6649863882454469,0.6551486215104607,0.22190787153293112,0.7714285714285715,0.5018860396280553,0.28,0.13725490196078433,0.1842105263157895,0.09412974751644008,0.1619047619047619,26.0,0.20652803708234083,43.23529411764706,33.89370324189526,0.07023433979269941,0.44,0.1746031746031746,0.25,0.17616606585441105,0.2,26.0,0.3329363291057748,55.0,33.039350285217054,0.07023433979269941,47.26804889598861
0.17647058823529413,0.5357142857142857,0.23648648648648649,0.2654867256637168,0.6496138996138996,0.6296433878157504,0.639550698948173,0.6315660963072759,0.1911253951382334,0.7438271604938271,0.49563607105555607,0.21428571428571427,0.11320754716981132,0.14814814814814814,0.04216094923324685,0.16358024691358025,2.0,0.2075897734722121,36.679245283018865,28.903157894736843,0.006086399969785504,0.35714285714285715,0.15625,0.21739130434782608,0.12330112232119692,0.19753086419753085,2.0,0.30588535217422974,50.625,32.69198714132635,0.006086399969785504,42.473817633930594
0.12121212121212122,0.6896551724137931,0.4865771812080537,0.20618556701030927,0.6015389956028697,0.5886313359622969,0.5950501681498254,0.5919122243426743,0.1154703575079037,0.5290519877675841,0.5144470252900024,0.2413793103448276,0.0660377358490566,0.10370370370370369,-0.05517133035338554,0.3241590214067278,36.0,0.20069594945209243,21.59433962264151,34.878631178707224,0.07440099723257505,0.13793103448275862,0.06153846153846154,0.08510638297872342,-0.04756213685190221,0.19877675840978593,36.0,0.08250663899148378,20.123076923076923,48.48094709581946,0.07440099723257505,43.203557767905295
0.15217391304347827,0.5,0.2635135135135135,0.23333333333333334,0.6182432432432433,0.5956284153005466,0.6068304897112894,0.6003505462256725,0.14736464222145493,0.7160493827160493,0.3956885585996067,0.17857142857142858,0.07246376811594203,0.10309278350515463,-0.025836583680429952,0.21296296296296297,8.0,0.20062517055744375,23.47826086956522,24.922097193025845,0.016481362033844107,0.17857142857142858,0.078125,0.10869565217391304,-0.014646265911081402,0.19753086419753085,8.0,0.1686223920216329,25.3125,29.652052376048253,0.016481362033844107,42.526525939349085
0.12337662337662338,0.76,0.45302013422818793,0.2122905027932961,0.6534899328859061,0.6361302249152717,0.6447516560557074,0.6374898332348972,0.1642420342792337,0.5634674922600619,0.581634054107463,0.36,0.08411214953271028,0.13636363636363635,0.017680359202535578,0.33126934984520123,16.0,0.20034465341533708,27.16822429906542,44.92258638588165,0.03233236849142197,0.16,0.0625,0.0898876404494382,-0.02771613774814638,0.19814241486068113,16.0,0.07915143952223906,20.1875,50.53603603603604,0.03233236849142197,46.42885370971635
0.26373626373626374,0.75,0.22333333333333333,0.39024390243902446,0.7633333333333333,0.7631004366812227,0.7632168761236874,0.7629580440325197,0.34845141408007596,0.7740963855421686,0.6305543381953638,0.34375,0.18333333333333332,0.23913043478260868,0.13837326673787975,0.18072289156626506,3.0,0.2043860549454309,60.86666666666667,53.81971878138601,0.007461025462828426,0.46875,0.22727272727272727,0.30612244897959184,0.22091781766065252,0.19879518072289157,3.0,0.2516678641075644,75.45454545454545,59.602365415986945,0.007461025462828426,42.26518864789978
0.12222222222222222,0.4230769230769231,0.26158940397350994,0.18965517241379312,0.5807437595517067,0.537938596491228,0.5589315547849166,0.5520774324966387,0.09777309767277864,0.7134146341463414,0.3767457616301263,0.15384615384615385,0.06060606060606061,0.08695652173913043,-0.034671178684044214,0.20121951219512196,9.0,0.20677308667760705,19.87878787878788,19.344877344877343,0.019346543047707068,0.15384615384615385,0.06153846153846154,0.08791208791208792,-0.03262624565358721,0.19817073170731708,9.0,0.19916455318514098,20.184615384615384,20.08389513108614,0.019346543047707068,43.820145579986274
0.20512820512820512,0.7058823529411765,0.32978723404255317,0.31788079470198677,0.6880475594493117,0.6875852660300136,0.6878163739002268,0.6875381542901147,0.24134718662373617,0.6740506329113924,0.5458804419513983,0.2647058823529412,0.12857142857142856,0.17307692307692307,0.03611082364783692,0.22151898734177214,4.0,0.20102956317105455,40.62857142857143,44.76953467954346,0.009852854384766189,0.2647058823529412,0.14285714285714285,0.18556701030927833,0.05678616815485721,0.19936708860759494,4.0,0.16220032357699662,45.14285714285714,55.48694232861806,0.009852854384766189,42.045270706992596
0.12686567164179105,0.7727272727272727,0.38613861386138615,0.21794871794871795,0.6932943294329432,0.6841934436871147,0.6887288542986089,0.683175189042291,0.1972934562936135,0.6246153846153846,0.5634027772006949,0.2727272727272727,0.06976744186046512,0.11111111111111109,0.0049550399781926316,0.26461538461538464,6.0,0.20439910526672542,22.674418604651162,29.354335931023048,0.013819457841690608,0.22727272727272727,0.07692307692307693,0.11494252873563221,0.01837209169842502,0.2,6.0,0.11929776994509592,25.0,41.91193181818182,0.013819457841690608,42.65538408327848
0.22826086956521738,0.65625,0.24232081911262798,0.33870967741935476,0.7069645904436859,0.703326544467074,0.7051432212375992,0.7026084719806103,0.2737555730604778,0.7476923076923077,0.5691836169268363,0.40625,0.19402985074626866,0.2626262626262626,0.16346170575046773,0.20615384615384616,18.0,0.20214483079364212,63.059701492537314,64.31032616050886,0.03887430054146876,0.375,0.18461538461538463,0.24742268041237114,0.14458366733510483,0.2,18.0,0.18813777254944875,60.0,63.783044932383305,0.03887430054146876,44.26884628692642
0.13013698630136986,0.8260869565217391,0.43050847457627117,0.22485207100591717,0.6977892409727341,0.6742000211215545,0.6858932285729396,0.6716836180040209,0.20562074775159944,0.5880503144654088,0.6004950479567934,0.34782608695652173,0.08888888888888889,0.1415929203539823,0.04017119373071404,0.2830188679245283,7.0,0.20296242295712108,28.266666666666666,39.416163265306125,0.016455612839708714,0.2608695652173913,0.09523809523809523,0.13953488372093023,0.043964019780575916,0.19811320754716982,7.0,0.1087878587050169,30.285714285714285,55.15321352421566,0.016455612839708714,46.05605084169656
0.1588785046728972,0.6538461538461539,0.3157894736842105,0.2556390977443609,0.6690283400809717,0.6686838124054464,0.6688560540599386,0.6686803077865344,0.19696617612562625,0.6816720257234726,0.55997926269025,0.34615384615384615,0.11842105263157894,0.17647058823529413,0.0715401759505588,0.24437299035369775,5.0,0.20519456511692394,36.828947368421055,43.86081081081081,0.01208029183702563,0.2692307692307692,0.11290322580645161,0.1590909090909091,0.05282552543844012,0.19935691318327975,5.0,0.12903225806451613,35.11290322580645,54.25,0.01208029183702563,44.85557861113921
0.13529411764705881,0.7666666666666667,0.47419354838709676,0.23,0.6462365591397851,0.6237936772046591,0.6349159626044163,0.6262996081241081,0.16591227115686802,0.5470588235294118,0.5575819059062688,0.3,0.07964601769911504,0.12587412587412586,-0.02136585689638312,0.3323529411764706,9.0,0.20003764149167855,27.079646017699115,44.99153225806452,0.01802639965458396,0.13333333333333333,0.058823529411764705,0.0816326530612245,-0.05184758473652126,0.2,9.0,0.07848251014975936,20.0,50.966769441589584,0.01802639965458396,50.418442422989756
0.15503875968992248,0.6666666666666666,0.3771626297577855,0.25157232704402516,0.6447520184544405,0.6440071556350626,0.6443794794178425,0.6440767214715231,0.17218389074889334,0.6269592476489029,0.5377975059043214,0.36666666666666664,0.11956521739130435,0.18032786885245902,0.05566284843158727,0.2884012539184953,19.0,0.2045491691637156,38.141304347826086,53.776801171927026,0.042135213812573166,0.3,0.14285714285714285,0.19354838709677416,0.08296008746505508,0.1974921630094044,19.0,0.09863797330427676,45.57142857142857,91.24275062137531,0.042135213812573166,42.08705003373325
0.17073170731707318,0.5384615384615384,0.23859649122807017,0.25925925925925924,0.6499325236167341,0.6308139534883721,0.6403018856159545,0.6326132575162541,0.1883693691185199,0.7427652733118971,0.4859622387361163,0.2692307692307692,0.1320754716981132,0.1772151898734177,0.07937612389077525,0.17041800643086816,8.0,0.20002753777838972,41.07547169811321,34.99518155222854,0.019581153489799122,0.4230769230769231,0.1774193548387097,0.25,0.16913517790820917,0.19935691318327975,8.0,0.28150493958899864,55.177419354838705,39.07569087796528,0.019581153489799122,46.07940926216543
0.21014492753623187,0.90625,0.367003367003367,0.3411764705882353,0.7696233164983166,0.7453687880237884,0.7573989692712808,0.7321562639412599,0.32380565500334607,0.6595744680851063,0.6925454041456633,0.40625,0.14444444444444443,0.21311475409836064,0.09770639440637799,0.2735562310030395,12.0,0.2011259949524364,47.522222222222226,64.6361003861004,0.02501471763482445,0.3125,0.15384615384615385,0.2061855670103093,0.09474875558897869,0.19756838905775076,12.0,0.10515757458098751,50.61538461538461,95.09538461538462,0.02501471763482445,44.25050694402307
0.14285714285714285,0.64,0.3157894736842105,0.23357664233576642,0.6621052631578949,0.6613672496025438,0.6617361534948089,0.6613829658081636,0.1812988415546724,0.6808510638297872,0.471183373295497,0.28,0.10294117647058823,0.15053763440860216,0.05192013415765676,0.2066869300911854,21.0,0.20464445579355303,33.86764705882353,34.20566647093365,0.05033313935549745,0.28,0.1076923076923077,0.15555555555555556,0.05936961819167484,0.19756838905775076,21.0,0.1877309460149608,35.43076923076923,37.287405984957594,0.05033313935549745,43.7892622272484
0.15789473684210525,0.65625,0.38620689655172413,0.2545454545454545,0.635021551724138,0.6343118954692006,0.6346666244083826,0.6344047118437424,0.16407800088495544,0.6180124223602484,0.5382493723515229,0.34375,0.11827956989247312,0.17600000000000002,0.04026087670042726,0.2888198757763975,4.0,0.20197932053175777,38.086021505376344,54.461020915606255,0.009108140591025441,0.28125,0.140625,0.1875,0.06866652942371634,0.19875776397515527,4.0,0.09926144756277695,45.28125,90.66964285714286,0.009108140591025441,39.96306711900979
0.16541353383458646,0.7333333333333333,0.375,0.26993865030674846,0.6791666666666667,0.6748466257668712,0.67700320038633,0.6746262832440894,0.2107604986550314,0.6349693251533742,0.5439895551618017,0.26666666666666666,0.08888888888888889,0.13333333333333333,-0.006698909154364963,0.27607361963190186,9.0,0.20003196249733646,28.977777777777778,39.99360852197071,0.018733438654882157,0.16666666666666666,0.07692307692307693,0.10526315789473684,-0.02607153270630348,0.19938650306748465,9.0,0.1018538248455146,25.07692307692308,49.08995815899581,0.018733438654882157,41.666406229138374
0.2125,0.6296296296296297,0.2226148409893993,0.3177570093457944,0.7035073943201151,0.6957492326295228,0.6996175596334152,0.6944418396793985,0.26228676563596964,0.7645161290322581,0.5241318747556156,0.2222222222222222,0.1111111111111111,0.14814814814814814,0.03911416745071709,0.17419354838709677,30.0,0.2034905425584868,34.44444444444444,29.48539978596545,0.08386324041811846,0.37037037037037035,0.16129032258064516,0.2247191011235955,0.13155965941879455,0.2,30.0,0.26872822299651566,50.0,37.21231766612642,0.08386324041811846,42.42825157707557
0.19166666666666668,0.6388888888888888,0.3464285714285714,0.2948717948717949,0.6462301587301588,0.6461467608228432,0.6461884584310709,0.6461539955927564,0.19146022036181712,0.6518987341772152,0.4861615142845731,0.25,0.1125,0.15517241379310345,-0.0026095837523970786,0.25316455696202533,9.0,0.2011557816733949,35.55,44.741443298969074,0.019707649047255377,0.19444444444444445,0.1111111111111111,0.14141414141414138,-0.004418015402708579,0.19936708860759494,9.0,0.1225183874357131,35.11111111111111,57.13428120063191,0.019707649047255377,40.4179353476502
0.16312056737588654,0.8214285714285714,0.41843971631205673,0.27218934911242604,0.7014944275582573,0.6809893482578082,0.6911658505954862,0.6783017319837148,0.23197634254373553,0.603225806451613,0.6186505343421513,0.42857142857142855,0.13793103448275862,0.20869565217391303,0.10374075301972939,0.2806451612903226,5.0,0.20419418294225095,42.758620689655174,58.7675898847411,0.012364647119346227,0.39285714285714285,0.1774193548387097,0.24444444444444446,0.151925333604641,0.2,5.0,0.1129689475902768,55.0,97.37189054726369,0.012364647119346227,44.688374247867614
0.1728395061728395,0.4666666666666667,0.21405750798722045,0.25225225225225223,0.6263045793397232,0.5856146913790171,0.6056180008382323,0.5936349786398051,0.1680307374671378,0.7580174927113703,0.44871167354400776,0.3,0.16071428571428573,0.20930232558139533,0.11453186677843616,0.16326530612244897,8.0,0.20372614359285066,55.12500000000001,44.17695167286245,0.018405810413488977,0.3333333333333333,0.14705882352941177,0.20408163265306123,0.10489654907566966,0.19825072886297376,8.0,0.30990608906392003,50.44117647058823,32.267839687194524,0.018405810413488977,46.34346140502021
0.19863013698630136,0.7837837837837838,0.4105263157894737,0.3169398907103825,0.6866287339971551,0.6728817070644293,0.6797204680245356,0.6719136484776178,0.23911071379943208,0.6118012422360248,0.620192476870387,0.40540540540540543,0.13513513513513514,0.20270270270270271,0.046005768338494506,0.3447204968944099,12.0,0.20208887111571122,43.513513513513516,74.22477010825283,0.0239618288054345,0.21621621621621623,0.125,0.15841584158415842,0.015763048178768363,0.19875776397515527,12.0,0.06810002117099104,40.25,117.47426597582039,0.0239618288054345,39.39914686139673
0.17647058823529413,0.6206896551724138,0.29473684210526313,0.2748091603053435,0.6629764065335753,0.6602792225568026,0.6616264401302988,0.6603338817401674,0.20151535598528847,0.697452229299363,0.5059103342771294,0.2413793103448276,0.0958904109589041,0.13725490196078433,0.0067172828918931424,0.23248407643312102,17.0,0.20345071071132534,30.10958904109589,34.40636788893919,0.04077367817235994,0.2413793103448276,0.11290322580645161,0.15384615384615385,0.03519998247322909,0.19745222929936307,17.0,0.14475178829091578,35.45161290322581,48.35864262990456,0.04077367817235994,43.924745440948755
0.2047244094488189,0.7878787878787878,0.33666666666666667,0.325,0.7256060606060606,0.7202617108651771,0.7229289471492081,0.718628490180494,0.2775638382976071,0.6756756756756757,0.6354765074130436,0.3939393939393939,0.1566265060240964,0.22413793103448273,0.11093548246858033,0.24924924924924924,2.0,0.20079161317928967,52.1566265060241,64.7437400106553,0.005587623888329922,0.30303030303030304,0.15151515151515152,0.20202020202020202,0.08721823290133661,0.1981981981981982,2.0,0.12839644843816858,50.45454545454545,77.88377421370548,0.005587623888329922,46.33276606909931
0.14285714285714285,0.5357142857142857,0.29900332225913623,0.22556390977443605,0.6183554817275747,0.607310755060923,0.6128082363219625,0.6095104283007056,0.14169743144738017,0.6869300911854104,0.43616501387983886,0.17857142857142858,0.07042253521126761,0.10101010101010102,-0.027605322758679014,0.21580547112462006,11.0,0.20378651489633545,23.16901408450704,24.535480193787404,0.024305959469738223,0.17857142857142858,0.07692307692307693,0.10752688172043012,-0.014551814284294631,0.19756838905775076,11.0,0.16989952958940704,25.307692307692307,29.429157408989916,0.024305959469738223,44.809753025881946
0.18421052631578946,0.7,0.3110367892976589,0.29166666666666663,0.6944816053511705,0.6944377558391525,0.6944596802490687,0.6944317716968956,0.23530604932265622,0.6899696048632219,0.6049189871582171,0.4,0.15384615384615385,0.2222222222222222,0.12134046664660342,0.23708206686930092,22.0,0.2,50.61538461538461,60.0,0.050115841605203305,0.3333333333333333,0.15384615384615385,0.21052631578947367,0.108006510517819,0.19756838905775076,22.0,0.13911620294599017,50.61538461538461,71.88235294117648,0.050115841605203305,43.69223904982209
0.23076923076923078,0.5806451612903226,0.19933554817275748,0.3302752293577982,0.6906548065587825,0.673132128171309,0.681837179809562,0.6716761191182149,0.2616843131779028,0.7801204819277109,0.5224197385880893,0.2903225806451613,0.15,0.19780219780219782,0.0914081517540399,0.18072289156626506,12.0,0.2031663035584604,49.8,44.29868458678868,0.0248942173924456,0.3548387096774194,0.16666666666666666,0.22680412371134023,0.12547830981401473,0.19879518072289157,12.0,0.2573420479302832,55.333333333333336,42.74466644090756,0.0248942173924456,46.33006929513067
0.24545454545454545,0.8181818181818182,0.28620689655172415,0.3776223776223776,0.7659874608150471,0.7624309392265193,0.764207131074392,0.7602373685564838,0.3399859607718082,0.7244582043343654,0.7037604471287213,0.5151515151515151,0.21518987341772153,0.3035714285714286,0.21233951856162595,0.24458204334365324,1.0,0.20073247717032502,69.50632911392405,84.68983315328292,0.0037826725793778646,0.45454545454545453,0.234375,0.30927835051546393,0.21699203551197377,0.19814241486068113,1.0,0.12774980121918897,75.703125,117.41701244813278,0.0037826725793778646,44.204955677036196
0.20952380952380953,0.6666666666666666,0.3062730627306273,0.31884057971014496,0.6801968019680196,0.6799276672694394,0.6800622213049689,0.6799107155296276,0.23577486366397746,0.6907894736842105,0.48635790037857507,0.30303030303030304,0.14492753623188406,0.196078431372549,0.06336135352450238,0.22697368421052633,4.0,0.20039118065433856,44.05797101449275,49.90239574090506,0.010135135135135134,0.2727272727272727,0.15,0.19354838709677416,0.06607081162136112,0.19736842105263158,4.0,0.1506638217164533,45.6,59.73564122738002,0.010135135135135134,45.82430509664118
0.19327731092436976,0.7931034482758621,0.3368421052631579,0.3108108108108108,0.7281306715063521,0.722333000997009,0.7252260427391937,0.720474699719815,0.27229791571365336,0.6751592356687898,0.5978749858974839,0.3448275862068966,0.136986301369863,0.19607843137254902,0.08483679504205784,0.23248407643312102,13.0,0.20202946390366158,43.013698630136986,49.49773071104388,0.03085097394721852,0.27586206896551724,0.12903225806451613,0.17582417582417584,0.06283196871471393,0.19745222929936307,13.0,0.14912280701754385,40.516129032258064,53.64705882352941,0.03085097394721852,43.450631701853126
0.18699186991869918,0.696969696969697,0.33112582781456956,0.2948717948717949,0.6829219345775637,0.6826329709080223,0.6827774374559666,0.6826109025182803,0.22617038468974437,0.6716417910447762,0.5169855501339602,0.21212121212121213,0.08139534883720931,0.11764705882352941,-0.033747187052250896,0.25671641791044775,28.0,0.20345533657537754,27.26744186046512,34.40558560825261,0.05972842467977492,0.12121212121212122,0.05970149253731343,0.08,-0.06511078257574492,0.2,28.0,0.1212439211671359,20.0,32.991344732953344,0.05972842467977492,47.832068507093936
0.14285714285714285,0.64,0.30670926517571884,0.23357664233576642,0.6666453674121406,0.6655803699798715,0.6661126558530021,0.6655821675324196,0.18531141960324943,0.6893491124260355,0.6004542877185434,0.48,0.15384615384615385,0.2330097087378641,0.16717919065821973,0.23076923076923078,2.0,0.20135240712303673,52.0,59.597002943537596,0.005690597536055077,0.48,0.1791044776119403,0.2608695652173913,0.19975385780562804,0.19822485207100593,2.0,0.14717530105875698,60.537313432835816,81.53542009884679,0.005690597536055077,42.22511877305806
0.17391304347826086,0.7407407407407407,0.3310104529616725,0.28169014084507044,0.7048651438895341,0.7030391797876235,0.7039515697979395,0.7026926813198577,0.23842151363640193,0.6751592356687898,0.6368110315282145,0.48148148148148145,0.19696969696969696,0.27956989247311825,0.20422419713056256,0.21019108280254778,5.0,0.20260121526592476,61.848484848484844,64.16545914069081,0.012302143131416664,0.4444444444444444,0.1935483870967742,0.2696629213483146,0.19030830086727507,0.19745222929936307,5.0,0.17751075305523314,60.774193548387096,67.60153846153847,0.012302143131416664,42.300398353952914
0.19047619047619047,0.8,0.37898089171974525,0.3076923076923077,0.7105095541401274,0.6992380098610489,0.7048512514170658,0.6969929734406368,0.25613345112243135,0.6389684813753582,0.5947007871002308,0.3142857142857143,0.11224489795918367,0.16541353383458646,0.02487565719076549,0.2808022922636103,4.0,0.20332504254483572,39.173469387755105,54.10056657223796,0.008878207929374635,0.22857142857142856,0.11594202898550725,0.15384615384615385,0.025872532606818432,0.1977077363896848,4.0,0.10315486320198979,40.46376811594203,77.55329949238579,0.008878207929374635,46.324156204238534
0.18947368421052632,0.8181818181818182,0.27402135231316727,0.3076923076923077,0.7720802329343256,0.7693274670018856,0.770702620941171,0.7674644621104052,0.3043673174409857,0.7326732673267327,0.6981644775370199,0.5454545454545454,0.1791044776119403,0.2696629213483146,0.21867432086671088,0.22112211221122113,4.0,0.20105223600150318,54.26865671641791,59.68598130841122,0.0106251887871989,0.45454545454545453,0.16666666666666666,0.2439024390243902,0.18011622993298704,0.19801980198019803,4.0,0.16169587646476033,50.5,61.84449609127404,0.0106251887871989,48.895862631034106
0.211864406779661,0.7575757575757576,0.3141891891891892,0.3311258278145695,0.721693284193284,0.7199092134193914,0.7208006968321025,0.7193896296300438,0.27771742317181425,0.6930091185410334,0.590872535005762,0.24242424242424243,0.10666666666666667,0.14814814814814817,0.011509311301614663,0.22796352583586627,15.0,0.2006256996067851,35.093333333333334,39.87525035765379,0.03378770897474406,0.21212121212121213,0.1076923076923077,0.14285714285714288,0.012203815119812247,0.19756838905775076,15.0,0.14953646565827616,35.43076923076923,46.811324376199615,0.03378770897474406,46.35462978715077
0.17777777777777778,0.5925925925925926,0.25,0.2735042735042735,0.6712962962962963,0.6620689655172414,0.6666666666666666,0.6620053287325189,0.21149811009351635,0.7368421052631579,0.5291040636473326,0.37037037037037035,0.14925373134328357,0.21276595744680848,0.1213693305081178,0.20743034055727555,16.0,0.2025427794658564,48.208955223880594,49.372285827082514,0.033085873166844824,0.3333333333333333,0.140625,0.19780219780219782,0.1024344873903752,0.19814241486068113,16.0,0.1803667572898342,45.421875,49.898330131520616,0.033085873166844824,43.172908182721585
0.16666666666666666,0.5483870967741935,0.29310344827586204,0.2556390977443609,0.6276418242491656,0.617634027470093,0.6226178183441978,0.619300744844935,0.16194990616234686,0.6915887850467289,0.5330845478326769,0.3225806451612903,0.15151515151515152,0.20618556701030927,0.09463048729163763,0.205607476635514,6.0,0.20501786065873484,48.63636363636364,48.77623816710111,0.015178734078988562,0.3225806451612903,0.15625,0.21052631578947367,0.10082171385006991,0.19937694704049844,6.0,0.19357016285545522,50.15625,51.66085440278989,0.015178734078988562,46.426761109847575
0.13138686131386862,0.6666666666666666,0.4131944444444444,0.21951219512195125,0.626736111111111,0.6241920590951062,0.6254627916220946,0.6246063665757875,0.14313248573288365,0.5936507936507937,0.48436334057511166,0.2222222222222222,0.06,0.09448818897637795,-0.06264518021884176,0.31746031746031744,40.0,0.20355812991311542,18.900000000000002,29.475609756097562,0.08684188059446644,0.1111111111111111,0.047619047619047616,0.06666666666666667,-0.06804138174397717,0.2,40.0,0.08456764584195284,15.0,35.474559686888455,0.08684188059446644,44.42079296102747
0.16666666666666666,0.4642857142857143,0.22887323943661972,0.24528301886792456,0.6177062374245472,0.579600977198697,0.5983503479007913,0.5880699357605835,0.1553861937731012,0.7435897435897436,0.39009752682748644,0.14285714285714285,0.07407407407407407,0.0975609756097561,-0.025081817775302922,0.17307692307692307,25.0,0.20423048869438365,23.11111111111111,19.585714285714285,0.0683737305728553,0.21428571428571427,0.0967741935483871,0.13333333333333333,0.012249965725841291,0.1987179487179487,25.0,0.2770296807495932,30.193548387096776,21.65832911392405,0.0683737305728553,43.45110272197053
0.19148936170212766,0.5625,0.2638888888888889,0.2857142857142857,0.6493055555555556,0.6377005347593583,0.6434768838116876,0.6387219936952899,0.1966794794384204,0.71875,0.522177685938449,0.375,0.16666666666666666,0.23076923076923078,0.11973686801784993,0.225,2.0,0.20309606481481482,53.33333333333333,59.08533979199316,0.005251736111111111,0.3125,0.15625,0.20833333333333334,0.09375,0.2,2.0,0.15020254629629629,50.0,66.5767674821807,0.005251736111111111,44.42221990134567
0.15436241610738255,0.696969696969697,0.42424242424242425,0.25274725274725274,0.6363636363636364,0.6305916305916306,0.6334710594050567,0.6313477254364716,0.16441117855396917,0.5878787878787879,0.5444539330911888,0.3333333333333333,0.10784313725490197,0.16296296296296295,0.01748643278588075,0.3090909090909091,5.0,0.2005525004518111,35.588235294117645,54.84848094747683,0.010911062448511135,0.21212121212121213,0.10606060606060606,0.14141414141414144,0.010101010101010102,0.2,5.0,0.0879611700617045,35.0,79.58056941590841,0.010911062448511135,43.79956451104954
0.1746031746031746,0.8148148148148148,0.3586206896551724,0.2875816993464052,0.7280970625798212,0.7177688124890369,0.72291449285837,0.7146034759664873,0.26021277428838996,0.6561514195583596,0.6127179660106064,0.3333333333333333,0.1111111111111111,0.16666666666666666,0.054437081952545055,0.2555205047318612,8.0,0.20203970015764244,35.22222222222222,44.54570063694268,0.01853879371106829,0.2962962962962963,0.12698412698412698,0.17777777777777776,0.07459650174679124,0.19873817034700317,8.0,0.12797992471769135,40.25396825396825,62.509803921568626,0.01853879371106829,47.07368357293308
0.17582417582417584,0.5925925925925926,0.24752475247524752,0.2711864406779661,0.6725339200586724,0.6630316248636859,0.6677658704908824,0.6629174443119625,0.21163526444261957,0.7393939393939394,0.5041607290092887,0.18518518518518517,0.08196721311475409,0.11363636363636363,0.0002589267981142764,0.18484848484848485,2.0,0.20063514676639063,27.049180327868854,24.920857988165682,0.005643605496690707,0.2222222222222222,0.09090909090909091,0.1290322580645161,0.016583953170166484,0.2,2.0,0.23429198943400706,30.0,25.609070179883457,0.005643605496690707,47.50702117336914
0.20192307692307693,0.6176470588235294,0.2974910394265233,0.30434782608695654,0.660078009698503,0.6573504751257686,0.6587128306746292,0.6574400124318583,0.21150148405199773,0.6932907348242812,0.5275431290898275,0.29411764705882354,0.14084507042253522,0.1904761904761905,0.056083434915388634,0.2268370607028754,15.0,0.20447959635904953,44.08450704225352,48.90463487829277,0.03633195512278367,0.29411764705882354,0.16129032258064516,0.20833333333333331,0.08411561608301373,0.19808306709265175,15.0,0.1554904033000375,50.483870967741936,64.31265073448806,0.03633195512278367,47.101460369769484
0.14193548387096774,0.6875,0.44932432432432434,0.23529411764705882,0.6190878378378378,0.6115279672578445,0.6152962920634473,0.6129931535298693,0.14155634806133507,0.5640243902439024,0.5014333106329427,0.28125,0.08035714285714286,0.12500000000000003,-0.04175037173449525,0.34146341463414637,3.0,0.20203958930718713,26.357142857142854,44.545725077257636,0.007369413718186761,0.1875,0.09230769230769231,0.12371134020618557,-0.008801620222047604,0.19817073170731708,3.0,0.07353621311627047,30.276923076923076,81.59245283018868,0.007369413718186761,43.33410682436079
0.13194444444444445,0.6785714285714286,0.40192926045016075,0.22093023255813954,0.6383210840606339,0.6357830349914545,0.637050795559589,0.6360882957799892,0.1540561492298566,0.6047197640117994,0.5058771351090148,0.2857142857142857,0.08333333333333333,0.12903225806451613,0.001683888295444661,0.2831858407079646,33.0,0.20127392190055376,28.25,39.746828225231646,0.06861075260298902,0.14285714285714285,0.05970149253731343,0.08421052631578947,-0.04127834533937295,0.1976401179941003,33.0,0.10131122141566005,20.23880597014925,39.48229963183234,0.06861075260298902,43.75068718800321
0.17272727272727273,0.76,0.314878892733564,0.28148148148148144,0.722560553633218,0.7206206302078345,0.7215899400092073,0.7200457920577766,0.252572281968812,0.6910828025477707,0.602087451096605,0.32,0.11267605633802817,0.16666666666666666,0.06601099073763278,0.22611464968152867,11.0,0.20358367092552196,35.38028169014085,39.295882442981785,0.026836544511554882,0.24,0.0967741935483871,0.1379310344827586,0.03143630009534601,0.19745222929936307,11.0,0.1526332190713618,30.387096774193548,39.30992241731319,0.026836544511554882,44.79355889419094
0.1232876712328767,0.6666666666666666,0.4280936454849498,0.20809248554913296,0.6192865105908585,0.6156615661566157,0.6174713782921711,0.6163495859407258,0.13222882114501286,0.5797546012269938,0.48971333769572956,0.2962962962962963,0.08080808080808081,0.126984126984127,-0.004825755946516837,0.30368098159509205,19.0,0.2012485625102678,26.343434343434343,39.751836734693875,0.03860978994760029,0.25925925925925924,0.1076923076923077,0.15217391304347827,0.045031478579972056,0.19938650306748465,19.0,0.08986364383111549,35.10769230769231,77.89579524680073,0.03860978994760029,47.28721587592736
0.14705882352941177,0.7142857142857143,0.27884615384615385,0.24390243902439024,0.7177197802197802,0.7177033492822966,0.7177115647040182,0.7176988925136696,0.22961949181946717,0.7207207207207207,0.5631616437010292,0.23809523809523808,0.078125,0.11764705882352941,0.03022400142372546,0.1921921921921922,11.0,0.20302731161566304,26.015625,24.627228525121556,0.026025037871039845,0.2857142857142857,0.09090909090909091,0.13793103448275862,0.056955658754611754,0.1981981981981982,11.0,0.2153486161383496,30.272727272727273,27.861799660441427,0.026025037871039845,42.475494432263076
0.12666666666666668,0.7307692307692307,0.43666666666666665,0.2159090909090909,0.647051282051282,0.6362195363582326,0.6416125518306719,0.6372583668240097,0.15986159757968885,0.5766871165644172,0.5439393591824325,0.3076923076923077,0.08421052631578947,0.1322314049586777,0.01054785115029326,0.29141104294478526,14.0,0.20128182920491947,27.45263157894737,39.74526678141136,0.029796365352141713,0.2692307692307692,0.1076923076923077,0.15384615384615385,0.051463281300451254,0.19938650306748465,14.0,0.10143772735146371,35.10769230769231,69.00785519125684,0.029796365352141713,47.47473614476621
0.18487394957983194,0.7333333333333333,0.33448275862068966,0.2953020134228188,0.6994252873563218,0.6977814297452752,0.6986028750380965,0.6975187386583942,0.240546110547449,0.671875,0.5718993209729353,0.26666666666666666,0.09523809523809523,0.14035087719298245,0.0030458234113417766,0.2625,19.0,0.20525728669088414,30.476190476190474,38.97547380156075,0.042534002173850866,0.16666666666666666,0.078125,0.10638297872340426,-0.02680281337094487,0.2,19.0,0.1159005749263465,25.0,43.14042448173741,0.042534002173850866,44.78593498375267
0.19230769230769232,0.7692307692307693,0.2916666666666667,0.3076923076923077,0.7387820512820512,0.737527114967462,0.738154316435117,0.737013420195757,0.2796329055179451,0.7133757961783439,0.6219044842409549,0.4230769230769231,0.1527777777777778,0.22448979591836737,0.1384999542973978,0.22929936305732485,2.0,0.2044122001776725,47.97222222222222,53.81283499927567,0.005902329169409399,0.3076923076923077,0.12903225806451613,0.18181818181818182,0.083207692122536,0.19745222929936307,2.0,0.14296713058928043,40.516129032258064,55.95691797845899,0.005902329169409399,44.150896843057126
0.12949640287769784,0.6428571428571429,0.4368231046931408,0.2155688622754491,0.603017019082001,0.6003848620910841,0.6016995012796037,0.6010229046662466,0.11945282653240301,0.5704918032786885,0.4090311369070453,0.21428571428571427,0.06593406593406594,0.10084033613445377,-0.05842220727315631,0.2983606557377049,29.0,0.20027341079972658,20.10989010989011,29.959044368600683,0.0672161198280894,0.14285714285714285,0.06557377049180328,0.0898876404494382,-0.045419368450343466,0.2,29.0,0.09600447399490461,20.0,41.66472491909386,0.0672161198280894,43.21572664100677
0.11940298507462686,0.6956521739130435,0.3818770226537217,0.2038216560509554,0.6568875756296608,0.6545999785798436,0.6557427795534934,0.6547047208006405,0.16239651720248882,0.6234939759036144,0.5611202001998673,0.30434782608695654,0.08235294117647059,0.12962962962962962,0.030208229282217617,0.2560240963855422,7.0,0.20083795514829997,27.341176470588234,34.85396968332583,0.015348771502697553,0.2608695652173913,0.09090909090909091,0.1348314606741573,0.04243482327718221,0.19879518072289157,7.0,0.12822522305280926,30.18181818181818,46.792665726375176,0.015348771502697553,45.46707649808377
0.26436781609195403,0.6216216216216216,0.22939068100358423,0.3709677419354839,0.6961154703090187,0.6881436125800168,0.6921180639972385,0.687118008064111,0.2823367723699766,0.7531645569620253,0.560568545248211,0.43243243243243246,0.25,0.31683168316831684,0.20832243505351036,0.20253164556962025,9.0,0.20151120375195414,79.0,79.40005171967934,0.017607568551658632,0.43243243243243246,0.25396825396825395,0.32,0.21243839305318804,0.19936708860759494,9.0,0.19343408025013029,80.25396825396825,82.7155172413793,0.017607568551658632,43.014836666639894
0.15,0.6,0.3617021276595745,0.24,0.6191489361702128,0.6185567010309277,0.618852747755276,0.6186678421943259,0.14439897447623107,0.6346153846153846,0.48649878412594927,0.23333333333333334,0.0958904109589041,0.13592233009708737,-0.0004938620881134551,0.23397435897435898,16.0,0.20392874404474212,29.91780821917808,34.325715253089555,0.03725532764319618,0.2,0.0967741935483871,0.13043478260869568,0.0010479250341244922,0.1987179487179487,16.0,0.150624870537872,30.193548387096776,39.834059133623654,0.03725532764319618,45.06291429605335
0.16923076923076924,0.7586206896551724,0.3612040133779264,0.27672955974842767,0.698708338138623,0.6935710159280349,0.6961349380114417,0.6928092524644779,0.2306621887451036,0.649390243902439,0.609386734182704,0.41379310344827586,0.1411764705882353,0.21052631578947367,0.10991715525285893,0.25914634146341464,4.0,0.2021899010785028,46.305882352941175,59.35014526438117,0.009489946238192146,0.3103448275862069,0.13846153846153847,0.19148936170212766,0.08763856822223458,0.19817073170731708,4.0,0.1196691651589558,45.41538461538461,75.207343412527,0.009489946238192146,43.82501125801355
0.1503267973856209,0.7419354838709677,0.4276315789473684,0.24999999999999997,0.6571519524617997,0.6462134668173745,0.6516597589433815,0.6468243625347787,0.18284622821535418,0.5880597014925373,0.5537103062022397,0.2903225806451613,0.09,0.13740458015267173,-0.0057117258729803225,0.29850746268656714,13.0,0.2042251645043557,30.150000000000002,44.06900600052178,0.02630351983058308,0.25806451612903225,0.11940298507462686,0.16326530612244897,0.04635481744295601,0.2,13.0,0.09452007352745291,40.0,84.63810597519729,0.02630351983058308,47.20854061562568
0.12686567164179105,0.6071428571428571,0.38613861386138615,0.20987654320987653,0.6105021216407355,0.610483637416739,0.6104928794587802,0.610487635749088,0.12528971746415818,0.6132930513595166,0.47418868018658467,0.25,0.07216494845360824,0.112,-0.028752709063481808,0.2930513595166163,32.0,0.2006567622679484,23.88659793814433,34.88544278738287,0.06457312892799849,0.14285714285714285,0.06060606060606061,0.0851063829787234,-0.043016597149985195,0.19939577039274925,32.0,0.08826567093032493,20.06060606060606,45.31773177317732,0.06457312892799849,40.06367608997971
0.1794871794871795,0.6774193548387096,0.3076923076923077,0.28378378378378377,0.6848635235732009,0.6847826086956521,0.6848230649393702,0.6847756125823288,0.2236105118647056,0.6909620991253644,0.5308032725961428,0.22580645161290322,0.08974358974358974,0.12844036697247707,-0.001202321294790443,0.22740524781341107,8.0,0.20033654295596898,30.782051282051285,34.94120391973868,0.01654728585701031,0.1935483870967742,0.08823529411764706,0.12121212121212122,-0.0037178430945734803,0.19825072886297376,8.0,0.147455672930105,30.264705882352942,40.69019442096366,0.01654728585701031,42.757601325865835
0.16666666666666666,0.7272727272727273,0.4195804195804196,0.2711864406779661,0.6538461538461539,0.645600388915897,0.6497101901726956,0.6461441721657413,0.1883026167048017,0.5956112852664577,0.5874939138039574,0.3939393939393939,0.13978494623655913,0.20634920634920634,0.07653905229505643,0.29153605015673983,6.0,0.2036317700931628,44.59139784946236,63.840725806451616,0.013782461079868746,0.2727272727272727,0.14285714285714285,0.18749999999999997,0.06419407387663693,0.1974921630094044,6.0,0.1004263382283278,45.57142857142857,89.61792452830188,0.013782461079868746,43.245245872065425
0.2,0.48148148148148145,0.18118466898954705,0.28260869565217395,0.6501484062459671,0.6063914251687177,0.6278888585049607,0.6116127330077035,0.20778643932246937,0.7898089171974523,0.4670873416871283,0.2962962962962963,0.16666666666666666,0.21333333333333335,0.12225012376920202,0.15286624203821655,27.0,0.206611826788763,52.333333333333336,38.71995192307692,0.07820386713077244,0.4074074074074074,0.1774193548387097,0.24719101123595505,0.16177114400370088,0.19745222929936307,27.0,0.4065187024677945,55.70967741935483,27.059025656689066,0.07820386713077244,42.006578957661986
0.16521739130434782,0.7037037037037037,0.3404255319148936,0.26760563380281693,0.681639085894405,0.6809248554913295,0.6812818770963233,0.6808753864252706,0.21222471273207336,0.6634304207119741,0.5658880612215206,0.37037037037037035,0.13333333333333333,0.19607843137254902,0.09213075096266854,0.24271844660194175,0.0,0.206069505628977,41.2,48.527315914489314,0.002092303104610106,0.3333333333333333,0.14754098360655737,0.20454545454545456,0.1056612782711379,0.19741100323624594,0.0,0.13619676945668135,45.59016393442623,66.08086253369272,0.002092303104610106,45.296715824864805
0.18110236220472442,0.8518518518518519,0.35986159169550175,0.29870129870129875,0.7459951300781751,0.7309740594399589,0.7384464019518843,0.7248198417605789,0.2805140032468801,0.6582278481012658,0.6613696889171319,0.37037037037037035,0.1111111111111111,0.17094017094017092,0.057945082077908494,0.2848101265822785,8.0,0.2007985360173016,35.11111111111111,49.801159900579954,0.017983643910215237,0.3333333333333333,0.14285714285714285,0.2,0.1024908020197307,0.19936708860759494,8.0,0.09973382132756613,45.14285714285714,90.24020016680568,0.017983643910215237,41.615024145226926
0.0962962962962963,0.8125,0.3860759493670886,0.17218543046357615,0.7132120253164557,0.699389905712701,0.7062671528106347,0.6965112121678143,0.18592818360617683,0.6234939759036144,0.637510414174826,0.5,0.09195402298850575,0.1553398058252427,0.12175894398771693,0.2620481927710843,8.0,0.2027299031324695,30.52873563218391,39.46137139311201,0.016919420037679968,0.375,0.09090909090909091,0.14634146341463414,0.09934809181723067,0.19879518072289157,8.0,0.11664989306831047,30.18181818181818,51.43596656780804,0.016919420037679968,43.697892350610346
0.1774193548387097,0.7586206896551724,0.32903225806451614,0.2875816993464052,0.7147942157953281,0.7121070650482415,0.7134493753052633,0.7114465402134477,0.24946082313799692,0.6784660766961652,0.5857976893250345,0.3448275862068966,0.12987012987012986,0.18867924528301885,0.08591272708317771,0.22713864306784662,2.0,0.20262560579105576,44.02597402597402,49.35210414774448,0.005713043284710803,0.27586206896551724,0.11940298507462686,0.16666666666666663,0.060079269098537585,0.1976401179941003,2.0,0.1560026992209067,40.4776119402985,51.28116397955171,0.005713043284710803,44.87716235220432
0.12,0.32142857142857145,0.22448979591836735,0.17475728155339806,0.548469387755102,0.4544850498338871,0.49927060500918646,0.49460171540410847,0.0646206172658864,0.7360248447204969,0.3445733168652917,0.03571428571428571,0.018867924528301886,0.024691358024691357,-0.10726039015952714,0.16459627329192547,45.0,0.2048783956762907,6.0754716981132075,4.880944116626171,0.1488713249486966,0.14285714285714285,0.0625,0.08695652173913043,-0.04322928132781762,0.19875776397515527,45.0,0.316775707580714,20.125,12.627230890111123,0.1488713249486966,43.037497208919376
