0.3128491620111732,0.835820895522388,0.5157232704402516,0.4552845528455285,0.6600488125410682,0.613240418118467,0.6362142797684458,0.6172956297475429,0.26890090679396056,0.5613747954173486,0.7646137133746124,0.664179104477612,0.29276315789473684,0.4063926940639269,0.17664132384049663,0.49754500818330605,3.0,0.20138555930275082,178.87828947368422,441.9383411012247,0.00335661850937411,0.16417910447761194,0.18032786885245902,0.171875,-0.047059756572871494,0.19967266775777415,3.0,0.026874161960099143,110.18032786885246,818.6301784094345,0.00335661850937411,52.53245297726244
0.18518518518518517,0.3284671532846715,0.4194915254237288,0.23684210526315788,0.45448781393047133,0.41954472761917727,0.4366668823046865,0.4401207701120179,-0.07761493450999256,0.5238095238095238,0.6025038455629905,0.5328467153284672,0.24579124579124578,0.33640552995391704,0.04867703195143129,0.4876847290640394,61.0,0.20056323154096628,149.68686868686868,363.97498903027645,0.054647961158696724,0.072992700729927,0.08264462809917356,0.07751937984496124,-0.16971389036828438,0.1986863711001642,61.0,0.02653580179437417,50.33057851239669,376.84936289055685,0.054647961158696724,50.66612404026091
0.18811881188118812,0.3247863247863248,0.3481953290870488,0.2382445141065831,0.488295497849638,0.43354330416039544,0.46010568736365054,0.46280660168166776,-0.01967963271310066,0.5867346938775511,0.5265616556239654,0.3247863247863248,0.1890547263681592,0.2389937106918239,-0.017916002585978485,0.34183673469387754,15.0,0.261970190964136,111.16417910447761,145.0546715263579,0.013838325269558218,0.10256410256410256,0.10256410256410256,0.10256410256410256,-0.12036583374162992,0.1989795918367347,15.0,0.021551001397298555,60.30769230769231,556.8186730062675,0.013838325269558218,56.25522301113233
0.3979591836734694,0.5165562913907285,0.25877192982456143,0.44956772334293943,0.6288921807830835,0.6088261783248273,0.6187778462457517,0.612262504354419,0.23832989178475347,0.685337726523888,0.5901836309342872,0.5033112582781457,0.3958333333333333,0.4431486880466472,0.23140101517263983,0.3163097199341021,0.0,0.20421580976373144,240.27083333333334,372.15531984486705,0.0008475791013565982,0.25165562913907286,0.3140495867768595,0.27941176470588236,0.07535410166183476,0.19934102141680396,0.0,0.057769380510706514,190.62809917355372,657.7879088206145,0.0008475791013565982,52.858780458103865
0.3494318181818182,0.76875,0.5088888888888888,0.48046875,0.6299305555555557,0.5993385514276265,0.6144441932890787,0.6047504182579266,0.2313802865389889,0.5639344262295082,0.6835086902023025,0.51875,0.304029304029304,0.3833718244803695,0.08539300218190254,0.44754098360655736,1.0,0.2007562812131368,185.45787545787547,413.43662822624935,0.001675173911605499,0.18125,0.23770491803278687,0.20567375886524825,-0.02795084971874737,0.2,1.0,0.03562018366829462,145.0,814.1451562983596,0.001675173911605499,50.44270974304527
0.30113636363636365,0.75177304964539,0.5245202558635395,0.4300202839756592,0.6136263968909252,0.5825252288773612,0.5978736131441801,0.589672010646664,0.1939206347250443,0.5393442622950819,0.7091410513965415,0.6737588652482269,0.2996845425867508,0.4148471615720524,0.16910434983196654,0.519672131147541,3.0,0.2000599319595988,182.80757097791798,474.85770423627264,0.0033403831888830548,0.18439716312056736,0.21311475409836064,0.19771863117870725,-0.02138782942543119,0.2,3.0,0.02168479314660415,130.0,1198.9969110713705,0.0033403831888830548,55.812635130714625
0.3245382585751979,0.825503355704698,0.5553145336225597,0.46590909090909094,0.6350944110410691,0.5780075187969924,0.6058789852170858,0.5884035288521279,0.23932351893101744,0.5377049180327869,0.7435965050047145,0.6174496644295302,0.2958199356913183,0.4,0.12238378294447122,0.5098360655737705,1.0,0.20155221998975692,180.4501607717042,456.4573885848319,0.0016743633257977762,0.1476510067114094,0.18032786885245902,0.16236162361623618,-0.07440309720565048,0.2,1.0,0.02556829373990466,110.0,860.4406779661017,0.0016743633257977762,54.605573755223304
0.34134615384615385,0.5298507462686567,0.28541666666666665,0.4152046783625731,0.6222170398009951,0.6085055345943379,0.6153230959730107,0.6110893454819925,0.21332418239835707,0.6742671009771987,0.6143628124110618,0.5,0.335,0.4011976047904192,0.19647187499755875,0.3257328990228013,2.0,0.20201901961426985,205.69000000000003,331.6519411287519,0.0025436667837350217,0.21641791044776118,0.23770491803278687,0.22656249999999997,0.02346508001027573,0.1986970684039088,2.0,0.058407353127092415,145.95081967213113,496.51282667949334,0.0025436667837350217,54.215160605032
0.2589928057553957,0.8059701492537313,0.6410788381742739,0.39201451905626133,0.5824456555397287,0.49666391982774644,0.537847322543306,0.5263811343836184,0.14547190422522757,0.45616883116883117,0.7419094094479666,0.5970149253731343,0.2247191011235955,0.32653061224489793,0.02038302428358348,0.577922077922078,3.0,0.20151915513347113,138.42696629213484,396.9845940799723,0.0032772758814670756,0.14925373134328357,0.16260162601626016,0.15564202334630348,-0.06650436364477444,0.19967532467532467,3.0,0.020384759612449746,100.16260162601627,981.1251336898396,0.0032772758814670756,54.620583462994546
0.3719806763285024,0.5347222222222222,0.27956989247311825,0.43874643874643876,0.6275761648745519,0.6138378249747158,0.6206689842843516,0.616175342590358,0.22888064115461454,0.6765188834154351,0.5715539711377082,0.3958333333333333,0.32571428571428573,0.35736677115987453,0.13339694545690337,0.28735632183908044,0.0,0.20091500741027127,198.36,283.70205259781915,0.0008503076722011909,0.24305555555555555,0.2892561983471074,0.2641509433962264,0.061880086505528405,0.1986863711001642,0.0,0.09125470830477596,176.15702479338842,383.54185389652076,0.0008503076722011909,49.08322811964899
0.35071090047393366,0.524822695035461,0.2946236559139785,0.42045454545454547,0.6150995195607412,0.601849785514146,0.6084385868084686,0.6046542211067121,0.20417368342787418,0.6633663366336634,0.5636695507274678,0.40425531914893614,0.30158730158730157,0.34545454545454546,0.10980121364841046,0.3118811881188119,20.0,0.20262528023566873,182.76190476190476,281.3074456144102,0.018740095176381057,0.1702127659574468,0.19834710743801653,0.18320610687022898,-0.040577345078261044,0.19966996699669967,20.0,0.060595886627749555,120.19834710743801,396.0664879356569,0.018740095176381057,48.95767305511981
0.40711462450592883,0.6866666666666666,0.3105590062111801,0.511166253101737,0.6880538302277432,0.6880510336111697,0.6880524319180356,0.6880507460205638,0.3264970901919377,0.688783570300158,0.6092866235628792,0.41333333333333333,0.33695652173913043,0.37125748502994016,0.15053084823243026,0.29067930489731436,1.0,0.20219310148748368,213.29347826086956,306.63756351666615,0.0016379341444208045,0.26,0.30952380952380953,0.2826086956521739,0.08506385003752703,0.1990521327014218,1.0,0.09746184365267062,195.92857142857142,400.1566001458596,0.0016379341444208045,53.63760201400146
0.35542168674698793,0.4244604316546763,0.22245322245322247,0.3868852459016393,0.6010036046007269,0.5491445280905867,0.5744891999239043,0.5636909175189311,0.19026759847429672,0.6983870967741935,0.5672796654721062,0.4172661870503597,0.3558282208588957,0.3841059602649007,0.18850277611823923,0.2629032258064516,1.0,0.20109980794067253,220.61349693251535,288.4139999631968,0.001646208311493036,0.20863309352517986,0.23387096774193547,0.22053231939163498,0.011602225881399324,0.2,1.0,0.06303172494439901,145.0,460.08577467269413,0.001646208311493036,54.57212576409802
0.39487179487179486,0.5310344827586206,0.24532224532224534,0.4529411764705882,0.6428561187181877,0.623405299313052,0.6330560094531436,0.6257596625085543,0.2602731934523275,0.7028753993610224,0.5875584760697159,0.43448275862068964,0.35195530726256985,0.3888888888888889,0.1804885758582484,0.28594249201277955,25.0,0.20085219562503392,220.3240223463687,313.66348674431805,0.023214800085807452,0.2206896551724138,0.256,0.23703703703703702,0.02885494722318204,0.19968051118210864,25.0,0.0789176572762308,160.256,405.4859343833826,0.023214800085807452,52.297310527879745
0.2680965147453083,0.8130081300813008,0.5783898305084746,0.40322580645161293,0.6173091497864132,0.5552687751998548,0.5854677578838696,0.5701740145993301,0.19645113159218697,0.5025210084033613,0.7075936220857412,0.5121951219512195,0.22419928825622776,0.3118811881188119,0.04082617309613209,0.4722689075630252,1.0,0.2013330097268637,133.39857651245552,312.9144102373887,0.0017491274836391253,0.17073170731707318,0.17647058823529413,0.17355371900826447,-0.037352438073202154,0.2,1.0,0.03816067061217632,105.0,550.304794520548,0.0017491274836391253,50.499322527088225
0.4748201438848921,0.4852941176470588,0.15766738660907129,0.48,0.6638133655189937,0.6158042058422449,0.6393583208036725,0.6193550538041691,0.32512694427300287,0.7612687813021702,0.5587669076707323,0.39705882352941174,0.4426229508196721,0.41860465116279066,0.2602506282516459,0.2036727879799666,3.0,0.203449386904002,265.1311475409836,265.4222793282735,0.0037127742555977668,0.3897058823529412,0.44537815126050423,0.41568627450980394,0.25950113899038313,0.1986644407345576,3.0,0.18954605971074756,266.781512605042,279.61541422111037,0.0037127742555977668,54.09307460812852
0.2949061662198391,0.7913669064748201,0.5572033898305084,0.4296875,0.6170817583221558,0.5678576280396685,0.5919582616936496,0.5792843089730929,0.20130508096696587,0.5220949263502455,0.7376264985222879,0.5827338129496403,0.26384364820846906,0.3632286995515695,0.08713098384109046,0.502454991816694,3.0,0.20032048140815806,161.2084690553746,404.3520634066391,0.0033713289690959214,0.17266187050359713,0.19672131147540983,0.1839080459770115,-0.03666744668807852,0.19967266775777415,3.0,0.029833192857282868,120.1967213114754,804.473061760841,0.0033713289690959214,55.19608326489106
0.2991913746630728,0.7602739726027398,0.5627705627705628,0.4294003868471954,0.5987517049160885,0.555178646594201,0.576553693233583,0.567461403726345,0.17298597185885536,0.5148026315789473,0.6491474357673304,0.4863013698630137,0.26591760299625467,0.3438256658595642,0.053415707879142606,0.43914473684210525,4.0,0.20150502204100326,161.67790262172284,352.3485384178294,0.004258146023027634,0.14383561643835616,0.17355371900826447,0.15730337078651685,-0.07768983504855095,0.19901315789473684,4.0,0.03994733058960479,105.52066115702479,525.6921974522293,0.004258146023027634,51.30223858403042
0.3316062176165803,0.4740740740740741,0.27682403433476394,0.3902439024390244,0.5986250198696551,0.5727107369986325,0.5855245309253672,0.5797443483149709,0.17630645206626672,0.6672212978369384,0.5359024082366654,0.45185185185185184,0.32972972972972975,0.38125,0.16794748699745948,0.30782029950083195,1.0,0.2041472485642057,198.16756756756757,298.8039291688768,0.0017034585453201826,0.2,0.225,0.21176470588235294,0.00044806473119082986,0.19966722129783693,1.0,0.05896856037416028,135.225,457.87110671657604,0.0017034585453201826,52.01238600676879
0.4276729559748428,0.4689655172413793,0.19117647058823528,0.4473684210526316,0.638894523326572,0.5936979125327406,0.6158817620514397,0.6009097440519938,0.26926694612854535,0.7294685990338164,0.5414851962895844,0.45517241379310347,0.43137254901960786,0.4429530201342282,0.2674390556127364,0.2463768115942029,5.0,0.20969900496629382,267.88235294117646,314.73682963163594,0.005283528639787563,0.30344827586206896,0.3548387096774194,0.32713754646840143,0.14327034785540257,0.1996779388083736,5.0,0.08943943712970227,220.3548387096774,491.95300654891844,0.005283528639787563,50.32563769677654
0.37055837563451777,0.5328467153284672,0.2605042016806723,0.437125748502994,0.6361712568238975,0.6193896736248373,0.6277243878754882,0.6217840362486754,0.24294022149500372,0.6933115823817292,0.5924957124321544,0.45985401459854014,0.35195530726256985,0.39873417721518983,0.19804357201325565,0.29200652528548127,1.0,0.20338428939004086,215.7486033519553,309.75843900696555,0.0016827819424304294,0.22627737226277372,0.2540983606557377,0.23938223938223938,0.03662362861367782,0.19902120717781402,1.0,0.07527168154987135,155.7622950819672,411.8414702807046,0.0016827819424304294,52.57388640381396
0.41968911917098445,0.5704225352112676,0.24615384615384617,0.48358208955223875,0.6621343445287107,0.6494313998200115,0.6557521134058101,0.6499082161556444,0.2951790626359671,0.7102177554438861,0.6127751098581993,0.4507042253521127,0.367816091954023,0.4050632911392405,0.1957668217416848,0.2914572864321608,9.0,0.20356973568381373,219.58620689655174,314.38857934857936,0.009142651765626014,0.22535211267605634,0.2689075630252101,0.24521072796934865,0.03638883976315422,0.19932998324958123,9.0,0.077246461864885,160.53781512605042,414.25845569435313,0.009142651765626014,52.072113785892725
0.26258205689277897,0.9022556390977443,0.707983193277311,0.4067796610169491,0.5971362229102166,0.44122898673403255,0.5132970003583327,0.49463173721961495,0.18546442211564074,0.42528735632183906,0.8263025793170188,0.6766917293233082,0.22784810126582278,0.3409090909090909,0.031099017566328716,0.6486042692939245,9.0,0.2011622570681627,138.7594936708861,447.40003075976625,0.008336512913991415,0.21804511278195488,0.2396694214876033,0.22834645669291337,0.025645676834329008,0.1986863711001642,9.0,0.013246842981854558,145.95867768595042,2189.200856364344,0.008336512913991415,52.28553316509351
0.28421052631578947,0.8,0.5596707818930041,0.41941747572815535,0.620164609053498,0.5680159256801592,0.5935177962669669,0.5797433021921444,0.2034188865515854,0.5185185185185185,0.7026285283447835,0.45925925925925926,0.23134328358208955,0.3076923076923077,0.02947287124279015,0.43156199677938806,0.0,0.20001678873475898,143.66417910447763,309.97397964536776,0.0008296365505895303,0.22962962962962963,0.25,0.23938223938223938,0.0394886836552059,0.1996779388083736,0.0,0.0442313207837541,155.25,700.8608255574885,0.0008296365505895303,57.28200246067718
0.42105263157894735,0.45714285714285713,0.18565400843881857,0.4383561643835617,0.6357444243520193,0.5855693562150375,0.6101413387774275,0.5943145994736676,0.2639139839818253,0.7328990228013029,0.5472875426713503,0.44285714285714284,0.4246575342465753,0.43356643356643354,0.26178846024202934,0.23778501628664495,3.0,0.21137954212961133,260.73972602739724,293.3112607557052,0.003373751608726469,0.32142857142857145,0.36885245901639346,0.3435114503816794,0.16716170964460697,0.1986970684039088,3.0,0.09620901594330877,226.47540983606558,467.73163158135077,0.003373751608726469,53.23005811031908
0.14634146341463414,0.039735099337748346,0.07494646680942184,0.0625,0.48239431626416324,0.07619719551988711,0.19172139691245396,0.318925241867275,-0.060792495412726515,0.7087378640776699,0.33332460621553706,0.039735099337748346,0.15,0.06282722513089005,-0.057754751196431996,0.06472491909385113,0.0,0.23175691879706461,92.7,25.88919472671206,0.0008330434542350366,0.2980132450331126,0.36585365853658536,0.3284671532846715,0.1409707059202423,0.19902912621359223,0.0,0.4757254544582474,226.09756097560975,94.5923737699629,0.0008330434542350366,50.39483694406226
0.4453125,0.41304347826086957,0.1574279379157428,0.42857142857142855,0.6278077701725633,0.5543398978847557,0.5899312631219971,0.5702899151471419,0.2625183223434158,0.7419354838709677,0.5240536064613325,0.3695652173913043,0.425,0.3953488372093023,0.22774707858663953,0.2037351443123939,0.0,0.20557815096650048,250.325,248.08083816412275,0.000876229593036094,0.35507246376811596,0.4188034188034188,0.38431372549019605,0.2168825546719686,0.19864176570458403,0.0,0.1847994839499694,246.67521367521368,265.15225558349357,0.000876229593036094,54.037143885158
0.35096153846153844,0.4965986394557823,0.27054108216432865,0.4112676056338028,0.6130287786457269,0.5909156613109469,0.6018706722677902,0.5958927079744691,0.20284263702384986,0.6764705882352942,0.5921864023623774,0.4217687074829932,0.32124352331606215,0.3647058823529411,0.14586239097460754,0.29876160990712075,4.0,0.20022505818265518,207.52331606217615,309.65155192234,0.0040489925946324765,0.23129251700680273,0.26356589147286824,0.2463768115942029,0.042905891337603884,0.1996904024767802,4.0,0.07123091481036291,170.26356589147287,477.320838718943,0.0040489925946324765,57.63995446776971
0.3333333333333333,0.5378787878787878,0.2927835051546392,0.41159420289855075,0.6225476413620743,0.6110323543801984,0.6167631239100695,0.6131678687188622,0.21140356328439064,0.6709886547811994,0.5988763913537971,0.4318181818181818,0.30158730158730157,0.35514018691588783,0.1420308763754591,0.3063209076175041,14.0,0.20273173447589307,186.07936507936506,281.15973134328357,0.013499067543873871,0.21212121212121213,0.22764227642276422,0.2196078431372549,0.01667475548415789,0.1993517017828201,14.0,0.07058090206544301,140.4552845528455,396.7078796193089,0.013499067543873871,53.83785987691954
0.28362573099415206,0.7886178861788617,0.5190677966101694,0.4172043010752688,0.6347750447843461,0.5974899938945799,0.6158504182288347,0.6036959655004577,0.22079524785406449,0.5445378151260504,0.7078856283110877,0.5609756097560976,0.25274725274725274,0.3484848484848485,0.1046493362931677,0.4588235294117647,1.0,0.20071474322520397,150.3846153846154,343.77145839546677,0.001722575138056875,0.18699186991869918,0.19327731092436976,0.19008264462809918,-0.016601083588089847,0.2,1.0,0.03421069959833107,115.0,672.3042869641295,0.001722575138056875,52.207934241276234
0.40860215053763443,0.562962962962963,0.23109243697478993,0.4735202492211839,0.6659352629940865,0.6500128525693456,0.6579258924265737,0.6504251967253221,0.29921826965178183,0.723404255319149,0.6074057202054417,0.5333333333333333,0.4044943820224719,0.46006389776357826,0.28364801019482044,0.29132569558101473,5.0,0.20364447364326344,247.14606741573033,353.5573478223958,0.005270886798962481,0.31851851851851853,0.3524590163934426,0.33463035019455256,0.15832675003960378,0.19967266775777415,5.0,0.07264310783008593,215.35245901639342,591.9350270720532,0.005270886798962481,56.37202431028709
0.31413612565445026,0.40816326530612246,0.27234927234927236,0.35502958579881655,0.567906996478425,0.5229734777736271,0.5449773362262846,0.5393239496770592,0.1250023913109294,0.6528662420382165,0.5019165695050342,0.36054421768707484,0.292817679558011,0.323170731707317,0.08827894241807249,0.28821656050955413,25.0,0.20391795084204878,183.88950276243094,259.9084572061675,0.02296226041649116,0.14965986394557823,0.176,0.16176470588235292,-0.06837532247846793,0.19904458598726116,25.0,0.06828643779005733,110.52799999999999,322.1723187207058,0.02296226041649116,54.42687136027962
0.3675675675675676,0.48226950354609927,0.2484076433121019,0.4171779141104294,0.6169309301169987,0.5875375265431647,0.6020548751807557,0.5939512195472847,0.214427068423192,0.6895424836601307,0.5458865735552717,0.4397163120567376,0.35428571428571426,0.3924050632911392,0.18619089578156534,0.28594771241830064,2.0,0.20535808206864237,216.82285714285715,301.911662669678,0.002560953520462033,0.20567375886524822,0.23770491803278687,0.22053231939163495,0.008665520967965976,0.19934640522875818,2.0,0.07190330015013723,145.47540983606555,403.3194573746509,0.002560953520462033,49.99113122699782
0.2702702702702703,0.8759124087591241,0.6585365853658537,0.41308089500860584,0.6086879116966353,0.4913717461245978,0.5468930809722414,0.5261497258810115,0.19691405961880004,0.4578696343402226,0.8164120154315913,0.7226277372262774,0.25384615384615383,0.37571157495256163,0.11153914256617203,0.6200317965023847,17.0,0.2014587809566889,159.66923076923078,491.4156609598653,0.014547641793519224,0.19708029197080293,0.216,0.20610687022900764,-0.0021790903361827594,0.1987281399046105,17.0,0.011404065797371236,135.864,2367.5766590389017,0.014547641793519224,53.579194721765816
0.39344262295081966,0.5853658536585366,0.22515212981744423,0.4705882352941176,0.6801068619205461,0.6669091438131955,0.6734756751248784,0.6663722457036545,0.3151133315807797,0.737012987012987,0.6645160210291225,0.5853658536585366,0.39779005524861877,0.47368421052631576,0.3196804838916597,0.29383116883116883,0.0,0.23841669223688247,245.03867403314916,301.992277992278,0.0008301728050468332,0.2682926829268293,0.2682926829268293,0.2682926829268293,0.08573690199376639,0.19967532467532467,0.0,0.05319467498715328,165.26829268292684,620.362846618945,0.0008301728050468332,53.12731381971389
0.2774390243902439,0.7398373983739838,0.4876543209876543,0.4035476718403548,0.6260915386931647,0.6054266362069658,0.6156723919656022,0.6091731098921498,0.20309374532630525,0.5582922824302134,0.6834737401957902,0.6016260162601627,0.27007299270072993,0.37279596977329976,0.15341324271613324,0.44991789819376027,1.0,0.2013123736099992,164.47445255474452,367.58793646415194,0.0016698014338920489,0.23577235772357724,0.2396694214876033,0.23770491803278687,0.04675832603744881,0.1986863711001642,1.0,0.03208744221345044,145.95867768595042,903.7803576579175,0.0016698014338920489,50.988346202299
0.3987341772151899,0.47368421052631576,0.19076305220883535,0.4329896907216495,0.6414605791587402,0.5975780542054534,0.6191306524015615,0.6041472165455077,0.266346384273256,0.7385103011093502,0.5511987343875002,0.41353383458646614,0.3767123287671233,0.3942652329749104,0.22322070555700926,0.23137876386687797,12.0,0.20409930244335414,237.7054794520548,269.47666817854383,0.011297618844304948,0.3157894736842105,0.3333333333333333,0.3243243243243243,0.1500948605973103,0.19968304278922344,12.0,0.1201855794729935,210.33333333333334,349.45956232159847,0.011297618844304948,57.6341891400516
0.34673366834170855,0.49640287769784175,0.289532293986637,0.40828402366863903,0.6034352918556025,0.5844507580786491,0.5938671684614478,0.5892452003614691,0.18574963610701298,0.6598639455782312,0.5553386980713302,0.460431654676259,0.3333333333333333,0.3867069486404834,0.15887197937921027,0.32653061224489793,6.0,0.20883593682740412,196.00000000000003,306.4606646359618,0.006196309055768205,0.17266187050359713,0.20512820512820512,0.1875,-0.03667806833600682,0.1989795918367347,6.0,0.049440878523804514,120.61538461538461,485.428267388991,0.006196309055768205,49.53411692706868
0.36538461538461536,0.5507246376811594,0.28205128205128205,0.43930635838150284,0.6343366778149386,0.6233157586408905,0.6288020734427969,0.6248991622953254,0.23730881230311426,0.6798679867986799,0.6103230692764203,0.427536231884058,0.32065217391304346,0.36645962732919257,0.14632414031676239,0.30363036303630364,1.0,0.20314897631401396,194.31521739130434,290.42725723019043,0.0017009164360487087,0.18840579710144928,0.21487603305785125,0.20077220077220076,-0.015301178395617544,0.19966996699669967,1.0,0.07108184114208606,130.21487603305786,365.7755564888702,0.0017009164360487087,53.51314799534157
0.4110429447852761,0.5403225806451613,0.19875776397515527,0.46689895470383275,0.670782408335003,0.6454094014860172,0.6579736109380402,0.6458757431316461,0.3107221762344599,0.7479406919275123,0.5857901697996526,0.5161290322580645,0.4050632911392405,0.45390070921985815,0.295413239632654,0.2602965403624382,12.0,0.20053676648639923,245.873417721519,319.1434723983175,0.011382386963617484,0.3387096774193548,0.34710743801652894,0.3428571428571428,0.17675848088380783,0.19934102141680396,12.0,0.0813221406086044,210.69421487603304,516.4645161290323,0.011382386963617484,54.804732729215175
0.42196531791907516,0.49324324324324326,0.2109704641350211,0.45482866043613707,0.6411363895541111,0.607021366476199,0.623845723945234,0.6118563750001985,0.2682518992983192,0.7186495176848875,0.5644332037438482,0.46621621621621623,0.41818181818181815,0.4408945686900958,0.2543341480540863,0.2652733118971061,11.0,0.2043790404151458,260.1090909090909,337.6080045186799,0.010597311530015786,0.28378378378378377,0.3387096774193548,0.3088235294117647,0.11808296497676916,0.19935691318327975,11.0,0.08885065306301948,210.6774193548387,472.7033347769597,0.010597311530015786,50.73491665581241
0.391304347826087,0.5373134328358209,0.23880597014925373,0.45283018867924535,0.6492537313432836,0.6299536798764797,0.6395309040486135,0.6318239885509251,0.26951198984445573,0.7114427860696517,0.5790456727988165,0.4701492537313433,0.36627906976744184,0.411764705882353,0.2188960812100519,0.28524046434494194,15.0,0.2004738091531756,220.86627906976747,314.2555143044333,0.014529354350342518,0.26119402985074625,0.2916666666666667,0.2755905511811023,0.08325935787859945,0.19900497512437812,15.0,0.075687850249066,175.875,462.4256057587248,0.014529354350342518,54.047561479732394
0.3961352657004831,0.5466666666666666,0.2598752598752599,0.45938375350140054,0.6433957033957034,0.6288533206953749,0.6360829541824907,0.6305096335448346,0.26002565617825113,0.694136291600634,0.5780183151678578,0.48,0.3769633507853403,0.4222873900293255,0.21551749333801404,0.30269413629160064,5.0,0.20322070026172123,237.86387434554973,354.2946161846385,0.005055652377698615,0.23333333333333334,0.2777777777777778,0.2536231884057972,0.047006758853937264,0.19968304278922344,5.0,0.07195535449288136,175.2777777777778,486.41272420473723,0.005055652377698615,48.585562771651894
0.2698412698412698,0.5862068965517241,0.4946236559139785,0.3695652173913043,0.5457916203188728,0.5427989130434782,0.5442932098210697,0.5439970978979052,0.07801178218153937,0.5245901639344263,0.6095520785159259,0.4827586206896552,0.24305555555555555,0.3233256351039261,0.011887572983893284,0.4721311475409836,22.0,0.20273432573694608,148.26388888888889,345.2794673302,0.019408292229062703,0.10344827586206896,0.12295081967213115,0.11235955056179774,-0.13478996693836337,0.2,22.0,0.0245781039081147,75.0,610.2993158494869,0.019408292229062703,57.69066399894655
0.45098039215686275,0.46,0.1822125813449024,0.45544554455445546,0.6388937093275489,0.5888024988965471,0.613336948651673,0.5970102825130816,0.27594988023324907,0.7299509001636661,0.5138995790456599,0.38666666666666666,0.42028985507246375,0.4027777777777778,0.21936753056591116,0.22585924713584288,10.0,0.20147156584275094,256.7971014492754,287.8818147731534,0.010137290656900177,0.31333333333333335,0.38524590163934425,0.34558823529411764,0.16218557581175566,0.19967266775777415,10.0,0.136641082975766,235.38524590163934,343.9668288367979,0.010137290656900177,53.573227145243436
0.3854748603351955,0.49640287769784175,0.23504273504273504,0.43396226415094336,0.6306800713275532,0.6020913057254978,0.6162199182440119,0.6070272599229152,0.24083593328902975,0.7034596375617792,0.6034533038382022,0.4028776978417266,0.35443037974683544,0.37710437710437705,0.1770857384019218,0.2602965403624382,6.0,0.20043311232738545,215.13924050632912,279.3949530082143,0.006567023756349465,0.2589928057553957,0.2975206611570248,0.2769230769230769,0.0813740223631217,0.19934102141680396,6.0,0.10756611637668906,180.59504132231405,334.6778819635963,0.006567023756349465,52.44461449095979
0.43243243243243246,0.4507042253521127,0.17834394904458598,0.4413793103448276,0.6361801381537634,0.5821053373757314,0.6085424011124746,0.5916298173183794,0.2684980016403972,0.7357259380097879,0.545450852338933,0.4014084507042254,0.41304347826086957,0.4071428571428572,0.23175329578311588,0.22512234910277323,9.0,0.2048841312786731,253.19565217391306,278.20602622694804,0.008758888936010406,0.31690140845070425,0.36885245901639346,0.3409090909090909,0.1621117150709685,0.19902120717781402,9.0,0.12326079284790024,226.1065573770492,365.07959230416856,0.008758888936010406,55.19046298228204
0.3696969696969697,0.42657342657342656,0.22317596566523606,0.39610389610389607,0.6016987304540953,0.5507282521947326,0.5756496244859136,0.564899122752923,0.19398718774269924,0.6945812807881774,0.5358263201801012,0.35664335664335667,0.3422818791946309,0.3493150684931507,0.14429811754032915,0.24466338259441708,6.0,0.20097543981884688,208.4496644295302,253.76235049401976,0.006263877293194545,0.22377622377622378,0.2644628099173554,0.24242424242424243,0.0348327584437751,0.1986863711001642,6.0,0.10966730534750044,161.05785123966942,291.7916137229987,0.006263877293194545,53.30123922601342
0.2828282828282828,0.60431654676259,0.45610278372591007,0.3853211009174312,0.5741068815183399,0.5725172404540211,0.5733115100297077,0.5730368022367702,0.12465132804360844,0.5577557755775577,0.6067991491886575,0.49640287769784175,0.26436781609195403,0.34500000000000003,0.07239723561489847,0.4306930693069307,17.0,0.20206708975521306,160.20689655172413,341.4707465900933,0.015265939234773108,0.08633093525179857,0.09917355371900827,0.0923076923076923,-0.1546811982447333,0.19966996699669967,17.0,0.030949358891335318,60.099173553719005,387.7301640441915,0.015265939234773108,52.62405232805759
0.37209302325581395,0.49230769230769234,0.23225806451612904,0.423841059602649,0.6300248138957817,0.5999212288302481,0.6147887934452821,0.6052245652128802,0.23703909587159375,0.7075630252100841,0.626578478437801,0.46923076923076923,0.3630952380952381,0.40939597315436244,0.219508511624323,0.2823529411764706,2.0,0.20009498676010018,216.04166666666666,304.855213954634,0.002603897793071411,0.26153846153846155,0.2857142857142857,0.2730923694779116,0.08134518347820842,0.2,2.0,0.06666099135710093,170.0,510.0434198144912,0.002603897793071411,49.55402954109013
0.45454545454545453,0.49242424242424243,0.17256637168141592,0.47272727272727266,0.6599289353714133,0.6174125057144308,0.6383168316605171,0.6209140583496318,0.31111855382674325,0.7517123287671232,0.5348642358397655,0.38636363636363635,0.4434782608695652,0.4129554655870445,0.2574425329387546,0.1969178082191781,2.0,0.2037113371707863,258.9913043478261,250.35425474254743,0.0028702877242712814,0.38636363636363635,0.4396551724137931,0.4112903225806452,0.2542848286368503,0.19863013698630136,2.0,0.20922460877118082,256.7586206896552,243.75717703349284,0.0028702877242712814,50.615055471193045
0.3879781420765027,0.5590551181102362,0.2309278350515464,0.45806451612903226,0.6640636415293448,0.6474586216169963,0.6557085709448617,0.6480340542990188,0.29064367839659994,0.7254901960784313,0.6208052774258256,0.5275590551181102,0.3872832369942196,0.44666666666666666,0.2782782132060239,0.2826797385620915,8.0,0.20402692826404473,237.01734104046244,328.3880249046874,0.008127996157807712,0.29133858267716534,0.30327868852459017,0.2971887550200803,0.11782985864272588,0.19934640522875818,8.0,0.07914514513394182,185.60655737704917,467.4955101463621,0.008127996157807712,54.20570239564404
0.2981220657276995,0.8466666666666667,0.6443965517241379,0.4409722222222222,0.6011350574712644,0.5008484906427018,0.5487053728613349,0.5316208656520497,0.18856132309460386,0.4755700325732899,0.7771465522606473,0.62,0.2664756446991404,0.37274549098196397,0.059229240230873094,0.5684039087947883,9.0,0.20085551118745398,163.6160458452722,463.0194085797585,0.0083217863477899,0.18666666666666668,0.22950819672131148,0.2058823529411765,-0.017142441412845495,0.1986970684039088,9.0,0.017701385325808106,140.91803278688525,1581.7971014492755,0.0083217863477899,48.061864719726145
0.37962962962962965,0.6165413533834586,0.2774327122153209,0.4699140401146132,0.6695543205840689,0.6653569394231774,0.6674523305235971,0.6653289350181744,0.292402695100318,0.6996753246753247,0.609933967310234,0.518796992481203,0.3770491803278688,0.43670886075949367,0.25460476263161186,0.29707792207792205,0.0,0.20015249886077036,232.26229508196724,344.7371398945043,0.0008410150156826088,0.3157894736842105,0.34146341463414637,0.328125,0.15242004851619387,0.19967532467532467,0.0,0.08492562296686985,210.34146341463415,494.5503904797322,0.0008410150156826088,52.23454012814909
0.37948717948717947,0.5323741007194245,0.259656652360515,0.4431137724550898,0.6363587241794547,0.6193670471500139,0.6278054029101526,0.621783422631268,0.2454731802909496,0.6925619834710743,0.6079453211886048,0.41007194244604317,0.3352941176470588,0.3689320388349514,0.15684128078776471,0.2809917355371901,1.0,0.20077575757575758,202.85294117647058,283.8988167109394,0.0017104683195592286,0.2517985611510791,0.2892561983471074,0.2692307692307693,0.07072486817314332,0.2,1.0,0.0850969696969697,175.0,411.2954917740902,0.0017104683195592286,52.89218251500279
0.39603960396039606,0.547945205479452,0.25206611570247933,0.45977011494252873,0.6479395448884864,0.6325077534617568,0.6401771519793952,0.6340144374880681,0.2674950892198634,0.7015873015873015,0.587648522921214,0.4794520547945205,0.3723404255319149,0.41916167664670656,0.21730876027151091,0.2984126984126984,8.0,0.20127988284070047,234.5744680851064,347.7744472625727,0.007643053095910917,0.2945205479452055,0.3412698412698413,0.31617647058823534,0.12978365071264408,0.2,8.0,0.06781522658361007,215.0,634.075887765189,0.007643053095910917,53.0055645769462
0.41935483870967744,0.5492957746478874,0.23275862068965517,0.475609756097561,0.6582685769791162,0.6402287189892096,0.6491859885966343,0.6413142919939527,0.29070114234323746,0.7161716171617162,0.5862421191353151,0.47183098591549294,0.39644970414201186,0.4308681672025723,0.23802659907165558,0.27887788778877887,9.0,0.20098102159788386,240.24852071005918,333.36480960899564,0.008751608358914937,0.2323943661971831,0.2727272727272727,0.2509505703422053,0.04528620555945655,0.19966996699669967,9.0,0.07664295436451886,165.27272727272728,430.5679533574588,0.008751608358914937,52.28832398587838
0.25796178343949044,0.5827338129496403,0.48846960167714887,0.35761589403973515,0.5471321056362457,0.544815514175844,0.545972581229427,0.545734866725291,0.07882157927656556,0.5275974025974026,0.7000168323762567,0.43884892086330934,0.21403508771929824,0.2877358490566038,-0.025781857830794615,0.46266233766233766,25.0,0.20136008120588392,131.84561403508772,302.93988577422925,0.02196641524654034,0.07913669064748201,0.08943089430894309,0.08396946564885496,-0.16277180259456067,0.19967532467532467,25.0,0.02726616636644742,55.08943089430895,403.4303851947493,0.02196641524654034,53.861346842721105
0.291044776119403,0.8357142857142857,0.6,0.43173431734317347,0.6178571428571429,0.5410404624277456,0.5781744669956589,0.5601194503513669,0.2077274541702963,0.4991869918699187,0.7470738274787385,0.6071428571428571,0.2698412698412698,0.3736263736263736,0.10312430494292127,0.5121951219512195,1.0,0.2009816764424388,165.95238095238093,422.9241267392056,0.0016634440112359762,0.22142857142857142,0.25203252032520324,0.23574144486692014,0.029083752537355546,0.2,1.0,0.026825003876445645,155.0,1155.6382300179391,0.0016634440112359762,55.68489816505462
0.3756906077348066,0.5,0.23443983402489627,0.42902208201892744,0.6327800829875518,0.6049180327868853,0.6186922360815205,0.6095118210639272,0.24175524149426236,0.7071197411003236,0.5372237593182776,0.47794117647058826,0.37142857142857144,0.4180064308681672,0.22963327444126075,0.28317152103559873,2.0,0.2102280988165115,229.54285714285712,309.1879742333228,0.0024832641240581247,0.2647058823529412,0.2926829268292683,0.277992277992278,0.08737575656902064,0.19902912621359223,2.0,0.06596213999975076,180.8780487804878,545.7676176081617,0.0024832641240581247,52.12559747416526
0.37158469945355194,0.5074626865671642,0.24416135881104034,0.42902208201892744,0.631650663878062,0.6072342346861987,0.6193221354586192,0.6112791655570227,0.2380313345514812,0.7008264462809918,0.5826854301100841,0.4626865671641791,0.3563218390804598,0.4025974025974026,0.20631399511308102,0.28760330578512394,22.0,0.20315935596964263,215.57471264367817,305.17915211970075,0.021283041291497436,0.26119402985074625,0.2892561983471074,0.2745098039215686,0.08160015962385446,0.2,22.0,0.0685624829011764,175.0,510.48326313455993,0.021283041291497436,49.94869478978217
0.3743016759776536,0.49264705882352944,0.23529411764705882,0.42539682539682544,0.6286764705882353,0.5992432060543516,0.6137834339620355,0.6045443585433866,0.2351969052054037,0.704248366013072,0.5420346424075236,0.4411764705882353,0.3592814371257485,0.3960396039603961,0.20195981372871763,0.272875816993464,11.0,0.20344321418503145,219.8802395209581,294.92259174311926,0.010586470247043688,0.2647058823529412,0.29508196721311475,0.27906976744186046,0.08744762396897714,0.19934640522875818,11.0,0.08452983892134656,180.59016393442622,425.8851129894773,0.010586470247043688,53.01927401591092
0.3987730061349693,0.4676258992805755,0.2028985507246377,0.43046357615894043,0.6323636742779689,0.5894476504534213,0.6105286905913934,0.5971414609301584,0.25077233882675765,0.7234726688102894,0.5632762145246344,0.43884892086330934,0.391025641025641,0.41355932203389834,0.2327184931481111,0.2508038585209003,1.0,0.20111452696122023,243.21794871794873,303.3097654440561,0.001675469440659015,0.302158273381295,0.3387096774193548,0.31939163498098855,0.13803765297626205,0.19935691318327975,1.0,0.09224489104567359,210.6774193548387,455.30976863753216,0.001675469440659015,57.846960722934455
0.3525641025641026,0.41044776119402987,0.21085594989561587,0.37931034482758624,0.5997959056492069,0.5400210397807708,0.5691242470892747,0.5572630160651167,0.18938364721561318,0.7063621533442088,0.6074984426292414,0.3805970149253731,0.34,0.3591549295774648,0.16719552287433437,0.24469820554649266,25.0,0.2051263685100803,208.42,248.62722608719008,0.024003428909112924,0.208955223880597,0.22950819672131148,0.21875,0.013159801589547918,0.19902120717781402,25.0,0.09356283713421454,140.68852459016395,299.2641187209234,0.024003428909112924,52.75842295307666
0.4166666666666667,0.5633802816901409,0.23779193205944799,0.4790419161676647,0.6627941748153465,0.6478828757698121,0.6552961132364866,0.6484450388847103,0.2961636950290175,0.7161500815660685,0.6194969101679486,0.4084507042253521,0.36024844720496896,0.38283828382838286,0.18192537644594625,0.2626427406199021,8.0,0.20146197681273334,220.83229813664596,287.89551714720454,0.008213416199800164,0.28169014084507044,0.32786885245901637,0.30303030303030304,0.11368832488555593,0.19902120717781402,8.0,0.10674002751031637,200.98360655737707,374.7422680412371,0.008213416199800164,57.6029640249908
0.35,0.44366197183098594,0.24579831932773108,0.391304347826087,0.5989318262516273,0.558678951658721,0.5784553611172624,0.5699251138631065,0.18320628254984814,0.6828478964401294,0.5659803729966784,0.4225352112676056,0.34285714285714286,0.37854889589905366,0.16894989298750782,0.28317152103559873,7.0,0.20646834128919775,211.88571428571427,290.60145311071545,0.006723337582173077,0.22535211267605634,0.2601626016260163,0.24150943396226418,0.03600884373567419,0.19902912621359223,7.0,0.059646630472036916,160.78048780487805,536.4930046635576,0.006723337582173077,55.93234357004985
0.42105263157894735,0.4897959183673469,0.21108742004264391,0.45283018867924524,0.6393542491623515,0.6043694276185938,0.6216157668622686,0.6095732438632833,0.2652877762897436,0.7175324675324676,0.5170875056688762,0.41496598639455784,0.41216216216216217,0.41355932203389834,0.22893258185979712,0.24025974025974026,9.0,0.20199224377875663,253.8918918918919,301.9917936394314,0.009505979997353654,0.3197278911564626,0.3821138211382114,0.34814814814814815,0.1681312305774363,0.19967532467532467,9.0,0.12746642155217375,235.3821138211382,368.7245584184087,0.009505979997353654,52.67999026039615
0.3632286995515695,0.5664335664335665,0.3034188034188034,0.4426229508196721,0.6315073815073815,0.6248018361214301,0.6281456610453092,0.6258056503742908,0.23131445717550558,0.6661211129296236,0.7129520655833792,0.5594405594405595,0.36363636363636365,0.44077134986225897,0.22959238858437384,0.36006546644844517,14.0,0.20306103368569303,222.1818181818182,393.9702194357367,0.013046781977964715,0.20279720279720279,0.23770491803278687,0.2188679245283019,0.0043205333011379085,0.19967266775777415,14.0,0.044304225531423935,145.2377049180328,654.5651041666666,0.013046781977964715,52.718442535959184
0.3673469387755102,0.5034965034965035,0.2627118644067797,0.42477876106194695,0.620392319544862,0.5983665281558963,0.60927990147439,0.6028015321402387,0.2182894509149904,0.6829268292682927,0.5599790108449378,0.34265734265734266,0.30625,0.32343234323432346,0.10349817909703575,0.2601626016260163,1.0,0.20006295376319805,188.34374999999997,244.9229059068988,0.001691022863464937,0.22377622377622378,0.2601626016260163,0.2406015037593985,0.03271748467539415,0.2,1.0,0.11034699840562752,160.0,289.99429492744633,0.001691022863464937,56.831752312835306
0.36363636363636365,0.47058823529411764,0.22903885480572597,0.41025641025641024,0.6207746902441958,0.584439492297258,0.602333167605193,0.59211790084651,0.2215900764434254,0.7056,0.5578409416259278,0.4117647058823529,0.3373493975903614,0.3708609271523179,0.1745328466703299,0.2656,7.0,0.20091726192045126,210.8433734939759,278.7216960092357,0.006982514035688869,0.25735294117647056,0.28,0.2681992337164751,0.07561548248147208,0.2,7.0,0.08815203352750468,175.0,397.0413228082765,0.006982514035688869,54.33277259627357
0.301994301994302,0.762589928057554,0.5190677966101694,0.4326530612244898,0.6217610657236923,0.5898633327204756,0.6056022245530575,0.596394425374566,0.20647934009108393,0.5450081833060556,0.6702103875353926,0.4748201438848921,0.2509505703422053,0.32835820895522383,0.04863850771155859,0.43044189852700493,1.0,0.20021525750339966,153.33079847908743,329.6452069786905,0.001701109565440569,0.1510791366906475,0.1721311475409836,0.16091954022988503,-0.06596623909402792,0.19967266775777415,1.0,0.04412134336149726,105.17213114754098,475.9601226993865,0.001701109565440569,58.9858112372458
0.41578947368421054,0.5197368421052632,0.23125,0.4619883040935672,0.6442434210526317,0.6201812611692622,0.6320978542665852,0.6230853788117097,0.2688936134142637,0.7088607594936709,0.6075763562846821,0.39473684210526316,0.36363636363636365,0.3785488958990536,0.17124669506528187,0.2610759493670886,6.0,0.20005725464001145,229.8181818181818,299.91414261865015,0.006096889026513229,0.2631578947368421,0.31746031746031744,0.2877697841726619,0.08984953068587138,0.19936708860759494,6.0,0.10782957202156591,200.63492063492063,370.95575221238937,0.006096889026513229,49.98565979581326
0.30913978494623656,0.8156028368794326,0.5421940928270043,0.4483430799220273,0.6367043720262142,0.5864382483226996,0.6110546592821771,0.5950452197692864,0.23509127985538494,0.5398373983739837,0.7238791526626384,0.5460992907801419,0.2682926829268293,0.3598130841121496,0.08683934540003821,0.4666666666666667,5.0,0.20014173078961905,165.0,384.72736143637786,0.005045447350904014,0.1773049645390071,0.2032520325203252,0.18939393939393936,-0.030945055064634918,0.2,5.0,0.036621227254719245,125.0,682.6641779673929,0.005045447350904014,52.35799194732681
0.32653061224489793,0.47058823529411764,0.2838709677419355,0.38554216867469876,0.5933586337760911,0.5679565078349855,0.5805186452933332,0.5752297427221749,0.16665750145835842,0.6605657237936772,0.5667254924034547,0.4264705882352941,0.3118279569892473,0.3602484472049689,0.13685866151713844,0.30948419301164726,12.0,0.20130576158365704,187.40860215053763,288.1189268688508,0.011611628410801848,0.20588235294117646,0.23333333333333334,0.21874999999999997,0.008408230726087726,0.19966722129783693,12.0,0.059024711461401425,140.23333333333335,474.3775836720574,0.011611628410801848,53.270332009065896
0.375,0.4375,0.22058823529411764,0.40384615384615385,0.6084558823529411,0.5604229607250756,0.583945756949071,0.5727615305533846,0.20608385599108964,0.7,0.5192760073054632,0.3888888888888889,0.3522012578616352,0.3696369636963696,0.166813299950132,0.2564516129032258,1.0,0.20554290649289472,218.3647798742138,272.44919786096256,0.0016717867933655314,0.2569444444444444,0.29838709677419356,0.27611940298507465,0.07830132995449304,0.2,1.0,0.08894222680828633,185.0,416.00037831021433,0.0016717867933655314,55.599076244048774
0.4519774011299435,0.5298013245033113,0.2108695652173913,0.4878048780487805,0.65946587964296,0.6339711612980691,0.6465928777474277,0.6356150607024132,0.30327293904766023,0.7250409165302782,0.6286727111222705,0.5099337748344371,0.4502923976608187,0.47826086956521735,0.29361374130273926,0.27986906710310966,1.0,0.2038541708827458,275.12865497076024,377.7209937209937,0.0016847245130275437,0.304635761589404,0.3770491803278688,0.33699633699633696,0.15043643960646114,0.19967266775777415,1.0,0.0784342494030032,230.37704918032787,586.478488034574,0.0016847245130275437,55.64102524612099
0.358695652173913,0.4583333333333333,0.2548596112311015,0.40243902439024387,0.601736861051116,0.5675615045240411,0.5843994166541794,0.5767056584274685,0.18832196453010827,0.6771004942339374,0.5889350826299837,0.4305555555555556,0.34831460674157305,0.38509316770186336,0.1682066779335369,0.2932454695222405,1.0,0.20381700981048934,211.42696629213484,304.194434299905,0.0016945884148279321,0.2152777777777778,0.256198347107438,0.2339622641509434,0.022246851459973484,0.19934102141680396,1.0,0.0723356110341953,155.51239669421489,428.5579337312204,0.0016945884148279321,56.08197569474578
0.19607843137254902,0.07042253521126761,0.08384458077709611,0.10362694300518135,0.4932889772170857,0.1307914635214434,0.2540039119171565,0.34002114550209495,-0.020564503367722267,0.7258320126782885,0.4104346455837389,0.07042253521126761,0.19607843137254902,0.10362694300518135,-0.020564503367722267,0.08082408874801902,3.0,0.36353908877902097,123.72549019607843,27.507358379496157,0.003205239555457768,0.352112676056338,0.3968253968253968,0.3731343283582089,0.20547431675918423,0.19968304278922344,3.0,0.39821882253524216,250.39682539682542,125.5591076325254,0.003205239555457768,53.513471585232764
0.45161290322580644,0.5072463768115942,0.17708333333333334,0.477815699658703,0.6650815217391304,0.6276245602088298,0.6460816493172833,0.6297537035230834,0.3171993411318594,0.7524271844660194,0.5735447768171309,0.4782608695652174,0.4489795918367347,0.46315789473684216,0.3027380061802758,0.23786407766990292,0.0,0.20329223921721007,277.46938775510205,324.65577758470897,0.0008342932423304819,0.37681159420289856,0.42276422764227645,0.3984674329501916,0.23874878780663683,0.19902912621359223,0.0,0.12180376760545611,261.2682926829268,426.9161867672039,0.0008342932423304819,53.66471289470792
0.35428571428571426,0.45255474452554745,0.23395445134575568,0.39743589743589747,0.609300146589896,0.5689766357458207,0.588793297827136,0.5790302902547606,0.20150487579890253,0.6967741935483871,0.5276406483062596,0.40145985401459855,0.3374233128834356,0.36666666666666664,0.16763079769033754,0.2629032258064516,16.0,0.20213389551624847,209.20245398773008,272.09686856096255,0.01448610687225488,0.25547445255474455,0.28225806451612906,0.26819923371647514,0.07386177701792086,0.2,16.0,0.09023549979432333,175.0,387.873952931791,0.01448610687225488,55.92967773601413
0.31137724550898205,0.7819548872180451,0.4872881355932203,0.4453961456102784,0.6473333758124123,0.6193370573615178,0.633180501995724,0.6225126503457288,0.24539746748204355,0.571900826446281,0.7344105006075765,0.6691729323308271,0.2956810631229236,0.41013824884792627,0.18223832300096485,0.4975206611570248,1.0,0.20177313059716853,178.88704318936877,441.0894539654277,0.0016847026296827798,0.21804511278195488,0.2396694214876033,0.22834645669291337,0.02394718286611481,0.2,1.0,0.023341104969481045,145.0,1242.443322109989,0.0016847026296827798,50.94258864689618
0.2916666666666667,0.8040540540540541,0.6201716738197425,0.42805755395683454,0.5919411901171558,0.5159338640538885,0.5526323420772635,0.5401045125569112,0.1665713252713959,0.4820846905537459,0.7162176623750939,0.5675675675675675,0.2545454545454545,0.3514644351464435,0.034031111742732906,0.5374592833876222,1.0,0.20008694182143116,156.29090909090908,419.81750150875075,0.0016576451022577263,0.14864864864864866,0.18032786885245902,0.16296296296296295,-0.07068612481765142,0.1986970684039088,1.0,0.025256599125751684,110.72131147540983,871.059475999235,0.0016576451022577263,52.10608235793188
0.41836734693877553,0.5655172413793104,0.23123732251521298,0.4809384164222874,0.6671399594320487,0.6516601838940669,0.6593546455789701,0.6519727260237719,0.30365370080209747,0.7225705329153606,0.5923651575792684,0.46206896551724136,0.3850574712643678,0.42006269592476486,0.23056525468371447,0.2727272727272727,8.0,0.20298653634047084,245.66666666666669,330.0711525399911,0.007861491437164522,0.2827586206896552,0.3228346456692913,0.3014705882352941,0.11368141953298215,0.19905956112852666,8.0,0.09142167116723082,205.96850393700785,448.47134685387414,0.007861491437164522,54.54809980886057
0.31978319783197834,0.7919463087248322,0.5421166306695464,0.45559845559845563,0.6249148390276429,0.5802695367771566,0.6021785816248713,0.5894048345987717,0.2191347931309889,0.5392156862745098,0.704793780822605,0.5436241610738255,0.27,0.3608017817371938,0.06062974274985321,0.49019607843137253,1.0,0.20037155854375124,165.24,404.2489891713529,0.0016712359049217433,0.14093959731543623,0.1721311475409836,0.15498154981549817,-0.08293532999596931,0.19934640522875818,1.0,0.03296534448319373,105.34426229508196,637.0326271186441,0.0016712359049217433,53.190832098945975
0.4956521739130435,0.456,0.1226215644820296,0.47500000000000003,0.6666892177589852,0.6001065503069665,0.6325223842649321,0.6056828382659332,0.3439541830187677,0.7892976588628763,0.5737459392984592,0.44,0.5045871559633027,0.47008547008547,0.34317509133794194,0.18227424749163879,5.0,0.20895320268518697,301.7431192660551,263.21683177483567,0.005568075641665107,0.456,0.4789915966386555,0.4672131147540984,0.3309201082539628,0.19899665551839466,5.0,0.555091795476969,286.43697478991595,102.68571876660886,0.005568075641665107,53.62448695814237
0.3046875,0.7959183673469388,0.5705128205128205,0.44067796610169496,0.6127027734170591,0.5579160883954308,0.5846680551337464,0.5715526921803378,0.19850643543781102,0.5170731707317073,0.702314110872715,0.48299319727891155,0.25,0.3294663573085847,0.02383786478767031,0.46178861788617886,4.0,0.20124142060896402,153.75,352.81007153075825,0.004214748144994003,0.14965986394557823,0.17886178861788618,0.16296296296296295,-0.07053263917605028,0.2,4.0,0.039108203970703394,110.0,562.5418138987044,0.004214748144994003,48.63351829024032
0.32105263157894737,0.8356164383561644,0.5386221294363257,0.46387832699619763,0.6484971544599194,0.5945052037396366,0.6209145939151124,0.6017941778067311,0.25740529206920254,0.5488,0.7521056719682064,0.6095890410958904,0.28802588996763756,0.3912087912087912,0.12719705918239974,0.4944,0.0,0.20156290192391274,180.01618122977345,441.5495071290266,0.000826610134913384,0.17123287671232876,0.2,0.18450184501845018,-0.03970499214789291,0.2,0.0,0.03224704849253586,125.0,775.2647503782148,0.000826610134913384,53.07718182308599
0.49382716049382713,0.5333333333333333,0.17446808510638298,0.5128205128205128,0.679432624113475,0.6480167014613779,0.663538761447485,0.6477097145119768,0.34981281587128227,0.7548387096774194,0.5671608997021207,0.44,0.4748201438848921,0.45674740484429066,0.2923296561100899,0.22419354838709676,1.0,0.20348203936370363,294.38848920863313,324.3529512795557,0.0017031869496897001,0.38,0.4596774193548387,0.416058394160584,0.25421970728971444,0.2,1.0,0.14957974382721442,285.0,381.0676401869159,0.0017031869496897001,54.359651155769825
0.3470319634703196,0.5,0.3115468409586057,0.40970350404312667,0.5942265795206971,0.5792850595783684,0.5867082575869349,0.583429817370898,0.1698894724440407,0.6415711947626841,0.5507142732527498,0.4144736842105263,0.3118811881188119,0.35593220338983045,0.10259264538158536,0.33060556464811786,36.0,0.20260247105323417,190.55940594059405,310.9537592137592,0.03341433945167915,0.15789473684210525,0.19672131147540983,0.17518248175182483,-0.0601408059705039,0.19967266775777415,36.0,0.05730613382714574,120.1967213114754,418.8033356497568,0.03341433945167915,52.104561906307936
0.34269662921348315,0.4728682170542636,0.23975409836065573,0.3973941368078176,0.6165570593468038,0.5830703234699266,0.5995799563286015,0.5905186547153327,0.20923343381390377,0.700162074554295,0.537867179230804,0.46511627906976744,0.3448275862068966,0.39603960396039606,0.20921726081753153,0.2820097244732577,1.0,0.2358628970093531,212.7586206896552,254.38507183951324,0.001654492004011669,0.26356589147286824,0.2764227642276423,0.2698412698412699,0.08263900597499045,0.1993517017828201,1.0,0.058949739086572105,170.55284552845526,576.7625188309732,0.001654492004011669,51.94917729077861
0.3641304347826087,0.47183098591549294,0.24273858921161826,0.4110429447852761,0.6145461983519374,0.581403642242404,0.5977452618365445,0.5889741309044849,0.2106411015683321,0.6923076923076923,0.5546929714143933,0.4014084507042254,0.3333333333333333,0.3642172523961661,0.15499768025220473,0.27403846153846156,16.0,0.20034975494143906,207.99999999999997,284.50246927759275,0.014680263773518335,0.22535211267605634,0.25806451612903225,0.24060150375939848,0.03622834266957634,0.1987179487179487,16.0,0.08001219540256334,161.03225806451613,399.93903228125674,0.014680263773518335,54.30030417814851
0.39473684210526316,0.5555555555555556,0.25054466230936817,0.46153846153846156,0.6525054466230937,0.6381005379335931,0.6452627964595475,0.6392344999800798,0.27404450240042316,0.7053872053872053,0.6450415849157305,0.5111111111111111,0.3770491803278688,0.43396226415094336,0.23848517851242212,0.30808080808080807,2.0,0.20498879285923732,223.96721311475412,336.603767638074,0.0026246506694891725,0.2814814814814815,0.3220338983050847,0.30039525691699603,0.11258516385736131,0.19865319865319866,2.0,0.0630084836316106,191.28813559322032,603.0933901246253,0.0026246506694891725,55.38027518475428
0.37894736842105264,0.48,0.23742454728370221,0.4235294117647059,0.6212877263581489,0.5891573288425416,0.6050092704280017,0.5957906386209797,0.22476866905448342,0.6970633693972179,0.5794672203660518,0.3933333333333333,0.34502923976608185,0.367601246105919,0.1607618610491834,0.2642967542503864,0.0,0.20165718947483774,223.23391812865498,292.57573287443773,0.000803238186027299,0.23333333333333334,0.2713178294573643,0.25089605734767023,0.046684408438310857,0.19938176197836166,0.0,0.092746599778392,175.54263565891475,377.3723250623605,0.000803238186027299,52.91819001082331
0.41530054644808745,0.5033112582781457,0.226215644820296,0.45508982035928147,0.6385478067289249,0.6099063740215319,0.6240627992769963,0.6140769350539533,0.26067768480989456,0.7083333333333334,0.5736704401684793,0.4105960264900662,0.3875,0.3987138263665595,0.19951144107646304,0.2564102564102564,3.0,0.20304571399478427,241.8,305.3499568160923,0.0033635234351689918,0.271523178807947,0.33064516129032256,0.2981818181818182,0.10308826417764076,0.1987179487179487,3.0,0.11242667149394987,206.3225806451613,364.68214752943544,0.0033635234351689918,53.821888860780746
0.05555555555555555,0.021739130434782608,0.10647181628392484,0.03125,0.4576336570754289,0.04244557941191054,0.13937189721374305,0.30418013229525664,-0.12494163803542116,0.6985413290113452,0.4129657938260314,0.021739130434782608,0.05555555555555555,0.03125,-0.12494163803542116,0.08752025931928688,27.0,0.21008437844630812,34.27777777777778,14.279976560783261,0.024980709715374205,0.2318840579710145,0.2601626016260163,0.24521072796934867,0.0437075475760603,0.1993517017828201,27.0,0.24283039675822626,160.520325203252,131.7792188589172,0.024980709715374205,50.99815132562071
0.3305084745762712,0.8068965517241379,0.5152173913043478,0.4689378757515029,0.6458395802098951,0.6056758168417387,0.6254353805888773,0.6109383711810648,0.2527143052267816,0.5619834710743802,0.7449939905693052,0.6206896551724138,0.3050847457627119,0.40909090909090917,0.14948654946626544,0.48760330578512395,1.0,0.2019879129156056,184.5762711864407,445.57121612323266,0.0016797926014368622,0.1793103448275862,0.21487603305785125,0.1954887218045113,-0.029040115974838736,0.2,1.0,0.027895340913166672,130.0,932.0552876888461,0.0016797926014368622,46.80273281317204
0.2707774798927614,0.7769230769230769,0.5925925925925926,0.40159045725646125,0.5921652421652421,0.5345200866009141,0.5626048493607361,0.5522672145101066,0.15863312935610066,0.48896434634974534,0.6740874838669664,0.5153846153846153,0.22259136212624583,0.31090487238979114,0.004630061107902406,0.5110356536502547,4.0,0.20130099617873787,131.10631229235878,332.83491523563947,0.004385294577919423,0.1,0.1111111111111111,0.10526315789473685,-0.13157625939008963,0.19864176570458403,4.0,0.029123318534225697,65.44444444444444,446.37770193401593,0.004385294577919423,50.20373527472839
0.2857142857142857,0.8095238095238095,0.53125,0.4223602484472049,0.6391369047619048,0.5937136204889406,0.6160067253807264,0.6009337513405062,0.22953263541116226,0.5396039603960396,0.723740654862875,0.5714285714285714,0.2517482517482518,0.34951456310679613,0.10209889906267446,0.47194719471947194,0.0,0.20005526388505113,152.55944055944056,359.90055248618785,0.0008444733451108668,0.16666666666666666,0.17355371900826447,0.1700404858299595,-0.04229909689370855,0.19966996699669967,0.0,0.03340556420063699,105.17355371900827,628.6377884196778,0.0008444733451108668,55.32014273805544
0.3804347826086957,0.49295774647887325,0.2389937106918239,0.4294478527607362,0.6269820178935248,0.5983328623905058,0.6124899553736436,0.6036353695105794,0.23362646710517254,0.6995153473344103,0.5600802400275726,0.4859154929577465,0.3854748603351955,0.4299065420560748,0.23676315907760423,0.28917609046849757,4.0,0.20079364783090747,238.60893854748605,343.63636870677476,0.004122765986508781,0.2605633802816901,0.3008130081300813,0.27924528301886786,0.0845790060885185,0.1987075928917609,4.0,0.05998275327855695,186.20325203252034,616.8439756036844,0.004122765986508781,53.39845222374424
0.3142857142857143,0.5579710144927537,0.35668789808917195,0.40208877284595296,0.6006415582017909,0.597610174050025,0.5991239488942589,0.5983684022192497,0.17183974146604983,0.6239737274220033,0.6261986344692156,0.5217391304347826,0.3037974683544304,0.384,0.1471863428254333,0.3891625615763547,10.0,0.20214444226385472,185.01265822784808,356.1809525587648,0.00948975154638227,0.17391304347826086,0.19834710743801653,0.18532818532818532,-0.033606875124725315,0.1986863711001642,10.0,0.03808064491780015,120.79338842975206,630.2414271555996,0.00948975154638227,57.701026991941035
