0.2961165048543689,0.8133333333333334,0.29471544715447157,0.43416370106761565,0.759308943089431,0.7554651391045202,0.7573846026388199,0.7533204110228163,0.36532001150509,0.7195767195767195,1.1324584429624096,0.48,0.23529411764705882,0.3157894736842105,0.184855632901145,0.2698412698412698,10.0,0.20308073654390935,133.41176470588235,177.26939843068877,0.010842978324092582,0.28,0.18584070796460178,0.22340425531914893,0.07888000835374397,0.19929453262786595,10.0,0.10094482359000773,105.3716814159292,208.0344415211672,0.010842978324092582,53.72325651021674
0.16993464052287582,0.8524590163934426,0.49609375,0.28337874659400547,0.6781826331967213,0.6333978565695669,0.6554078319867014,0.6340236683659359,0.22033268275284942,0.5410122164048866,0.7477056883837253,0.6229508196721312,0.14074074074074075,0.22960725075528704,0.10493018077542059,0.4712041884816754,41.0,0.20136520875854796,80.64444444444445,188.71184468397846,0.039461026736912035,0.09836065573770492,0.05263157894736842,0.06857142857142857,-0.08697415138169555,0.19895287958115182,41.0,0.02735350520740197,30.157894736842106,219.35031559963932,0.039461026736912035,51.62954364717007
0.32038834951456313,0.8571428571428571,0.29535864978902954,0.46643109540636046,0.7808921036769139,0.7734465457352374,0.7771604082689956,0.7680033456378037,0.40258807079069053,0.7259528130671506,0.8448769686445747,0.4935064935064935,0.2620689655172414,0.34234234234234234,0.21083676669818377,0.2631578947368421,0.0,0.20229105486412158,144.4,187.84814793478887,0.0009482278526738441,0.2987012987012987,0.20909090909090908,0.24598930481283418,0.09988705738874633,0.1996370235934664,0.0,0.10499697012072903,115.20909090909092,219.05394006659267,0.0009482278526738441,50.68689179606736
0.1695501730103806,0.8166666666666667,0.4752475247524752,0.2808022922636103,0.6707095709570957,0.6389469799483332,0.6546356656839578,0.6398116319934348,0.21042906153642185,0.5557522123893806,0.7172636851960897,0.43333333333333335,0.11403508771929824,0.18055555555555555,0.02093233543600643,0.40353982300884955,44.0,0.20035686760714405,64.4298245614035,129.76844922021994,0.043508965355270754,0.05,0.02654867256637168,0.03468208092485549,-0.12925912266482087,0.2,44.0,0.037177897664443925,15.0,80.69310500225326,0.043508965355270754,49.183961731847376
0.23348017621145375,0.803030303030303,0.3466135458167331,0.36177474402730375,0.7282083786067849,0.7205205786048825,0.7243542795474353,0.7180975242499786,0.2986037718654849,0.670774647887324,1.13190196152434,0.4090909090909091,0.17197452229299362,0.24215246636771298,0.1075749659890369,0.2764084507042254,16.0,0.20064963987354836,97.68152866242038,134.56291283161883,0.017039725452256183,0.19696969696969696,0.11504424778761062,0.14525139664804468,-0.0017929285107007753,0.198943661971831,16.0,0.09456714212773354,65.34513274336283,137.46846639862147,0.017039725452256183,54.39431780716404
0.20068027210884354,0.8082191780821918,0.47283702213279677,0.32152588555858314,0.6676910779746975,0.6381143057648248,0.6527351903239105,0.6391989931036217,0.22425976895358654,0.5631578947368421,0.7269455045324174,0.6164383561643836,0.16605166051660517,0.2616279069767442,0.10820721617846557,0.47543859649122805,44.0,0.2005061133161077,94.64944649446495,224.43205973004572,0.042214687380393925,0.0410958904109589,0.02631578947368421,0.03208556149732621,-0.1522503758685794,0.2,44.0,0.023718068245385044,15.0,126.48584905660378,0.042214687380393925,51.010863253846765
0.18478260869565216,0.576271186440678,0.29354207436399216,0.27983539094650206,0.641364556038343,0.6347580999663848,0.6380527775793179,0.6355051050684619,0.1842062753934099,0.6929824561403509,0.5472219006365098,0.3389830508474576,0.125,0.182648401826484,0.04407250094791735,0.2807017543859649,73.0,0.2001730747944737,71.25,99.91353742522494,0.08289394684852583,0.1016949152542373,0.05263157894736842,0.06936416184971099,-0.08350866603768227,0.2,73.0,0.08269352680143692,30.0,72.55706984667803,0.08289394684852583,51.40420424519107
0.24836601307189543,0.5671641791044776,0.224609375,0.34545454545454546,0.6712774020522387,0.6551297361849963,0.663154421921043,0.655183948178024,0.24851461216330525,0.7512953367875648,0.5942060965981951,0.40298507462686567,0.1956521739130435,0.2634146341463415,0.13978664976918237,0.23834196891191708,26.0,0.2054861001213272,113.28260869565219,131.39574883195564,0.026048562044288397,0.2835820895522388,0.16521739130434782,0.20879120879120877,0.07703833903640196,0.19861830742659758,26.0,0.11260220499024107,95.6608695652174,168.73559449077112,0.026048562044288397,51.54490763833746
0.20512820512820512,0.625,0.30097087378640774,0.3088803088803089,0.6620145631067961,0.6599450045829514,0.6609789738588476,0.6599937744189426,0.21497835398268658,0.690846286701209,0.564282572784339,0.390625,0.15432098765432098,0.22123893805309733,0.08703733133391162,0.27979274611398963,28.0,0.20284092664888084,89.35185185185185,123.24928905139141,0.028643264418603563,0.171875,0.09565217391304348,0.1229050279329609,-0.02363045818557796,0.19861830742659758,28.0,0.08190068087473347,55.38260869565217,134.30901773361842,0.028643264418603563,49.458463987801224
0.2330508474576271,0.8333333333333334,0.362,0.3642384105960265,0.7356666666666668,0.7227004984141369,0.7291547618075787,0.7182006229799489,0.3068118668781416,0.6607773851590106,0.6828684000247107,0.4393939393939394,0.1686046511627907,0.24369747899159663,0.10704166024901225,0.303886925795053,9.0,0.20230279855165645,95.43023255813954,143.34947518086398,0.009751826900921004,0.19696969696969696,0.11504424778761062,0.14525139664804468,-0.002433070579548089,0.19964664310954064,9.0,0.08045413014787994,65.11504424778761,161.58275499474237,0.009751826900921004,52.10592451598495
0.22477064220183487,0.8305084745762712,0.33072407045009783,0.35379061371841153,0.7498922020630867,0.7412256452219298,0.7455463307676493,0.7372208265810019,0.3132705554407165,0.6859649122807018,0.7212672891371279,0.576271186440678,0.19653179190751446,0.2931034482758621,0.20158426646929262,0.30350877192982456,32.0,0.20166038976566236,112.02312138728324,168.60028902805055,0.03432756928188477,0.23728813559322035,0.12280701754385964,0.16184971098265896,0.031675700910845,0.2,32.0,0.07845379005260641,70.0,178.4489951423945,0.03432756928188477,54.39477056870237
0.2916666666666667,0.8484848484848485,0.25757575757575757,0.434108527131783,0.7954545454545454,0.7919191919191918,0.7936849002247754,0.7886920351366462,0.39705069415799193,0.7542087542087542,0.8856783133277999,0.5454545454545454,0.24161073825503357,0.33488372093023255,0.24028126820789608,0.25084175084175087,6.0,0.20220409650259066,143.51677852348993,178.03793603923728,0.006018753625416514,0.3787878787878788,0.211864406779661,0.2717391304347826,0.15962257194708887,0.19865319865319866,6.0,0.10264532059585492,125.84745762711864,243.5571329981268,0.006018753625416514,52.77971792826429
0.235,0.734375,0.2953667953667954,0.3560606060606061,0.7195041023166024,0.7191967467404519,0.7193504081131181,0.719110177800752,0.28918837069717673,0.7079037800687286,0.6428984832345965,0.484375,0.2080536912751678,0.2910798122065728,0.18392189338471293,0.25601374570446733,11.0,0.20226893974681448,121.08724832214766,153.26129676065707,0.011572100654855639,0.3125,0.1724137931034483,0.22222222222222224,0.09959184600083695,0.19931271477663232,11.0,0.11992671490233829,100.34482758620689,166.76851372345934,0.011572100654855639,54.27200825884938
0.2619047619047619,0.859375,0.2958015267175573,0.40145985401459855,0.7817867366412213,0.7740865054542679,0.777927093612955,0.7684034393245036,0.36631156179588914,0.7210884353741497,0.7011144596303227,0.46875,0.20408163265306123,0.28436018957345977,0.1765516453068614,0.25,19.0,0.2012651531353061,120.0,149.05709971478106,0.020225964613415352,0.3125,0.17094017094017094,0.22099447513812157,0.09937387591613026,0.1989795918367347,19.0,0.11986312934052204,100.51282051282051,166.8569818762325,0.020225964613415352,54.219163534697145
0.17073170731707318,0.45901639344262296,0.27364185110663986,0.2488888888888889,0.5926872711679916,0.5625400005565294,0.5774169185715724,0.5713141445995125,0.12697644644224057,0.6971326164874552,0.4658887348357569,0.26229508196721313,0.11267605633802817,0.15763546798029557,0.006285613707765381,0.25448028673835127,24.0,0.20249617404971668,62.87323943661971,79.01383853342185,0.025441513106075668,0.13114754098360656,0.07207207207207207,0.09302325581395347,-0.05948250252292186,0.1989247311827957,24.0,0.09829590106299375,40.21621621621622,81.38691352829792,0.025441513106075668,52.036280078813434
0.20958083832335328,0.7608695652173914,0.2603550295857988,0.32863849765258213,0.7502572678157963,0.7501071581654521,0.7501822092360518,0.750031895764738,0.3010562877187156,0.7414104882459313,0.6397378740861229,0.391304347826087,0.1565217391304348,0.2236024844720497,0.13607854932891622,0.20795660036166366,25.0,0.20030614759946555,86.55652173913043,89.86244414221876,0.029955398319237762,0.34782608695652173,0.14545454545454545,0.20512820512820512,0.11236443416063839,0.19891500904159132,25.0,0.18108111614150246,80.43636363636364,88.35819184755354,0.029955398319237762,55.100107026752084
0.25853658536585367,0.7681159420289855,0.29980276134122286,0.3868613138686131,0.7341565903438814,0.7325857571156018,0.7333707531518291,0.7319963507254733,0.3176150118655877,0.7083333333333334,0.5735888258528195,0.34782608695652173,0.1875,0.2436548223350254,0.11145564251507058,0.2222222222222222,45.0,0.20011502300460093,108.0,119.9310258653005,0.05762159376319708,0.2463768115942029,0.14782608695652175,0.18478260869565216,0.043120520632295246,0.1996527777777778,45.0,0.16166983396679335,85.14782608695651,105.1525790735442,0.05762159376319708,51.724398266058415
0.31,0.8493150684931506,0.27655310621242485,0.45421245421245426,0.7863809811403628,0.781344364734426,0.7838586276544716,0.7773033799774179,0.4007738747344838,0.7395104895104895,0.7350125213985098,0.5068493150684932,0.25170068027210885,0.33636363636363636,0.218697778777262,0.256993006993007,8.0,0.20042864394352428,143.97278911564626,184.60435231216584,0.008929342639462774,0.3013698630136986,0.19298245614035087,0.23529411764705882,0.09772745246480052,0.1993006993006993,8.0,0.11200203041867986,110.3859649122807,196.42501049097774,0.008929342639462774,52.51590636000037
0.28289473684210525,0.6825396825396826,0.2193158953722334,0.39999999999999997,0.7316118935837246,0.7283204190767215,0.7299643011383585,0.7271625803478106,0.3291451396863968,0.7696428571428572,0.6288767993667426,0.49206349206349204,0.24031007751937986,0.3229166666666667,0.221289535019346,0.23035714285714284,13.0,0.20384355416106878,134.57364341085272,152.0774111675127,0.01415224429850547,0.31746031746031744,0.17857142857142858,0.22857142857142854,0.10454981274564898,0.2,13.0,0.14363677328371038,100.0,139.24010921977575,0.01415224429850547,52.22348172497004
0.16228070175438597,0.6271186440677966,0.3687258687258687,0.2578397212543554,0.629196387670964,0.6291895265087495,0.6291929570805044,0.6291905665510349,0.1601367887726728,0.6308492201039861,0.6016377498928616,0.559322033898305,0.15,0.23655913978494622,0.12371089528138556,0.38128249566724437,48.0,0.200625,86.55,164.48598130841123,0.044968329418056764,0.13559322033898305,0.06956521739130435,0.09195402298850575,-0.053826824362198614,0.19930675909878684,48.0,0.0280810546875,40.13913043478261,284.88958442010085,0.044968329418056764,52.3139897021465
0.24897959183673468,0.8714285714285714,0.3658051689860835,0.3873015873015873,0.752811701221244,0.7341218191764285,0.7434080276657238,0.725824842571546,0.33468805698939147,0.6631762652705061,0.907440012843221,0.38571428571428573,0.15976331360946747,0.22594142259414227,0.07425977543007768,0.2949389179755672,17.0,0.20167763485890916,91.54437869822485,133.8770162536308,0.018293056158083965,0.2,0.12280701754385964,0.15217391304347827,0.0009784925185246903,0.19895287958115182,17.0,0.0867110379898295,70.36842105263159,161.45579991375592,0.018293056158083965,50.16873436514288
0.2995169082125604,0.8378378378378378,0.3008298755186722,0.4412811387900356,0.7685039811595826,0.7622487322607712,0.7653699663406237,0.7583440660342817,0.377330766572589,0.7176258992805755,0.7827957993983619,0.7702702702702703,0.29533678756476683,0.42696629213483145,0.34827910930001194,0.3471223021582734,3.0,0.2041163378097882,164.20725388601036,279.2525116393041,0.003650264573396426,0.28378378378378377,0.1891891891891892,0.22702702702702704,0.08247953231027362,0.19964028776978418,3.0,0.037224597994348164,105.18918918918918,564.1430970775949,0.003650264573396426,51.743733752984554
0.23109243697478993,0.9016393442622951,0.36237623762376237,0.3678929765886288,0.7696315533192664,0.7469894763481453,0.758226002584301,0.7344897777942394,0.33875515709700854,0.666077738515901,0.7778847997390728,0.5573770491803278,0.1837837837837838,0.2764227642276423,0.17080459348978647,0.32685512367491165,24.0,0.20178996058503534,104.02162162162162,168.49202954114372,0.024833266515627575,0.18032786885245902,0.09734513274336283,0.12643678160919541,-0.01679681367259899,0.19964664310954064,24.0,0.06363399459265774,55.097345132743364,172.86357819298695,0.024833266515627575,52.64417891111225
0.2813852813852814,0.9285714285714286,0.3229571984435798,0.4318936877076412,0.8028071150639244,0.7831054180370436,0.7928950759370671,0.7661160620704659,0.40228450792051534,0.7071917808219178,0.9693036097705814,0.45714285714285713,0.20125786163522014,0.2794759825327511,0.15327921970630107,0.2722602739726027,8.0,0.20170575692963752,117.53459119496857,158.64693446088796,0.008589560787537658,0.22857142857142856,0.13793103448275862,0.17204301075268816,0.02769484361522554,0.19863013698630136,8.0,0.1013261220032243,80.55172413793103,157.90597413262162,0.008589560787537658,51.6661688759923
0.26785714285714285,0.821917808219178,0.32475247524752476,0.40404040404040403,0.7485826664858266,0.7413983657347852,0.7449818558528655,0.7381055200955395,0.33898643282323576,0.6937716262975778,0.680282154275833,0.4246575342465753,0.18787878787878787,0.26050420168067223,0.11717524865184806,0.28546712802768165,12.0,0.20060487843322694,108.5939393939394,154.53263271620094,0.012432773294292997,0.2328767123287671,0.14782608695652175,0.18085106382978725,0.03229929915811302,0.19896193771626297,12.0,0.08427907160026796,85.44347826086957,201.71081239041496,0.012432773294292997,54.4353286116384
0.21764705882352942,0.6607142857142857,0.25626204238921,0.327433628318584,0.7022261216625377,0.6997721649231975,0.7009980694847988,0.6993465198206941,0.26278039961345295,0.7356521739130435,0.5954007959200716,0.375,0.15328467153284672,0.21761658031088082,0.10543229355931238,0.2382608695652174,13.0,0.20019435401583985,88.13868613138686,104.8980632008155,0.013655862414257135,0.23214285714285715,0.11304347826086956,0.15204678362573099,0.026395799530709436,0.2,13.0,0.12192799183713134,65.0,106.62030764326134,0.013655862414257135,55.89218360790983
0.24358974358974358,0.8382352941176471,0.36875,0.3774834437086093,0.7347426470588235,0.7201651238428821,0.7274173694735127,0.7152682116717524,0.31291351098697573,0.656934306569343,0.7053294356297829,0.45588235294117646,0.17415730337078653,0.25203252032520324,0.10533912754121055,0.3248175182481752,10.0,0.2021215755004151,95.43820224719101,153.3730376049653,0.01104655077338867,0.1323529411764706,0.08256880733944955,0.10169491525423728,-0.0627525092932857,0.1989051094890511,10.0,0.06858223411124435,45.24770642201835,131.22932078009416,0.01104655077338867,55.14719083206728
0.24867724867724866,0.6351351351351351,0.2679245283018868,0.3574144486692015,0.6836053034166242,0.6801685875200477,0.6818847803302981,0.6799141345836679,0.25966538627114005,0.7201986754966887,0.578365529154943,0.32432432432432434,0.1702127659574468,0.22325581395348837,0.08027606437645372,0.23344370860927152,19.0,0.203091592288306,102.80851063829788,118.17328196398171,0.019658801603537022,0.25675675675675674,0.15833333333333333,0.19587628865979378,0.05439232080264775,0.1986754966887417,19.0,0.14051368834784508,95.63333333333334,135.21814296814296,0.019658801603537022,55.57763563096523
0.2413793103448276,0.835820895522388,0.34782608695652173,0.3745819397993311,0.7439974042829332,0.7326646314871347,0.7383092739742201,0.7280277908364934,0.3194527857528108,0.6736474694589878,0.7106600434445244,0.5074626865671642,0.20481927710843373,0.2918454935622318,0.17467967251107083,0.28970331588132636,34.0,0.2026094300608673,117.36144578313252,167.81055052465143,0.03646270989917663,0.2537313432835821,0.14912280701754385,0.1878453038674033,0.049930721823534294,0.19895287958115182,34.0,0.09133005213035501,85.44736842105263,186.13807397959184,0.03646270989917663,53.44479074282572
0.20085470085470086,0.7580645161290323,0.38085539714867617,0.3175675675675676,0.6886045594901781,0.68159809183065,0.6850923687900711,0.6809517184710477,0.24088818743204796,0.6347197106690777,0.6821182111132992,0.5483870967741935,0.16113744075829384,0.24908424908424906,0.12204083131714524,0.38155515370705245,23.0,0.2031896155613417,89.10900473933648,167.33138603599357,0.023413328128198106,0.14516129032258066,0.08181818181818182,0.10465116279069767,-0.047850947172104086,0.19891500904159132,23.0,0.039107571348343285,45.24545454545455,230.13446475195823,0.023413328128198106,52.2170249549672
0.20105820105820105,0.5671641791044776,0.2996031746031746,0.296875,0.6337805022506514,0.6267784968343341,0.6302697759876897,0.6277709642689053,0.18298391017667717,0.6847635726795096,0.8932440386457164,0.5522388059701493,0.2,0.2936507936507937,0.17782038283908955,0.3239929947460595,54.0,0.21532539122115668,114.2,171.83296308050356,0.05258243242806584,0.1044776119402985,0.06140350877192982,0.07734806629834254,-0.08680754690371412,0.19964973730297722,54.0,0.03400378123505159,35.06140350877193,205.8594587352626,0.05258243242806584,54.10208250582218
0.2822966507177033,0.8428571428571429,0.29296875,0.4229390681003584,0.7749441964285715,0.7689925829912867,0.7719626540744794,0.7649206878226171,0.37284729286060697,0.7233676975945017,0.7167345409774963,0.5,0.22580645161290322,0.3111111111111111,0.19546687117276643,0.2663230240549828,2.0,0.20376237213732554,131.41935483870967,171.7687109394848,0.0026497923585734966,0.2857142857142857,0.1724137931034483,0.21505376344086022,0.0799717703210861,0.19931271477663232,2.0,0.0970928065598211,100.34482758620689,205.98848368522073,0.0026497923585734966,53.96423578588292
0.21621621621621623,0.7868852459016393,0.3391812865497076,0.3392226148409894,0.7238519796759659,0.7183630223164028,0.7211022783418024,0.7167493657907192,0.28331313921176987,0.6742160278745645,1.149949784458066,0.4098360655737705,0.1488095238095238,0.21834061135371177,0.0887880255450671,0.2926829268292683,34.0,0.20211486552697924,85.41666666666667,123.6920398448519,0.03632729246412666,0.18032786885245902,0.09649122807017543,0.1257142857142857,-0.01579883387177029,0.1986062717770035,34.0,0.08761458491087099,55.3859649122807,125.5498729028978,0.03632729246412666,56.747252764645964
0.21794871794871795,0.6986301369863014,0.34923664122137404,0.3322475570032573,0.6746967478824637,0.6738477633337853,0.6742721219872412,0.673817515871497,0.23446641781264574,0.6566164154103853,1.0109664296415943,0.5068493150684932,0.185,0.27106227106227104,0.13588968934858137,0.33500837520938026,30.0,0.20262580204282804,110.445,182.602608488032,0.029455550459964154,0.1780821917808219,0.1092436974789916,0.13541666666666666,-0.019851644262631304,0.19932998324958123,30.0,0.06006930375727962,65.21848739495799,216.4166918352965,0.029455550459964154,53.83010910311714
0.22393822393822393,0.8923076923076924,0.38878143133462284,0.3580246913580247,0.7517631304865346,0.7254878676325062,0.7385086529631277,0.7147381602047931,0.3191338947204231,0.6426116838487973,0.8968604943539761,0.47692307692307695,0.15816326530612246,0.2375478927203065,0.1051516484634241,0.33676975945017185,35.0,0.20086724287202665,92.05102040816325,154.33078861818313,0.03564557757873028,0.13846153846153847,0.07758620689655173,0.0994475138121547,-0.05401090029161265,0.19931271477663232,35.0,0.06159478773827168,45.1551724137931,146.11625967837998,0.03564557757873028,56.519773652311414
0.22099447513812154,0.5405405405405406,0.2889344262295082,0.3137254901960784,0.6258030571555162,0.6141864684278066,0.6199675552846869,0.6162122347264352,0.1820728483364096,0.6886120996441281,0.5325105031830939,0.5135135135135135,0.21468926553672316,0.3027888446215139,0.16646851666947896,0.31494661921708184,30.0,0.20271931000580953,120.65536723163842,187.45130890052357,0.029546375862226356,0.13513513513513514,0.08928571428571429,0.1075268817204301,-0.062538114912056,0.199288256227758,30.0,0.045135630334718686,50.17857142857143,221.55445544554453,0.029546375862226356,53.67048799991608
0.2017167381974249,0.8392857142857143,0.35094339622641507,0.32525951557093424,0.7441711590296497,0.7320143070584507,0.7380677037440218,0.7270619585074447,0.2933533117610561,0.6672354948805461,1.3998837530289276,0.7142857142857143,0.1895734597156398,0.299625468164794,0.23986494981757125,0.36006825938566556,11.0,0.20091611761001432,111.09004739336493,199.08805961322372,0.010452787447498063,0.23214285714285715,0.1111111111111111,0.15028901734104044,0.026414713473531286,0.19965870307167236,11.0,0.036098123206530455,65.11111111111111,360.12952600395,0.010452787447498063,51.45084375003353
0.18772563176895307,0.8813559322033898,0.45180722891566266,0.30952380952380953,0.7147743516438635,0.6759517177344475,0.6950920448301762,0.6696924259695393,0.26438340363576146,0.5834829443447038,0.6352093643838689,0.3050847457627119,0.09137055837563451,0.140625,-0.0349848386649465,0.35368043087971274,39.0,0.20187376151066558,50.89340101522843,89.16463370624324,0.04184410630274796,0.0847457627118644,0.04504504504504504,0.05882352941176471,-0.09869156112749038,0.1992818671454219,39.0,0.06024886350390488,25.09009009009009,82.98911729141476,0.04184410630274796,55.777154427953064
0.2918918918918919,0.8181818181818182,0.26464646464646463,0.4302788844621514,0.776767676767677,0.7745596406194586,0.7756628730073288,0.7729585913434052,0.37935004896683555,0.7450980392156863,0.7538191668322411,0.4393939393939394,0.2230769230769231,0.29591836734693877,0.17971527113211364,0.23172905525846701,9.0,0.2002250345350029,125.14615384615385,144.83703332776943,0.010271775440308877,0.3787878787878788,0.22321428571428573,0.2808988764044944,0.1636451913371998,0.19964349376114082,9.0,0.1427743861681743,125.22321428571428,175.10143570536832,0.010271775440308877,53.07652537012473
0.2777777777777778,0.625,0.208,0.3846153846153846,0.7085000000000001,0.6986591390261114,0.7035623639735145,0.6967764850807247,0.30332286742802944,0.7730496453900709,0.7320820895682618,0.421875,0.216,0.2857142857142857,0.17248680910906986,0.22163120567375885,8.0,0.20362428213812397,121.82400000000001,132.5971525423729,0.009106134683890129,0.359375,0.20535714285714285,0.2613636363636364,0.14420296358282056,0.19858156028368795,8.0,0.14939810042703577,115.82142857142857,153.95108729132016,0.009106134683890129,52.96747446991503
0.26851851851851855,0.8923076923076924,0.3079922027290448,0.41281138790035593,0.7921577447893238,0.7794961100910485,0.7858014257061229,0.7692871589204626,0.3815764815896177,0.7145328719723183,0.755716700475453,0.5230769230769231,0.2138364779874214,0.30357142857142855,0.19767655370614212,0.2750865051903114,12.0,0.20219830547286466,123.59748427672956,168.15175537938845,0.012715791525462676,0.27692307692307694,0.1565217391304348,0.20000000000000004,0.06951277002448907,0.19896193771626297,12.0,0.09736661323563087,90.4695652173913,184.86829727187205,0.012715791525462676,52.22355440678075
0.25396825396825395,0.8135593220338984,0.27865612648221344,0.3870967741935484,0.7674515977758425,0.7646814918272483,0.7660652927084196,0.7629247342862071,0.34669823610259476,0.7309734513274336,0.6692824536845099,0.4067796610169492,0.18604651162790697,0.25531914893617025,0.14517926885523946,0.22831858407079647,13.0,0.20051001629948997,105.11627906976744,119.69476858528911,0.013809013529553818,0.3220338983050847,0.168141592920354,0.22093023255813954,0.1041768546412413,0.2,13.0,0.1439613018560387,95.0,131.9799123447772,0.013809013529553818,52.01905742008239
0.2772727272727273,0.9242424242424242,0.30518234165067176,0.42657342657342656,0.8095300412958762,0.7932750166148761,0.8013613148631693,0.7776540174187397,0.4039980400635165,0.7206132879045997,0.9329489218296819,0.6060606060606061,0.22598870056497175,0.3292181069958848,0.23617776086976064,0.30153321976149916,2.0,0.20000451426507765,132.65536723163842,199.995485836813,0.0026080326950711093,0.24242424242424243,0.13675213675213677,0.17486338797814208,0.038404647378486645,0.19931856899488926,2.0,0.062304381846635365,80.27350427350427,256.8037676609105,0.0026080326950711093,52.235758582595736
0.26903553299492383,0.803030303030303,0.2857142857142857,0.403041825095057,0.7586580086580086,0.7560627674750356,0.75735927642901,0.7546128420377721,0.34806121542202995,0.724561403508772,0.7067902759964131,0.5606060606060606,0.24342105263157895,0.33944954128440363,0.24053562901012798,0.26666666666666666,12.0,0.20329059445888997,138.75,182.00546906011556,0.012882931348814968,0.3181818181818182,0.18421052631578946,0.23333333333333334,0.10691715043096246,0.2,12.0,0.09762395767954811,105.0,215.11113152094046,0.012882931348814968,53.12990556983277
0.2565217391304348,0.7866666666666666,0.3399602385685885,0.38688524590163936,0.7233532140490391,0.7178115323304689,0.7205770458408388,0.7162007091986287,0.3066784688191226,0.6764705882352942,1.1738571783504876,0.6,0.22058823529411764,0.3225806451612903,0.1996291519320324,0.35294117647058826,14.0,0.20165202867758172,127.49999999999999,223.15669371196753,0.013742710704462225,0.2,0.13043478260869565,0.15789473684210528,0.0010040572441297685,0.19896193771626297,14.0,0.048384897685569174,75.3913043478261,310.0140894681226,0.013742710704462225,54.731573780067265
0.18027210884353742,0.8688524590163934,0.4744094488188976,0.2985915492957747,0.6972215050987478,0.6549721135821898,0.6757667073994414,0.6519597705475005,0.2441973945718824,0.562390158172232,0.6851170845062593,0.4262295081967213,0.11555555555555555,0.1818181818181818,0.02182782439484781,0.3954305799648506,57.0,0.20236930968944328,65.75111111111111,128.47797939272363,0.058592131675966296,0.06557377049180328,0.035398230088495575,0.04597701149425287,-0.11554241956542927,0.19859402460456943,57.0,0.04649124425663831,20.141592920353983,86.0377058940266,0.058592131675966296,48.36189412372187
0.21299638989169675,0.8082191780821918,0.43253968253968256,0.33714285714285713,0.6878397477712546,0.6667720393566997,0.6772239743039502,0.6654327716086053,0.24997333160740262,0.5979202772963604,0.6373854980053744,0.3561643835616438,0.12935323383084577,0.1897810218978102,0.006239176168666124,0.3483535528596187,34.0,0.20094809402657274,74.636815920398,129.3866464668326,0.03430867490658105,0.0821917808219178,0.05217391304347826,0.06382978723404255,-0.11157438693813755,0.19930675909878684,34.0,0.056994367973557745,30.104347826086954,105.27355971003433,0.03430867490658105,49.56746970722452
0.2631578947368421,0.78125,0.2755905511811024,0.3937007874015748,0.7528297244094488,0.7517568230102958,0.7522930824417859,0.7512011712243165,0.3384320527380804,0.7307692307692307,0.6694171833894009,0.4375,0.21374045801526717,0.28717948717948716,0.17610090019292643,0.229020979020979,16.0,0.20214695413634406,122.25954198473283,138.51309370268604,0.01802842751118613,0.359375,0.20175438596491227,0.2584269662921348,0.14222980290457862,0.1993006993006993,16.0,0.14813303407467865,115.40350877192982,155.26584022038566,0.01802842751118613,52.860627301968634
0.2,0.8450704225352113,0.48484848484848486,0.3234501347708895,0.6801109688433632,0.6401004079071227,0.6598024769419597,0.6400824905389504,0.2390564611508532,0.5565371024734982,0.8095104688308612,0.323943661971831,0.10176991150442478,0.15488215488215487,-0.05826804123665844,0.3992932862190813,23.0,0.20249880165892087,57.60176991150443,113.58091905521536,0.02346784112070316,0.07042253521126761,0.04424778761061947,0.05434782608695653,-0.12243292523509516,0.19964664310954064,23.0,0.04467207135860617,25.04424778761062,111.92675530674131,0.02346784112070316,53.53747853403911
0.25,0.8620689655172413,0.30060120240480964,0.38759689922480617,0.7807338815562157,0.7722605770932908,0.7764856714240695,0.7661345972993212,0.35747032061435013,0.7163375224416517,0.7849177522855003,0.6896551724137931,0.23952095808383234,0.35555555555555557,0.29007405113084456,0.2998204667863555,3.0,0.2022251746781239,133.4131736526946,197.7993099210663,0.003667130756674811,0.29310344827586204,0.15315315315315314,0.2011834319526627,0.08007422573691203,0.1992818671454219,3.0,0.06287456629166228,85.30630630630631,270.37959866220734,0.003667130756674811,53.72123125800863
0.20134228187919462,0.5084745762711864,0.2448559670781893,0.2884615384615385,0.6318093045964985,0.60773328181492,0.6196543731497685,0.6117013476809474,0.18377205751218167,0.728440366972477,1.0714069681340528,0.5084745762711864,0.1986754966887417,0.2857142857142857,0.180156766962061,0.27706422018348625,25.0,0.30441182340731276,108.27814569536423,98.55070563359506,0.02528024278308458,0.1694915254237288,0.09174311926605505,0.11904761904761905,-0.026574700172636693,0.2,25.0,0.04402343126297301,50.0,227.1517624390797,0.02528024278308458,54.074839329347014
0.27312775330396477,0.9253731343283582,0.32803180914512925,0.4217687074829933,0.7986706625916145,0.7785703670679149,0.7885564728922895,0.7621197392688921,0.39299223225204016,0.7017543859649122,0.8629348466548292,0.5671641791044776,0.22485207100591717,0.3220338983050848,0.21630053009385888,0.2964912280701754,14.0,0.20025025594357865,128.1656804733728,189.76255396500795,0.014949499787462057,0.29850746268656714,0.17543859649122806,0.22099447513812154,0.08987989374628085,0.2,14.0,0.07967239221931521,100.0,251.0279840091376,0.014949499787462057,50.34360291296616
0.2864583333333333,0.8333333333333334,0.26968503937007876,0.42635658914728675,0.7818241469816274,0.7784305497272346,0.7801255030602028,0.7758261854745088,0.38109190602701015,0.7421602787456446,0.7749331029646273,0.6363636363636364,0.2727272727272727,0.3818181818181818,0.299432229913642,0.2682926829268293,4.0,0.2000151577670925,156.54545454545453,209.98408555069045,0.004603819657546548,0.3939393939393939,0.22807017543859648,0.28888888888888886,0.1764804304225267,0.1986062717770035,4.0,0.09044976463356098,130.91228070175438,287.45237873568567,0.004603819657546548,56.20601029507816
0.2512315270935961,0.85,0.29514563106796116,0.38783269961977185,0.7774271844660194,0.7706525132688103,0.7740324370413897,0.7658943149574267,0.35492677329105554,0.72,0.7986396178110533,0.7333333333333333,0.23783783783783785,0.35918367346938773,0.3007398210397204,0.3217391304347826,2.0,0.20002468551680158,136.75675675675677,219.9728492826657,0.002647266772176382,0.38333333333333336,0.2,0.26285714285714284,0.15644203409685792,0.2,2.0,0.04529792333089907,115.0,507.74954586739324,0.002647266772176382,57.48480160580948
0.2483221476510067,0.6065573770491803,0.22310756972111553,0.35238095238095235,0.6917249036640324,0.6812387876498914,0.6864618232351478,0.6801765446208774,0.27016681020105143,0.7584369449378331,0.5827812138709831,0.4426229508196721,0.20300751879699247,0.2783505154639175,0.16937405476240974,0.23623445825932504,11.0,0.20497401403138982,114.29323308270676,131.7240145175925,0.01205206667223478,0.2459016393442623,0.13392857142857142,0.17341040462427745,0.041012883939853216,0.1989342806394316,11.0,0.1269334490561359,75.40178571428572,118.17216117216115,0.01205206667223478,55.33794287405908
0.22598870056497175,0.6153846153846154,0.2624521072796935,0.3305785123966942,0.676466254052461,0.6709508768108049,0.6737029213899992,0.6707507762360009,0.24132650913093076,0.7240204429301533,0.6081261826640103,0.5230769230769231,0.2085889570552147,0.2982456140350877,0.19335097351181638,0.2776831345826235,29.0,0.20284270714854963,122.44171779141105,167.61756179432408,0.02777428585886462,0.2,0.1111111111111111,0.14285714285714285,0.0006019210872087627,0.19931856899488926,29.0,0.07134622378001129,65.22222222222223,182.21006398438348,0.02777428585886462,53.745940467342734
0.22842639593908629,0.7258064516129032,0.30218687872763417,0.34749034749034746,0.7118097864426346,0.7115345631461586,0.7116721614898396,0.7114700954387423,0.2778425990383181,0.7008849557522124,1.4183123577038028,0.4838709677419355,0.18867924528301888,0.2714932126696833,0.15806194097544182,0.2814159292035398,28.0,0.2028898426323319,106.60377358490567,147.8634889296291,0.028739539417878893,0.24193548387096775,0.13274336283185842,0.17142857142857146,0.036807262575970424,0.2,28.0,0.07560324272770624,75.0,198.40418821748455,0.028739539417878893,54.12805634783581
0.3073170731707317,0.8873239436619719,0.27734375,0.45652173913043476,0.804990096830986,0.796569046235861,0.8007685019167349,0.7883216480884819,0.4177890545239518,0.7427101200686106,0.7855172238117022,0.5633802816901409,0.2564102564102564,0.35242290748898675,0.24881864997641084,0.26758147512864494,0.0,0.20338270425226948,149.48717948717947,196.6735576019545,0.0009101890726172924,0.38028169014084506,0.23275862068965517,0.2887700534759358,0.1691216109601868,0.19897084048027444,0.0,0.0986335403726708,135.69827586206895,273.7405541561713,0.0009101890726172924,52.390650493558496
0.16494845360824742,0.7384615384615385,0.4755381604696673,0.26966292134831465,0.6314616889959356,0.6133307905025269,0.6223302153069044,0.6162429747048399,0.16639007108160883,0.5486111111111112,0.6823032728685872,0.6,0.14444444444444443,0.23283582089552235,0.09380487918323752,0.46875,62.0,0.2011937022687062,83.2,193.84304558356988,0.05861518359051309,0.03076923076923077,0.017391304347826087,0.022222222222222223,-0.15068036743171281,0.1996527777777778,62.0,0.022143960941524266,10.017391304347825,90.3180783817952,0.05861518359051309,51.5116585502401
0.2554112554112554,0.8428571428571429,0.3379174852652259,0.3920265780730897,0.7524698287959585,0.7416124279666547,0.7470214031103953,0.7364832980634866,0.3361644471821614,0.6839378238341969,0.6967733526040956,0.44285714285714284,0.1834319526627219,0.25941422594142255,0.12315080679123246,0.2918825561312608,8.0,0.20255172589306164,106.20710059171597,153.04732587846044,0.008616092289084193,0.2,0.12173913043478261,0.15135135135135136,0.0012843169236995537,0.19861830742659758,8.0,0.0902520338307276,70.48695652173913,155.12115800357176,0.008616092289084193,54.33189293416217
0.25,0.8615384615384616,0.340080971659919,0.3875432525951557,0.7607287449392712,0.7473697138412414,0.7540196445823344,0.7403592241978442,0.34110858501568986,0.6833631484794276,0.7334050482633174,0.5076923076923077,0.1907514450867052,0.2773109243697479,0.15553074788512983,0.3094812164579606,14.0,0.20253152784494624,106.63005780346822,162.93759471001516,0.014625848144465513,0.23076923076923078,0.13513513513513514,0.17045454545454544,0.02927960493568863,0.19856887298747763,14.0,0.0706167925300398,75.54054054054055,212.41406558672463,0.014625848144465513,52.69418429909274
0.25,0.6176470588235294,0.2495049504950495,0.3559322033898305,0.68407105416424,0.6776212166361586,0.6808384977278766,0.677163747429262,0.26153721096679844,0.7347294938917975,0.5120395454537078,0.39705882352941174,0.18243243243243243,0.25,0.11634049343522948,0.2582897033158813,18.0,0.20412660445055514,104.53378378378379,132.2708525558221,0.018288623217284694,0.16176470588235295,0.09649122807017543,0.12087912087912087,-0.03418294463683553,0.19895287958115182,18.0,0.10199738202638692,55.28947368421053,107.84590527190471,0.018288623217284694,52.5896112928167
0.18855218855218855,0.8484848484848485,0.4661508704061896,0.3085399449035813,0.6911669890393295,0.6553595658073269,0.6730251836574709,0.6534069568506118,0.24232537509050595,0.5694682675814752,1.2209966483226982,0.5303030303030303,0.1383399209486166,0.21943573667711602,0.06945253726813236,0.4339622641509434,36.0,0.20096333266614583,80.65217391304347,174.16112449799198,0.034189175089673556,0.045454545454545456,0.02586206896551724,0.03296703296703297,-0.1373922692479412,0.19897084048027444,36.0,0.03332278746634469,15.077586206896552,90.02848285216044,0.034189175089673556,53.52933190623298
0.20765027322404372,0.6229508196721312,0.2821011673151751,0.3114754098360656,0.670424826178478,0.6670631050641042,0.6687418532308845,0.6670231592238718,0.2253412785018524,0.7078260869565217,0.5383855274965886,0.32786885245901637,0.13157894736842105,0.18779342723004694,0.04962228192766422,0.2643478260869565,28.0,0.203798367057153,75.65789473684211,98.13621320327468,0.028530608675073184,0.11475409836065574,0.06086956521739131,0.07954545454545456,-0.07341704076086868,0.2,28.0,0.1014317832209206,35.0,69.01189920671955,0.028530608675073184,53.015470509883016
0.22,0.9166666666666666,0.380859375,0.3548387096774193,0.7679036458333333,0.7390843577787198,0.7533562058659016,0.7243205593720896,0.3309948869176554,0.6503496503496503,1.0976368356818482,0.55,0.1783783783783784,0.2693877551020408,0.1658075490021392,0.32342657342657344,15.0,0.20123505362732855,102.03243243243243,163.98733424005442,0.01571372058380047,0.15,0.07894736842105263,0.10344827586206896,-0.04224784764800984,0.1993006993006993,15.0,0.07432559571665612,45.1578947368421,121.08883774453395,0.01571372058380047,48.71659117285162
0.2534562211981567,0.8088235294117647,0.31640625,0.38596491228070173,0.7462086397058824,0.7409545804464972,0.7435769694919441,0.7385986247686933,0.32737050003147733,0.6982758620689655,0.7546197230966236,0.7058823529411765,0.2436548223350254,0.36226415094339626,0.281815932815904,0.3396551724137931,18.0,0.2012339501049651,141.3197969543147,238.52833965125095,0.01736793505800437,0.22058823529411764,0.12931034482758622,0.16304347826086957,0.018757657749961902,0.2,18.0,0.046904750280720595,75.0,319.7970335675254,0.01736793505800437,55.89963375777006
0.2430939226519337,0.6376811594202898,0.2707509881422925,0.3519999999999999,0.6834650856389987,0.680398114195914,0.6819298757112227,0.6801711083883656,0.2567413550663969,0.7182608695652174,0.6350109001854876,0.36231884057971014,0.16666666666666666,0.228310502283105,0.08531511614816524,0.2608695652173913,34.0,0.2008340012312553,95.83333333333334,124.48091382301908,0.03496487286203224,0.18840579710144928,0.11304347826086956,0.14130434782608695,-0.010703607911246325,0.2,34.0,0.09228606939169019,65.0,140.8663310258024,0.03496487286203224,51.31392536358908
0.24107142857142858,0.7397260273972602,0.3413654618473896,0.3636363636363636,0.6991802827749354,0.6968290188055709,0.6980036607456008,0.6964601184714821,0.2724354981215719,0.6690017513134852,0.6251570402964275,0.410958904109589,0.18404907975460122,0.2542372881355932,0.10638606238028532,0.28546409807355516,29.0,0.20052362520171985,105.0920245398773,149.60830660138444,0.02887090074645802,0.2054794520547945,0.13157894736842105,0.160427807486631,0.005583668756512736,0.19964973730297722,29.0,0.076975161657996,75.13157894736842,194.86805453745785,0.02887090074645802,52.45245548803359
0.1875,0.515625,0.27984344422700586,0.275,0.6178907778864969,0.600964988246938,0.6093691197217415,0.60444248591271,0.1609042384950594,0.697391304347826,0.5203467679809188,0.328125,0.14,0.19626168224299068,0.05420441624671318,0.2608695652173913,57.0,0.20039714313166576,80.5,104.79191305737574,0.06263732560584519,0.125,0.06956521739130435,0.0893854748603352,-0.06635609328057132,0.2,57.0,0.09466312227097545,40.0,84.51020638321867,0.06263732560584519,50.13147018710151
0.3317972350230415,0.8780487804878049,0.28884462151394424,0.48160535117056863,0.7946020794869303,0.7858387599743191,0.7902082717973943,0.7782982687054009,0.4236055967232475,0.7345890410958904,0.7968959284127649,0.6585365853658537,0.30337078651685395,0.4153846153846154,0.31058580529829016,0.3047945205479452,12.0,0.20134367108445847,177.1685393258427,268.1981495080041,0.01199358759515233,0.32926829268292684,0.23275862068965517,0.2727272727272727,0.13233844708303197,0.19863013698630136,12.0,0.0755223580481285,135.93103448275863,357.5100234925607,0.01199358759515233,56.444598691072315
0.26382978723404255,0.8157894736842105,0.3487903225806452,0.39871382636655944,0.7334995755517827,0.724267631103074,0.7288689868556625,0.7210840564511858,0.32219206766779546,0.6730769230769231,1.024300623030053,0.4473684210526316,0.19653179190751446,0.2730923694779116,0.12350468025632459,0.30244755244755245,11.0,0.20046104832373535,112.41618497109826,169.60901025066758,0.011788906982435038,0.2236842105263158,0.14912280701754385,0.17894736842105263,0.023893131108893774,0.1993006993006993,11.0,0.08140006734413717,85.2982456140351,208.8450360627917,0.011788906982435038,55.25643679406494
0.2548076923076923,0.7681159420289855,0.29865125240847784,0.3826714801444043,0.7347323448102537,0.733215514128803,0.733973537634097,0.7326399553913701,0.31600044285148987,0.7091836734693877,0.6620370990189993,0.4927536231884058,0.22666666666666666,0.3105022831050228,0.19878161654316343,0.25510204081632654,9.0,0.2001568337210122,133.28,169.86679579169785,0.00983384472418699,0.3188405797101449,0.18803418803418803,0.23655913978494622,0.10946938061838997,0.1989795918367347,9.0,0.11399520687953761,110.56410256410257,192.99057041273767,0.00983384472418699,51.87956024194136
0.2922374429223744,0.9142857142857143,0.31,0.4429065743944636,0.802142857142857,0.7864648263579698,0.7942651590351567,0.7725720567129996,0.4077563507877068,0.7175438596491228,1.5210590595046227,0.5142857142857142,0.22784810126582278,0.3157894736842105,0.19818919001255905,0.2771929824561403,14.0,0.20257499566499046,129.873417721519,177.7119623368286,0.014878893523039434,0.3142857142857143,0.19298245614035087,0.2391304347826087,0.10690449676496976,0.2,14.0,0.09622854170279174,110.0,228.62239841427157,0.014878893523039434,53.651398786809295
0.27896995708154504,0.8666666666666667,0.3442622950819672,0.422077922077922,0.7612021857923498,0.7465900933237617,0.7538607370920453,0.7389499036651382,0.36042293159235644,0.6838365896980462,0.8081582703559511,0.76,0.2651162790697674,0.3931034482758621,0.30510317727286096,0.38188277087033745,19.0,0.2034242264017927,149.26046511627908,280.20261405549917,0.019144268971177117,0.2,0.13392857142857142,0.16042780748663102,0.0010465854405376958,0.1989342806394316,19.0,0.03934335423118564,75.40178571428572,381.25879943683606,0.019144268971177117,53.9379524178803
0.1752988047808765,0.7457627118644068,0.39731285988483683,0.2838709677419355,0.674224925989785,0.6666344993968637,0.6704189705088064,0.6664628151851666,0.2125936763199749,0.6172413793103448,0.6743430715375727,0.4067796610169492,0.1256544502617801,0.19199999999999998,0.055471942734420854,0.3293103448275862,13.0,0.20130956641165262,72.87958115183247,119.21937157682329,0.013128031411450851,0.2033898305084746,0.10344827586206896,0.13714285714285715,0.002851839873367142,0.2,13.0,0.06014913969030786,60.0,199.50410033767486,0.013128031411450851,52.62412083288655
0.15384615384615385,0.7924528301886793,0.451171875,0.25766871165644173,0.6706404775943396,0.6485149874989696,0.6594849512637845,0.6488362999342723,0.19911877861573057,0.5716814159292035,0.6747114696238004,0.4339622641509434,0.10176991150442478,0.16487455197132617,0.022304575848322804,0.4,12.0,0.20117010317204054,57.5,114.33110406236862,0.012469260180147965,0.09433962264150944,0.04424778761061947,0.06024096385542169,-0.08498751295626061,0.2,12.0,0.041314943801220846,25.0,121.02158541123929,0.012469260180147965,52.002377334050834
0.2087912087912088,0.7169811320754716,0.28180039138943247,0.32340425531914896,0.7175903703430195,0.7175898530962979,0.7175901117196121,0.71758971319327,0.27161307757667597,0.7180851063829787,0.6965417498157994,0.6981132075471698,0.20903954802259886,0.3217391304347826,0.26669576570701653,0.31382978723404253,29.0,0.2044279433132678,117.89830508474577,180.99286917591672,0.027768069327502507,0.24528301886792453,0.11607142857142858,0.1575757575757576,0.03770151520886428,0.19858156028368795,29.0,0.03261751552091786,65.46428571428571,398.5588660688458,0.027768069327502507,52.47521486086771
0.2651162790697674,0.7916666666666666,0.30326295585412666,0.39721254355400687,0.74420185540627,0.7411745741765623,0.742686672347195,0.7398354384517756,0.33181723110632616,0.7082630691399663,0.6956781714211122,0.4444444444444444,0.21333333333333335,0.2882882882882883,0.16376016992027784,0.25295109612141653,17.0,0.20267005995772763,126.50666666666666,157.89209322124083,0.017646547715264114,0.20833333333333334,0.1271186440677966,0.15789473684210525,0.008701617267817045,0.19898819561551434,17.0,0.12345252987102619,75.38135593220339,121.5041928721174,0.017646547715264114,52.753621152136475
0.2672811059907834,0.8787878787878788,0.3111545988258317,0.40989399293286216,0.7838166399810235,0.7723094382447512,0.7780417655310239,0.7638754960839449,0.37296592066485973,0.7105719237435009,1.5619667542894007,0.5454545454545454,0.20689655172413793,0.3,0.19099088524244534,0.30155979202772965,10.0,0.20023831296588798,119.37931034482759,179.78577359535012,0.009753748871576916,0.21212121212121213,0.12173913043478261,0.1546961325966851,0.011528359106257312,0.19930675909878684,10.0,0.05779551269616944,70.24347826086957,242.2333386607,0.009753748871576916,55.39047293411568
0.22009569377990432,0.7301587301587301,0.31589147286821706,0.3382352941176471,0.7071336286452565,0.7063839042958129,0.7067586670577884,0.7062299083122989,0.2685973536597269,0.689119170984456,0.6750989910775618,0.5714285714285714,0.1945945945945946,0.2903225806451613,0.18877268405999462,0.31951640759930916,19.0,0.20095806383043333,112.67027027027027,179.1418533489479,0.018398514368951378,0.2222222222222222,0.12173913043478261,0.15730337078651685,0.020672838671336347,0.19861830742659758,19.0,0.05596550362879961,70.48695652173913,250.15409658166035,0.018398514368951378,53.37832541996613
0.242152466367713,0.8181818181818182,0.33665338645418325,0.3737024221453288,0.7407642158638176,0.7326732673267327,0.7367076342455454,0.7294511561189561,0.31599759864975285,0.6813380281690141,0.6515899502107159,0.3181818181818182,0.14285714285714285,0.19718309859154928,0.04915883910178986,0.25880281690140844,19.0,0.20291550060565558,81.14285714285715,103.49135446685878,0.02121172098937274,0.21212121212121213,0.12389380530973451,0.1564245810055866,0.011969009247110581,0.198943661971831,19.0,0.11858318365983042,70.3716814159292,118.06058471292708,0.02121172098937274,53.11515761120245
0.22790697674418606,0.7777777777777778,0.32612966601178783,0.3525179856115108,0.7258240558829949,0.7221052631578947,0.7239622717239625,0.7209450993958868,0.29192818474295557,0.6853146853146853,0.672576704278942,0.5238095238095238,0.1952662721893491,0.28448275862068967,0.17608486189365663,0.29545454545454547,13.0,0.20245848192363733,111.6923076923077,162.99638170974154,0.013437218055122952,0.20634920634920634,0.11403508771929824,0.14689265536723164,0.006207537989241058,0.1993006993006993,13.0,0.07604066879724367,65.2280701754386,170.96114757569342,0.013437218055122952,50.93821856100112
0.14093959731543623,0.8076923076923077,0.47232472324723246,0.23999999999999996,0.6676837922225376,0.6383250079710915,0.6528393845293189,0.639394333993984,0.1895694762965736,0.5521885521885522,0.7450879565137463,0.6730769230769231,0.12367491166077739,0.208955223880597,0.12195512627649431,0.4764309764309764,41.0,0.20043688252365138,73.46289752650176,174.61856101194365,0.037592951167215956,0.07692307692307693,0.03389830508474576,0.047058823529411764,-0.09450222847871528,0.19865319865319866,41.0,0.021985562970801162,20.135593220338983,181.93757445794614,0.037592951167215956,52.75935287680477
0.14124293785310735,0.5208333333333334,0.29174664107485604,0.2222222222222222,0.6145433461292387,0.6002537658196961,0.6073565326671909,0.6033157445631947,0.137533873690332,0.6924428822495606,0.5080728183523927,0.16666666666666666,0.052980132450331126,0.08040201005025126,-0.06785842774665114,0.26537785588752194,39.0,0.202477853382976,30.145695364238414,39.510493944581825,0.04054160468291433,0.08333333333333333,0.035398230088495575,0.04968944099378882,-0.08769475119782871,0.19859402460456943,39.0,0.0889587880344075,20.141592920353983,44.964641362389955,0.04054160468291433,51.31430756812915
0.29743589743589743,0.8923076923076924,0.28016359918200406,0.4461538461538462,0.8060720465628441,0.7968463369891885,0.8014459168608827,0.7877627796041546,0.41247747872016793,0.740072202166065,0.8431867697328096,0.8153846153846154,0.29120879120879123,0.4291497975708502,0.37793158612833583,0.3285198555956679,4.0,0.20464349370939555,161.32967032967034,258.9869779845665,0.004707130301873014,0.35384615384615387,0.20909090909090908,0.26285714285714284,0.1419280471683396,0.19855595667870035,4.0,0.049082390371630445,115.83636363636364,468.5998343979182,0.004707130301873014,50.26788102230057
0.1942675159235669,0.8840579710144928,0.4990138067061144,0.31853785900783294,0.6925220821541891,0.6395476028316102,0.6655079545352309,0.637745025314625,0.2510866376407048,0.546875,0.7955137749480231,0.7101449275362319,0.1695501730103806,0.2737430167597765,0.15376916872509472,0.5017361111111112,23.0,0.20276172900186404,97.66089965397923,241.66296194657883,0.02178853174566374,0.07246376811594203,0.043478260869565216,0.05434782608695652,-0.11737976941101372,0.1996527777777778,23.0,0.019433187116877335,25.043478260869563,257.2918157957528,0.02178853174566374,51.696354903280735
0.24022346368715083,0.5584415584415584,0.26877470355731226,0.3359375,0.6448334274421231,0.63325903518548,0.6390200263820729,0.6344772930556566,0.21261907620621603,0.7084048027444254,0.559093460730316,0.5324675324675324,0.2342857142857143,0.3253968253968254,0.19771121072326678,0.30017152658662094,33.0,0.20624932709676647,136.5885714285714,198.78852734760164,0.031336735521138435,0.1038961038961039,0.06896551724137931,0.08290155440414508,-0.09290013708573634,0.19897084048027444,33.0,0.04542246360341177,40.206896551724135,176.1243086647353,0.031336735521138435,51.74821390397847
0.24778761061946902,0.875,0.3300970873786408,0.3862068965517242,0.7724514563106796,0.7588373919874312,0.7656141642783846,0.7504112511591698,0.3502443664515338,0.6925734024179621,1.4150963472153717,0.53125,0.20238095238095238,0.2931034482758621,0.18727370164542914,0.29015544041450775,13.0,0.2021291424190682,117.17857142857144,168.20929230238772,0.013274602852759188,0.28125,0.1565217391304348,0.2011173184357542,0.0730135852313216,0.19861830742659758,13.0,0.08286580478795692,90.62608695652173,217.21867115222878,0.013274602852759188,55.96983495587483
0.21951219512195122,0.8307692307692308,0.3794466403162055,0.3472668810289389,0.7256612952265126,0.7104370050697615,0.7180088002773836,0.7062153798258888,0.2894741416910173,0.6444833625218914,0.7345585929471836,0.5846153846153846,0.18536585365853658,0.28148148148148144,0.16855113495969617,0.35901926444833626,15.0,0.20170729121848713,105.84390243902439,188.39180165698033,0.015298147167315333,0.2,0.11403508771929824,0.1452513966480447,0.0003140515128734176,0.19964973730297722,15.0,0.0525094936116879,65.1140350877193,247.57427858924117,0.015298147167315333,56.461999537888914
0.3048128342245989,0.8028169014084507,0.25742574257425743,0.441860465116279,0.7726955794170967,0.7715213860314023,0.7721082595156045,0.7707084963304653,0.382901751501044,0.75,0.7103366819406463,0.5211267605633803,0.27007299270072993,0.3557692307692308,0.24947591893493454,0.2378472222222222,5.0,0.20205930883179854,155.56204379562044,183.11455291970802,0.005812114570946599,0.4225352112676056,0.2608695652173913,0.3225806451612903,0.2090655266059361,0.1996527777777778,5.0,0.14042753242443518,150.26086956521738,213.63332020480502,0.005812114570946599,52.11958822561428
0.23316062176165803,0.7894736842105263,0.2813688212927757,0.36000000000000004,0.7540524314588753,0.7523885350318472,0.7532200237928792,0.7515148462829468,0.32068060430269263,0.725557461406518,0.7474854136592581,0.7368421052631579,0.23333333333333334,0.35443037974683544,0.3050448721444121,0.30874785591766724,29.0,0.20295625613614052,136.03333333333333,206.94114485353398,0.02741377521299761,0.3157894736842105,0.15517241379310345,0.20809248554913296,0.09632472908873722,0.19897084048027444,29.0,0.055240415500042425,90.46551724137932,325.84838178826107,0.02741377521299761,51.76541391806677
0.20179372197309417,0.8035714285714286,0.356,0.32258064516129037,0.7237857142857143,0.7149906246916018,0.719374728496908,0.7124933186224455,0.274831698745981,0.6600719424460432,0.6667687916844122,0.4107142857142857,0.1513157894736842,0.22115384615384615,0.10312078356171558,0.2733812949640288,19.0,0.20230119594173326,84.13157894736841,113.69186372296313,0.020796924779509837,0.25,0.12612612612612611,0.16766467065868262,0.042162421712184615,0.19964028776978418,19.0,0.10297568440741371,70.12612612612612,135.95442536327607,0.020796924779509837,53.11730667296797
0.2,0.5,0.2889733840304182,0.28571428571428575,0.6055133079847909,0.5871271585557299,0.5962493672825078,0.5916462215933398,0.15080352540438774,0.6843853820598007,1.7819260575259759,0.5,0.20320855614973263,0.2889733840304182,0.1555513998419158,0.3106312292358804,47.0,0.21329285208501061,122.33155080213905,178.15880667606532,0.043136002769875906,0.06578947368421052,0.041666666666666664,0.0510204081632653,-0.12706542689690745,0.19933554817275748,47.0,0.03809666999699301,25.083333333333332,131.24506683640993,0.043136002769875906,52.16994484793395
0.2463768115942029,0.864406779661017,0.3,0.38345864661654133,0.7822033898305084,0.7735644637053088,0.77787193403716,0.7672066137087482,0.35625687727715427,0.7167530224525043,0.7137375294522567,0.4576271186440678,0.18243243243243243,0.2608695652173913,0.15599650090911618,0.2556131260794473,10.0,0.20226870813747858,105.62837837837839,133.48579841449603,0.011061393055389192,0.23728813559322035,0.12173913043478261,0.16091954022988506,0.03264880045276485,0.19861830742659758,10.0,0.11922629355763857,70.48695652173913,117.42376268060251,0.011061393055389192,52.88664577808231
0.24,0.7941176470588235,0.33463796477495106,0.36860068259385664,0.7297398411419361,0.7240604172417874,0.7268945823537178,0.7221780149796307,0.3034857671941885,0.6804835924006909,0.6391214599044301,0.35294117647058826,0.16326530612244897,0.22325581395348834,0.08302314097779505,0.2538860103626943,11.0,0.20211797402846327,94.53061224489795,118.74253200568991,0.012345300079424647,0.22058823529411764,0.13043478260869565,0.16393442622950818,0.02008830485928928,0.19861830742659758,11.0,0.11848914658105324,75.52173913043478,126.59387321807704,0.012345300079424647,53.81173149263486
0.17465753424657535,0.8360655737704918,0.47912524850894633,0.28895184135977336,0.6784701626307728,0.6418638165005405,0.6599132124514027,0.6419249381331076,0.22185470697634524,0.5549645390070922,0.7679141804111259,0.6885245901639344,0.15328467153284672,0.2507462686567164,0.14124033944768732,0.4858156028368794,54.0,0.20026806712640013,86.45255474452556,209.71890627721245,0.051668738887960676,0.03278688524590164,0.017857142857142856,0.023121387283236993,-0.1447279391646286,0.19858156028368795,54.0,0.020129947781719615,10.071428571428571,99.35445544554456,0.051668738887960676,50.47179298102856
0.20784313725490197,0.8983050847457628,0.4122448979591837,0.33757961783439494,0.7430300933932895,0.7105814440668498,0.7266246601571749,0.6997603359964375,0.3018355155837705,0.6211293260473588,0.7192919438706092,0.4067796610169492,0.11940298507462686,0.18461538461538463,0.02928694546018894,0.366120218579235,35.0,0.2010814156714244,65.55223880597015,119.35464010864645,0.03634609002306447,0.0847457627118644,0.045871559633027525,0.05952380952380953,-0.09899008515165715,0.19854280510018216,35.0,0.04549592193416837,25.183486238532108,109.89995998399358,0.03634609002306447,53.75462880823761
0.2028301886792453,0.7166666666666667,0.3359840954274354,0.3161764705882353,0.6903412856196157,0.689337397105762,0.6898391587491038,0.6892242849272407,0.2424382402611156,0.6696269982238011,0.5736554980451509,0.35,0.13725490196078433,0.1971830985915493,0.060743512529483804,0.27175843694493784,9.0,0.20290181202516047,77.27450980392156,103.49833641404805,0.010059721860353164,0.18333333333333332,0.09821428571428571,0.12790697674418602,-0.013497511781343745,0.1989342806394316,9.0,0.10029896807792459,55.29464285714286,109.67211538461538,0.010059721860353164,52.099320906214416
0.3251231527093596,0.8354430379746836,0.2729083665338645,0.4680851063829787,0.7812673357204095,0.7775106104862265,0.7793867096306706,0.7746580706180233,0.40440897045920654,0.7418244406196214,0.7948104600026703,0.6582278481012658,0.29545454545454547,0.40784313725490196,0.3067266088051591,0.3029259896729776,17.0,0.20015645481838557,171.6590909090909,259.7967677194465,0.016724729511911476,0.3291139240506329,0.22413793103448276,0.26666666666666666,0.12847297238502842,0.19965576592082615,17.0,0.06619201657575373,130.22413793103448,392.7966142298172,0.016724729511911476,55.528494773898274
0.2898550724637681,0.8108108108108109,0.2963709677419355,0.42704626334519574,0.7572199215344377,0.7534271219371783,0.75532114107523,0.7513754840865907,0.35954463267638087,0.7175438596491228,1.3638715114087727,0.5675675675675675,0.25149700598802394,0.3485477178423236,0.2330322904583161,0.2929824561403509,15.0,0.20028922005836358,143.35329341317365,209.69675745784693,0.015074201701442804,0.3108108108108108,0.20175438596491227,0.24468085106382975,0.10700329786572581,0.2,15.0,0.07378575201544817,115.0,311.71329656143644,0.015074201701442804,53.592271177098155
