0.208,0.896551724137931,0.4342105263157895,0.33766233766233766,0.7311705989110707,0.6937635743096494,0.7122215442758465,0.6843733796538467,0.29267595502713867,0.603112840466926,0.5950130892225612,0.20689655172413793,0.06315789473684211,0.0967741935483871,-0.12024722659240396,0.36964980544747084,5.0,0.20558652626611215,16.23157894736842,29.184791965566713,0.0126170210250783,0.10344827586206896,0.058823529411764705,0.075,-0.08494701782572232,0.19844357976653695,5.0,0.05070347756835678,15.11764705882353,59.167539267015705,0.0126170210250783,45.311682373750955
0.323943661971831,0.7419354838709677,0.20689655172413793,0.45098039215686275,0.7675194660734149,0.7666666666666667,0.7670929478598306,0.766115971472772,0.38862473176277756,0.7870722433460076,0.5279298861774687,0.22580645161290322,0.15555555555555556,0.18421052631578946,0.05309767630982486,0.17110266159695817,23.0,0.20280725599874536,40.91111111111111,34.51553035184946,0.0770587110486795,0.3870967741935484,0.23076923076923078,0.2891566265060241,0.173811920070034,0.19771863117870722,23.0,0.2796539285900988,60.69230769230769,42.91017852135714,0.0770587110486795,46.59699749015272
0.4807692307692308,0.6410256410256411,0.12217194570135746,0.5494505494505495,0.7594268476621417,0.7409670766175236,0.7501401810442356,0.7318688989342086,0.4631695662554186,0.8423076923076923,0.528182334572233,0.3333333333333333,0.37142857142857144,0.35135135135135137,0.24458021863776128,0.1346153846153846,7.0,0.20691212525269903,96.57142857142857,62.8286040952084,0.020675165515803826,0.6410256410256411,0.4807692307692308,0.5494505494505495,0.4631695662554186,0.2,7.0,0.7780334638048948,125.0,32.13229399894961,0.020675165515803826,44.7686696681194
0.2159090909090909,0.7307692307692307,0.2839506172839506,0.3333333333333333,0.7234093067426401,0.7233344273055463,0.7233718660552053,0.7233114023342051,0.28141059462868634,0.7174721189591078,0.5294121107941652,0.23076923076923078,0.09090909090909091,0.13043478260869568,-0.01108639566699567,0.24535315985130113,40.0,0.2071389940508383,24.454545454545453,28.966057441253263,0.11205915817822987,0.07692307692307693,0.03773584905660377,0.05063291139240506,-0.09876991156141139,0.1970260223048327,40.0,0.11729833173856971,10.150943396226415,17.05054087604185,0.11205915817822987,43.203130829613656
0.25925925925925924,0.8536585365853658,0.45454545454545453,0.3977272727272727,0.6995565410199556,0.6656101426307448,0.6823722803914027,0.6623408566599518,0.29063443903175684,0.5938697318007663,0.6837900979163327,0.34146341463414637,0.12962962962962962,0.18791946308724833,-0.0633986629297834,0.41379310344827586,23.0,0.2034973312191527,33.833333333333336,68.79697102721686,0.05176123107126786,0.07317073170731707,0.057692307692307696,0.06451612903225806,-0.13624917021891966,0.19923371647509577,23.0,0.03300801750898899,15.057692307692308,90.8870094722598,0.05176123107126786,46.050050432328135
0.3111111111111111,0.8,0.27927927927927926,0.448,0.7603603603603604,0.7582938388625592,0.7593263966019992,0.7571040183177646,0.3744000333410831,0.7315175097276264,0.5760888327522712,0.2857142857142857,0.16129032258064516,0.20618556701030927,0.041270177000821334,0.24124513618677043,3.0,0.20540418697698007,41.45161290322581,48.68449931412895,0.009345877899444447,0.14285714285714285,0.09803921568627451,0.11627906976744186,-0.05534020921922831,0.19844357976653695,3.0,0.13589360682990054,25.196078431372552,36.793489529338586,0.009345877899444447,41.842234044801444
0.38235294117647056,0.6666666666666666,0.1794871794871795,0.485981308411215,0.7435897435897435,0.735632183908046,0.7396002616336388,0.7322998331048577,0.3941829535391303,0.7985347985347986,0.535223316299297,0.28205128205128205,0.22916666666666666,0.2528735632183908,0.113922759191166,0.17582417582417584,16.0,0.20161347225815557,62.56249999999999,54.55984601026598,0.0451534533783987,0.38461538461538464,0.2777777777777778,0.3225806451612903,0.19145892387985433,0.1978021978021978,16.0,0.2707387633182021,75.83333333333334,55.40396142819912,0.0451534533783987,44.36966214282438
0.17777777777777778,0.8888888888888888,0.4703389830508475,0.2962962962962963,0.7092749529190205,0.6637902422834384,0.6861558079938485,0.658265865042976,0.2541635472110547,0.5665399239543726,0.6204377391171934,0.2222222222222222,0.058823529411764705,0.09302325581395347,-0.11496255685616198,0.38783269961977185,26.0,0.20114540413071083,15.470588235294118,29.829167740273125,0.061450262575073356,0.1111111111111111,0.057692307692307696,0.07594936708860758,-0.07355197397591438,0.19771863117870722,26.0,0.05089533286687916,15.173076923076923,58.944501018329944,0.061450262575073356,39.26701621431857
0.3194444444444444,0.71875,0.2033195020746888,0.4423076923076923,0.7577152489626556,0.7557114742876702,0.7567126983762182,0.7546019739037217,0.37626112148404417,0.7875457875457875,0.5699467225506447,0.3125,0.18867924528301888,0.23529411764705885,0.1090404796205608,0.19413919413919414,7.0,0.2090399936893587,51.50943396226415,47.8377358490566,0.01775474663381897,0.3125,0.18518518518518517,0.2325581395348837,0.10492168915138668,0.1978021978021978,7.0,0.22045173674107965,50.55555555555556,45.36140267175573,0.01775474663381897,42.92432399420068
0.25,0.8571428571428571,0.288,0.3870967741935483,0.7845714285714286,0.7778587035688272,0.7812078560061427,0.7726762624962957,0.3602458605769042,0.7266187050359713,0.601881292007284,0.32142857142857145,0.13636363636363635,0.19148936170212766,0.06608285992886763,0.23741007194244604,7.0,0.20356114473761533,37.90909090909091,44.21275981524249,0.017312036249827193,0.21428571428571427,0.10909090909090909,0.14457831325301204,0.01381424561330701,0.19784172661870503,7.0,0.13201504377974965,30.327272727272728,45.44936567994659,0.017312036249827193,45.45414669532329
0.3793103448275862,0.5641025641025641,0.15254237288135594,0.4536082474226804,0.7057800956106041,0.6773399014778325,0.6914137837980248,0.673445448549378,0.3519474327498226,0.8072727272727273,0.4543298192771089,0.2564102564102564,0.23809523809523808,0.24691358024691357,0.11716931111395011,0.15272727272727274,20.0,0.20942222222222223,65.47619047619047,47.750424448217316,0.057526262626262634,0.5128205128205128,0.36363636363636365,0.425531914893617,0.31791537690912597,0.2,20.0,0.592,100.0,33.78378378378378,0.057526262626262634,42.30654175626114
0.3442622950819672,0.75,0.1652892561983471,0.4719101123595506,0.7923553719008265,0.7900912646675358,0.7912225084331459,0.7880795689243215,0.42627485169955504,0.825925925925926,0.5691286982636444,0.25,0.1794871794871795,0.208955223880597,0.10213577748902336,0.14444444444444443,16.0,0.20529461560167253,48.46153846153847,34.09733849806322,0.05591520900373477,0.5714285714285714,0.2962962962962963,0.3902439024390244,0.31585419498741063,0.2,16.0,0.4411153579765539,80.0,36.271691090951386,0.05591520900373477,39.293321317993104
0.15172413793103448,0.88,0.5168067226890757,0.25882352941176473,0.6815966386554622,0.6238441622487979,0.6520813477117816,0.6248405748107725,0.21417623470657604,0.5209125475285171,0.5572555858037165,0.16,0.03669724770642202,0.05970149253731344,-0.16740323592723905,0.4144486692015209,29.0,0.204159394282062,9.65137614678899,19.59253461770018,0.06600690914315054,0.04,0.019230769230769232,0.025974025974025976,-0.1283445329963231,0.19771863117870722,29.0,0.0436834730450601,5.0576923076923075,22.89195272931908,0.06600690914315054,42.66652410663664
0.3448275862068966,0.75,0.24152542372881355,0.4724409448818898,0.7542372881355931,0.7542134831460674,0.7542253855469132,0.7542007625038445,0.38526957322015776,0.7572463768115942,0.5781265994606882,0.275,0.1864406779661017,0.22222222222222224,0.061490047148512306,0.213768115942029,5.0,0.20591355377496898,51.45762711864407,53.4204757207059,0.013013792731215928,0.25,0.18181818181818182,0.2105263157894737,0.052278672157688055,0.19927536231884058,5.0,0.17472068615280442,50.18181818181818,57.23420746673556,0.013013792731215928,43.040708259213716
0.18584070796460178,0.84,0.3898305084745763,0.30434782608695654,0.7250847457627118,0.7068723702664796,0.7159206470561914,0.7020337054820238,0.2673818879336237,0.632183908045977,0.5741991600864376,0.32,0.10526315789473684,0.15841584158415842,0.020641401577259803,0.29118773946360155,7.0,0.2043350080969979,27.473684210526315,39.151391993497256,0.019644069368656893,0.16,0.07692307692307693,0.1038961038961039,-0.03196974296766575,0.19923371647509577,7.0,0.1029356807706681,20.076923076923077,38.859217426381605,0.019644069368656893,42.20075717708096
0.31746031746031744,0.6451612903225806,0.19724770642201836,0.425531914893617,0.7239567919502811,0.7153806847215125,0.7196559633145422,0.7129310469814938,0.34015478170016034,0.7831325301204819,0.44312816495102125,0.12903225806451613,0.1,0.11267605633802817,-0.03246217344869396,0.1606425702811245,13.0,0.20746235815547104,24.9,19.28060606060606,0.044992341667301025,0.2903225806451613,0.1836734693877551,0.225,0.08871867886846382,0.19678714859437751,13.0,0.3222267626442021,45.73469387755102,27.93064091308165,0.044992341667301025,39.70357825001702
0.30666666666666664,0.7419354838709677,0.2184873949579832,0.43396226415094336,0.7617240444564923,0.7612099644128114,0.7614669610515674,0.7609037471639954,0.37274467453926774,0.7769516728624535,0.5313048084735892,0.16129032258064516,0.09803921568627451,0.1219512195121951,-0.026057295776222542,0.1895910780669145,4.0,0.20584264432029795,26.372549019607842,24.290399185796677,0.011411929831848421,0.22580645161290322,0.1320754716981132,0.16666666666666666,0.026114222848473537,0.1970260223048327,4.0,0.2240223463687151,35.528301886792455,31.246882793017456,0.011411929831848421,42.08602332510054
0.3333333333333333,0.5555555555555556,0.17467248908296942,0.4166666666666667,0.6904415332362931,0.6640899508081518,0.6771375664093632,0.6623305294818831,0.3118229679014807,0.7886792452830189,0.4960309632148786,0.2777777777777778,0.2222222222222222,0.24691358024691357,0.11401201882642577,0.16981132075471697,16.0,0.20920081414453517,58.88888888888889,47.80096120032822,0.04639656834099312,0.4722222222222222,0.32075471698113206,0.3820224719101123,0.269834261852495,0.2,16.0,0.36231884057971014,85.0,46.92,0.04639656834099312,44.205232781823725
0.46296296296296297,0.6578947368421053,0.1228813559322034,0.5434782608695652,0.767506690454951,0.7518523899462443,0.7596392166800549,0.7429631945459276,0.4648407824159941,0.8467153284671532,0.539059608418221,0.34210526315789475,0.37142857142857144,0.35616438356164387,0.2576994061925108,0.12773722627737227,0.0,0.2069713758079409,101.77142857142856,62.81061788980594,0.0023442080999656265,0.6578947368421053,0.46296296296296297,0.5434782608695652,0.4648407824159941,0.19708029197080293,0.0,0.773730378578024,126.85185185185185,32.310997076197864,0.0023442080999656265,42.834856514818966
0.35365853658536583,0.8055555555555556,0.24311926605504589,0.49152542372881347,0.7812181447502549,0.7804599575925624,0.7808389591473547,0.7798686534106821,0.4195480259469154,0.7637795275590551,0.5568084553852892,0.2222222222222222,0.1509433962264151,0.1797752808988764,0.013561453040615337,0.20866141732283464,12.0,0.20368064623887758,38.339622641509436,39.2771731027285,0.03409369430722219,0.19444444444444445,0.14,0.16279069767441862,-0.0024589126304484688,0.1968503937007874,12.0,0.17765495459928937,35.559999999999995,39.40222222222222,0.03409369430722219,39.27817836077884
0.3287671232876712,0.8275862068965517,0.20416666666666666,0.47058823529411764,0.8117097701149425,0.8113992388706966,0.8115544896402044,0.8110416132714713,0.4348060362310532,0.7992565055762082,0.6168987268082544,0.2413793103448276,0.13725490196078433,0.17500000000000004,0.045926506429973056,0.1895910780669145,25.0,0.20031656700668307,36.92156862745098,34.94468832309043,0.07218691008721176,0.3103448275862069,0.16981132075471697,0.2195121951219512,0.0990336611873855,0.1970260223048327,25.0,0.22297455739242583,45.67924528301887,40.36334954647036,0.07218691008721176,39.956243802793324
0.2839506172839506,0.7419354838709677,0.24472573839662448,0.4107142857142857,0.7486048727371717,0.7485454545454545,0.7485751630517729,0.7485164204975954,0.34628313414466655,0.753731343283582,0.5651107365458012,0.1935483870967742,0.10526315789473684,0.13636363636363635,-0.0169146668708848,0.2126865671641791,3.0,0.2024643451091065,28.210526315789473,29.634847542003733,0.008924159126756983,0.16129032258064516,0.09433962264150944,0.11904761904761905,-0.03311543344191022,0.19776119402985073,3.0,0.16998437736229402,25.28301886792453,29.4144678327898,0.008924159126756983,44.068927383981645
0.38961038961038963,0.75,0.2017167381974249,0.5128205128205129,0.7741416309012876,0.7733887733887734,0.7737651105806796,0.7728550655759538,0.4308633419560113,0.7912087912087912,0.5446668114542361,0.225,0.1875,0.20454545454545456,0.053524725878798966,0.17582417582417584,2.0,0.20028853744181616,51.18749999999999,44.935172601250336,0.0067058183398657585,0.325,0.24074074074074073,0.276595744680851,0.13230472433019283,0.1978021978021978,2.0,0.2689114516699785,65.72222222222223,48.34305091608463,0.0067058183398657585,42.41500666970387
0.45714285714285713,0.8,0.16379310344827586,0.5818181818181818,0.8181034482758621,0.8177028451001055,0.8179031221614081,0.817204785706494,0.5154038471809496,0.8308823529411765,0.6330871563161216,0.375,0.3125,0.3409090909090909,0.21623955312332516,0.17647058823529413,14.0,0.20839712763892781,85.0,71.9779594370861,0.03735292690599626,0.475,0.35185185185185186,0.4042553191489362,0.28779199985594506,0.19852941176470587,14.0,0.2816725249606452,95.70370370370371,67.45421834328586,0.03735292690599626,39.87544735101983
0.2916666666666667,0.7241379310344828,0.204,0.4158415841584159,0.7600689655172415,0.7583703838127213,0.7592191996409524,0.7573934449629032,0.36277396202902557,0.7885304659498208,0.56252285886639,0.1724137931034483,0.10416666666666667,0.12987012987012989,0.0003345997736232537,0.17204301075268819,12.0,0.20154101403222632,29.062499999999996,24.808846100181388,0.03385681164345903,0.3793103448275862,0.2,0.26190476190476186,0.15596355517194369,0.1971326164874552,12.0,0.28528444081999943,55.8,38.5580088713652,0.03385681164345903,42.69306965731084
0.4186046511627907,0.8,0.2183406113537118,0.549618320610687,0.7908296943231441,0.7907233572611816,0.7907765240047472,0.7906287715965818,0.46437046548511207,0.7846715328467153,0.6468274322537766,0.35555555555555557,0.26666666666666666,0.3047619047619048,0.14639814614457647,0.21897810218978103,9.0,0.20403064973233967,73.06666666666666,78.41959049284905,0.02265669832722826,0.28888888888888886,0.24074074074074073,0.2626262626262626,0.10230908686009203,0.19708029197080293,9.0,0.15780413561456913,65.96296296296296,82.38060396434747,0.02265669832722826,41.00675184233114
0.2716049382716049,0.7586206896551724,0.24789915966386555,0.39999999999999997,0.7553607649956534,0.7553466960774912,0.755353730503817,0.7553390459997802,0.34567873363234275,0.7528089887640449,0.5530225943458141,0.20689655172413793,0.1016949152542373,0.13636363636363635,-0.01184353498217734,0.2209737827715356,41.0,0.20520464067031904,27.152542372881353,29.239104829210838,0.12250709413748445,0.13793103448275862,0.07547169811320754,0.0975609756097561,-0.05300789322900409,0.19850187265917604,41.0,0.15200343753356965,20.150943396226413,26.315194346289754,0.12250709413748445,45.452857587020844
0.35714285714285715,0.7317073170731707,0.24545454545454545,0.48000000000000004,0.7431263858093127,0.742950917499627,0.7430386464748726,0.7428726992359878,0.3787381751927729,0.7509578544061303,0.502903155710988,0.12195121951219512,0.09090909090909091,0.10416666666666667,-0.0939734955274676,0.210727969348659,32.0,0.20395347700728145,23.727272727272727,24.515394752605726,0.10087171631894067,0.0975609756097561,0.07692307692307693,0.08602150537634409,-0.10988813728553343,0.19923371647509577,32.0,0.1776376875335972,20.076923076923077,22.517744154057773,0.10087171631894067,45.99462358094752
0.2761904761904762,0.8285714285714286,0.29457364341085274,0.4142857142857143,0.766998892580288,0.7620560207912214,0.7645234620539828,0.7590006364174533,0.36116840955852475,0.7201365187713311,0.5308162203480195,0.2,0.1,0.13333333333333333,-0.03360683153886972,0.23890784982935154,6.0,0.20129564519254728,29.3,34.77472149635538,0.014326278956404872,0.05714285714285714,0.034482758620689655,0.04301075268817204,-0.13015935570612217,0.19795221843003413,6.0,0.13786993715567122,10.10344827586207,14.506425702811244,0.014326278956404872,42.53786380402744
0.3333333333333333,0.7241379310344828,0.1810344827586207,0.45652173913043476,0.7715517241379309,0.7686380273550377,0.7700934977285274,0.7666832999530283,0.39886201760873286,0.8084291187739464,0.5370460086114148,0.20689655172413793,0.15384615384615385,0.17647058823529413,0.05699509407344415,0.14942528735632185,32.0,0.2016637718255782,40.15384615384615,29.752493200362647,0.13679687147010644,0.5172413793103449,0.28846153846153844,0.3703703703703704,0.2814869620906359,0.19923371647509577,32.0,0.363607276716336,75.28846153846155,41.25329981143935,0.13679687147010644,40.67378155095503
0.15,0.7777777777777778,0.5107296137339056,0.25149700598802394,0.6335240820219361,0.6006774557771923,0.6168821879115314,0.6061551990985745,0.16341608367718038,0.5192307692307693,0.517103073677452,0.2222222222222222,0.05504587155963303,0.08823529411764706,-0.13591287987814007,0.41923076923076924,47.0,0.20566581306017925,14.311926605504587,29.173540856031128,0.11383458091204571,0.037037037037037035,0.019230769230769232,0.025316455696202535,-0.13868607031990954,0.2,47.0,0.048842296201451134,5.0,20.47405789186237,0.11383458091204571,40.79306939616799
0.3442622950819672,0.8076923076923077,0.16736401673640167,0.4827586206896552,0.820164145477953,0.8199744922986364,0.8200693134057813,0.8197321955827211,0.452489299534952,0.8301886792452831,0.6240869715145565,0.3076923076923077,0.19047619047619047,0.23529411764705882,0.13475050873070699,0.15849056603773584,15.0,0.2051667856778537,50.47619047619048,38.99266625233064,0.04571963915551458,0.5769230769230769,0.2830188679245283,0.379746835443038,0.31079960623617686,0.2,15.0,0.40349892889931654,75.0,37.1748198710656,0.04571963915551458,42.10599063010886
0.30985915492957744,0.8148148148148148,0.2024793388429752,0.4489795918367347,0.8061677379859199,0.8060749881347887,0.8061213617264151,0.8059749559072854,0.4174622570341405,0.7992565055762082,0.6282189122039807,0.3333333333333333,0.16981132075471697,0.22499999999999998,0.11446713662390752,0.1970260223048327,6.0,0.20412031314379891,45.67924528301887,44.091643116673396,0.015758027845556164,0.3333333333333333,0.16981132075471697,0.22499999999999998,0.11446713662390752,0.1970260223048327,6.0,0.20412031314379891,45.67924528301887,44.091643116673396,0.015758027845556164,40.79818979417905
0.40625,0.7428571428571429,0.16379310344827586,0.5252525252525253,0.7895320197044335,0.7867727343628139,0.7881511695162624,0.7844186583713593,0.4577903189073806,0.8239700374531835,0.5896215737495808,0.37142857142857144,0.28888888888888886,0.325,0.21051234750812003,0.16853932584269662,21.0,0.2046423599025409,77.13333333333334,63.525459764005525,0.06401872463632086,0.5142857142857142,0.33962264150943394,0.40909090909090906,0.30750088738897946,0.19850187265917604,21.0,0.3407370344587539,90.67924528301886,52.82666155908829,0.06401872463632086,45.419246832840145
0.3466666666666667,0.7878787878787878,0.21120689655172414,0.48148148148148145,0.7883359456635318,0.7883356805567061,0.7883358131101078,0.7883354519731953,0.42269033086189634,0.7886792452830189,0.6471219331504272,0.36363636363636365,0.20689655172413793,0.26373626373626374,0.1320485308820452,0.2188679245283019,10.0,0.20669650256920272,54.82758620689655,58.05613472333601,0.023880382961099397,0.2727272727272727,0.16981132075471697,0.20930232558139536,0.06857254813237416,0.2,10.0,0.16033245719968744,45.0,56.13336287106779,0.023880382961099397,39.85449716215953
0.54,0.7297297297297297,0.09745762711864407,0.6206896551724138,0.8161360513055429,0.806988002525784,0.811549137041215,0.7968448769098333,0.5595300942078874,0.8791208791208791,0.5653105556747478,0.2972972972972973,0.3793103448275862,0.33333333333333337,0.24553111349208243,0.10622710622710622,7.0,0.20599259655902963,103.55172413793103,53.399977396021704,0.02403436279999035,0.7567567567567568,0.5185185185185185,0.6153846153846154,0.5556036280187727,0.1978021978021978,7.0,0.7742881754475822,141.55555555555557,36.16224667749113,0.02403436279999035,42.24417311931029
0.32954545454545453,0.8285714285714286,0.24686192468619247,0.4715447154471545,0.7908547519426181,0.7890560048371249,0.7899548664159857,0.7874811008853423,0.41585442184170124,0.7627737226277372,0.6537227551420401,0.34285714285714286,0.19672131147540983,0.25,0.1105965591228568,0.22262773722627738,27.0,0.2039000885447769,53.90163934426229,58.85235305998788,0.07176906632381055,0.22857142857142856,0.14814814814814814,0.1797752808988764,0.03029463678909896,0.19708029197080293,27.0,0.15102032411506702,40.59259259259259,52.973002454322334,0.07176906632381055,40.97377711394802
0.46875,0.5555555555555556,0.07264957264957266,0.5084745762711864,0.7414529914529915,0.6948447006083893,0.7177706331839918,0.6815594053801428,0.4483938698053372,0.8888888888888888,0.5594089256019573,0.2962962962962963,0.3333333333333333,0.3137254901960785,0.24021099792496667,0.09195402298850575,10.0,0.2037907855638577,87.0,39.2559456398641,0.03277114964524873,0.5925925925925926,0.3076923076923077,0.40506329113924056,0.33452501610628993,0.19923371647509577,10.0,0.6282491417361452,80.3076923076923,25.46760343481655,0.03277114964524873,41.48486700700596
0.20512820512820512,0.9230769230769231,0.3795918367346939,0.3356643356643357,0.7717425431711147,0.74206672091131,0.7567591812450934,0.726132219603207,0.3231499224829779,0.6494464944649446,0.6352101071134304,0.3076923076923077,0.10126582278481013,0.1523809523809524,0.011597676088526215,0.2915129151291513,7.0,0.20010575825888507,27.443037974683545,39.978859527121,0.017960726488787805,0.11538461538461539,0.05555555555555555,0.075,-0.06840549940488536,0.1992619926199262,7.0,0.09228799643761654,15.055555555555555,32.506936067551266,0.017960726488787805,44.05543598299846
0.3,0.8181818181818182,0.2727272727272727,0.43902439024390244,0.7727272727272728,0.7700534759358288,0.7713892158398701,0.7682263857457825,0.3805621975536937,0.7386363636363636,0.60014073811155,0.21212121212121213,0.11666666666666667,0.15053763440860216,-0.01366533436151313,0.22727272727272727,20.0,0.2047742383380951,30.8,34.18398748207068,0.055459891834421224,0.18181818181818182,0.11538461538461539,0.14117647058823532,-0.014399299635098211,0.19696969696969696,20.0,0.14322715014285334,30.461538461538463,41.891498881431765,0.055459891834421224,44.6868041716516
0.26582278481012656,0.84,0.24166666666666667,0.40384615384615385,0.7991666666666666,0.7970802919708029,0.7981227975693965,0.7950575961669013,0.3823391810929761,0.7660377358490567,0.5819525628853484,0.2,0.09615384615384616,0.12987012987012989,0.003066711416446152,0.19622641509433963,3.0,0.20904145880893998,25.48076923076923,23.918700283133344,0.008815454245243135,0.2,0.09433962264150944,0.1282051282051282,0.0,0.2,3.0,0.2186522364082185,25.0,22.86736272235112,0.008815454245243135,42.065606920048594
0.23076923076923078,0.782608695652174,0.2553191489361702,0.3564356435643565,0.7636447733580018,0.763173834039976,0.7634092673842876,0.7628852102677488,0.32716245388963294,0.748062015503876,0.5605133490286298,0.17391304347826086,0.07692307692307693,0.10666666666666666,-0.02155314828701445,0.20155038759689922,19.0,0.20774108322324966,19.846153846153847,19.25473737759125,0.055985581600155654,0.17391304347826086,0.0784313725490196,0.10810810810810811,-0.018665988878525164,0.19767441860465115,19.0,0.19809775429326287,20.23529411764706,20.192051213656978,0.055985581600155654,39.43142126267776
0.3684210526315789,0.65625,0.14457831325301204,0.47191011235955055,0.755835843373494,0.7427148194271481,0.7492466095536975,0.7363079910548236,0.40420772730869614,0.8327402135231317,0.4944631629327343,0.21875,0.18421052631578946,0.19999999999999998,0.08755286037953128,0.13523131672597866,8.0,0.20051894135962636,51.763157894736835,34.90942028985507,0.021592854491428233,0.65625,0.375,0.4772727272727273,0.4100871925167984,0.199288256227758,8.0,0.6926050856253243,105.375,30.32030869516353,0.021592854491428233,42.09505965793505
0.2967032967032967,0.8181818181818182,0.27467811158798283,0.435483870967742,0.7717518532969178,0.768958543983822,0.7703539325712656,0.7670773559470766,0.37765715764347607,0.7368421052631579,0.6187387094690749,0.24242424242424243,0.11764705882352941,0.15841584158415842,-0.011400817856633556,0.2556390977443609,7.0,0.20869650859309596,31.294117647058826,38.333176026427566,0.018238460681175534,0.12121212121212122,0.07547169811320754,0.09302325581395349,-0.07352379314536814,0.19924812030075187,7.0,0.11220268872802482,20.07547169811321,35.64976958525346,0.018238460681175534,44.68635476473719
0.2753623188405797,0.7916666666666666,0.21367521367521367,0.40860215053763443,0.7889957264957265,0.7889866847212819,0.7889912055955519,0.7889788224882086,0.3792970967277424,0.7868217054263565,0.6150233427357545,0.2916666666666667,0.14583333333333334,0.19444444444444448,0.08692284505859776,0.18604651162790697,16.0,0.2004705231109881,37.625,34.91785171890101,0.04707526867878055,0.375,0.17647058823529413,0.24,0.14259967305048107,0.19767441860465115,16.0,0.2361195682258511,45.529411764705884,38.11628179580354,0.04707526867878055,45.75849311007187
0.3132530120481928,0.6842105263157895,0.24675324675324675,0.4297520661157025,0.7187286397812713,0.7170708511650025,0.7178992669481009,0.7166184934818265,0.32986627619539594,0.7434944237918215,0.5317185262408829,0.23684210526315788,0.15517241379310345,0.1875,0.02093662725529389,0.21561338289962825,31.0,0.2033688882164561,41.741379310344826,44.254556726596405,0.09004162365143559,0.23684210526315788,0.16981132075471697,0.19780219780219777,0.04060054006782937,0.1970260223048327,31.0,0.15883702751090603,45.67924528301887,56.6618510874742,0.09004162365143559,43.13311527762562
0.29333333333333333,0.7096774193548387,0.21721311475409835,0.4150943396226416,0.7462321523003702,0.7444414917176012,0.7453362842543786,0.7436128532339781,0.3497074524644619,0.7745454545454545,0.513235595814856,0.16129032258064516,0.09259259259259259,0.1176470588235294,-0.03147041076064879,0.19636363636363635,4.0,0.20827182555098023,25.462962962962965,24.00708778910719,0.010877872030851598,0.1935483870967742,0.10909090909090909,0.13953488372093023,-0.005749025622728424,0.2,4.0,0.21813896874109756,30.0,27.50540187581622,0.010877872030851598,43.165108748245984
0.32098765432098764,0.7027027027027027,0.24017467248908297,0.4406779661016949,0.7312640151068098,0.7301484828921886,0.7307060361211529,0.7297505261008674,0.3477989660919456,0.7518796992481203,0.5405340274153716,0.2972972972972973,0.19298245614035087,0.23404255319148934,0.0813191597315374,0.21428571428571427,4.0,0.20565552699228792,51.333333333333336,53.4875,0.010720221030823165,0.24324324324324326,0.16981132075471697,0.19999999999999998,0.044273265586780464,0.19924812030075187,4.0,0.16767715962555174,45.16981132075472,53.674573329476424,0.010720221030823165,44.66818469809368
0.16666666666666666,0.88,0.45267489711934156,0.2802547770700637,0.7136625514403292,0.6748933225694845,0.6940072697998051,0.6688545919977098,0.248585119116124,0.5783582089552238,0.620410793395086,0.28,0.0673076923076923,0.10852713178294573,-0.0711257454888017,0.3880597014925373,17.0,0.20541713742046738,18.038461538461537,34.07700101317123,0.04016768745911875,0.08,0.03773584905660377,0.05128205128205127,-0.09483020672849765,0.19776119402985073,17.0,0.05292263780698103,10.113207547169813,37.791011235955054,0.04016768745911875,43.30186564614996
0.2682926829268293,0.7333333333333333,0.26785714285714285,0.3928571428571429,0.7327380952380953,0.7327376116978066,0.7327378534679111,0.7327374323902589,0.32130017212947665,0.7322834645669292,0.5176756603576596,0.23333333333333334,0.12727272727272726,0.16470588235294117,0.014925106891531459,0.21653543307086615,33.0,0.20471600810897322,32.32727272727273,34.19371091035441,0.10430865514432242,0.16666666666666666,0.1,0.125,-0.027780695458346487,0.1968503937007874,33.0,0.16338869722943414,25.4,30.60187200696561,0.10430865514432242,39.03801229596138
0.3287671232876712,0.8275862068965517,0.2149122807017544,0.47058823529411764,0.8063369630973987,0.805776985838882,0.8060569258402907,0.805174687926917,0.42985846069840555,0.7898832684824902,0.6210938425805229,0.2413793103448276,0.1320754716981132,0.17073170731707316,0.03098716540539103,0.20622568093385213,6.0,0.20497530979222958,33.943396226415096,34.150454545454544,0.016382738038484654,0.1724137931034483,0.09803921568627451,0.125,-0.02327644273755668,0.19844357976653695,6.0,0.18127892170564303,25.196078431372552,27.581805722117526,0.016382738038484654,42.843949482776225
0.39705882352941174,0.7941176470588235,0.17982456140350878,0.5294117647058824,0.8071465428276573,0.8069362314208087,0.8070413802734555,0.806706937350872,0.4708983706296822,0.816793893129771,0.6198610515010117,0.2647058823529412,0.20454545454545456,0.23076923076923078,0.09996450015456307,0.16793893129770993,2.0,0.20807402554864068,53.59090909090909,43.25383707201889,0.006953490872449324,0.4411764705882353,0.28846153846153844,0.3488372093023256,0.23498356505128357,0.1984732824427481,2.0,0.29926847909160387,75.57692307692308,50.122218168551626,0.006953490872449324,43.043887332081795
0.3150684931506849,0.7666666666666667,0.1953125,0.4466019417475728,0.7856770833333333,0.7852171030825323,0.7854470595357356,0.7848356243465308,0.40154551280140627,0.8006993006993007,0.5310951985785642,0.16666666666666666,0.09615384615384616,0.1219512195121951,-0.013447858840997974,0.18181818181818182,24.0,0.20965400104101034,27.5,23.848817457206323,0.07162180749968056,0.26666666666666666,0.14035087719298245,0.1839080459770115,0.057728737448108004,0.1993006993006993,24.0,0.26918335479275673,40.140350877192986,29.719519641766745,0.07162180749968056,42.013409764971584
0.29347826086956524,0.9642857142857143,0.2777777777777778,0.45,0.8432539682539683,0.8258823529411763,0.8345229603962802,0.8019646445312831,0.4443386921032701,0.7480916030534351,0.7212490934076419,0.25,0.11475409836065574,0.15730337078651685,0.014057906631252878,0.23282442748091603,29.0,0.20456490727532098,30.065573770491802,34.21896792189679,0.08233296143805667,0.21428571428571427,0.11538461538461539,0.15,0.013713860444446287,0.1984732824427481,29.0,0.14065620542082738,30.23076923076923,42.65720081135903,0.08233296143805667,47.06617284798995
0.3333333333333333,0.9090909090909091,0.2597402597402597,0.4878048780487804,0.8246753246753248,0.816034359341446,0.8203434647975978,0.8054113757951729,0.45305023518296866,0.7613636363636364,0.7112596056741014,0.3939393939393939,0.2,0.2653061224489796,0.12960816756587773,0.24621212121212122,7.0,0.20688571802591962,52.8,62.836623639584914,0.018555102008433598,0.21212121212121213,0.1346153846153846,0.16470588235294117,0.014399299635098211,0.19696969696969696,7.0,0.11616703757036262,35.53846153846154,60.25805724588686,0.018555102008433598,42.58443033089861
0.24369747899159663,0.8529411764705882,0.37037037037037035,0.3790849673202615,0.7412854030501089,0.724467303453343,0.7328281087929399,0.718219492489154,0.3198907013972422,0.6570397111913358,0.640814294976568,0.23529411764705882,0.09195402298850575,0.1322314049586777,-0.06349285899248391,0.3140794223826715,8.0,0.2009553982476115,25.47126436781609,39.80982879664984,0.018906246732969038,0.058823529411764705,0.03636363636363636,0.04494382022471911,-0.13102539027799304,0.19855595667870035,8.0,0.07361021731597446,10.072727272727274,27.17014122394082,0.018906246732969038,41.038386028725654
0.3373493975903614,0.7777777777777778,0.23109243697478993,0.4705882352941176,0.7733426704014938,0.7733172351343194,0.773329952663334,0.7732992826694962,0.4019031662848382,0.7700729927007299,0.5982606875864711,0.3055555555555556,0.1896551724137931,0.23404255319148937,0.08937794919441616,0.2116788321167883,10.0,0.2074617155439896,51.96551724137931,53.021830900976965,0.02631611150765616,0.19444444444444445,0.12962962962962962,0.15555555555555556,-0.002577065154628313,0.19708029197080293,10.0,0.16990291262135923,35.51851851851852,41.199999999999996,0.02631611150765616,41.100019777193666
0.26153846153846155,0.5862068965517241,0.1991701244813278,0.36170212765957444,0.6935183860351982,0.6769135547761501,0.6851656704722621,0.6752743689302744,0.28030196374281874,0.7777777777777778,0.45223846187555616,0.2413793103448276,0.15217391304347827,0.18666666666666665,0.06551856039578267,0.17037037037037037,37.0,0.2101129690337492,41.08695652173913,33.315411381748795,0.13674852182906239,0.3448275862068966,0.18518518518518517,0.24096385542168677,0.12559772670741567,0.2,37.0,0.31671422843800856,50.0,31.57420507856132,0.13674852182906239,42.37492572981864
0.3023255813953488,0.8387096774193549,0.24793388429752067,0.44444444444444436,0.7953878965609171,0.7930283224400871,0.7942072332199284,0.7908519912346463,0.4034978202279887,0.7619047619047619,0.615937741399996,0.22580645161290322,0.1206896551724138,0.15730337078651688,0.011683062145564813,0.21245421245421245,11.0,0.2002459160372387,32.94827586206897,34.95701754385965,0.028728166265492808,0.22580645161290322,0.12962962962962962,0.16470588235294117,0.02516175207190877,0.1978021978021978,11.0,0.16940603748964894,35.38888888888889,41.32084135683603,0.028728166265492808,45.43679171381518
0.32894736842105265,0.7352941176470589,0.21888412017167383,0.4545454545454546,0.7582049987376925,0.7575126945808707,0.7578587676067852,0.7571219830701255,0.3814947631585905,0.7752808988764045,0.5725122236797316,0.23529411764705882,0.15384615384615385,0.186046511627907,0.039102947770739485,0.1947565543071161,18.0,0.20405467493682516,41.07692307692307,39.20517872220659,0.05045532333377213,0.2647058823529412,0.16981132075471697,0.20689655172413793,0.06340335386604884,0.19850187265917604,18.0,0.21511026878015163,45.33962264150943,41.8390068081698,0.05045532333377213,44.15765063930303
0.5,0.6875,0.09777777777777778,0.5789473684210527,0.7948611111111111,0.7803599510746112,0.787577156714044,0.7684651820706435,0.516889370953692,0.8754863813229572,0.5781878346612502,0.34375,0.39285714285714285,0.3666666666666667,0.2841968557368328,0.10894941634241245,4.0,0.20881999008989877,100.96428571428571,52.67694915254238,0.013856835302729537,0.71875,0.45098039215686275,0.5542168674698795,0.4919912058972233,0.19844357976653695,4.0,0.7543946579835303,115.90196078431373,30.488020768172152,0.013856835302729537,41.980310790240765
0.42857142857142855,0.8571428571428571,0.13793103448275862,0.5714285714285714,0.8596059113300493,0.8595988538681947,0.8596023825918792,0.8595843072538008,0.5423388660991585,0.8615384615384616,0.6104756015870563,0.2857142857142857,0.2222222222222222,0.25,0.1481141387840771,0.13846153846153847,9.0,0.21204970003696227,57.77777777777777,37.727004558862966,0.028855175702009742,0.7142857142857143,0.38461538461538464,0.5,0.4466625002869186,0.2,9.0,0.5635040232009326,100.0,35.49220445027498,0.028855175702009742,41.140089475084096
0.20161290322580644,0.8928571428571429,0.39759036144578314,0.3289473684210526,0.7476333907056798,0.7194244604316548,0.7333933110610719,0.7088319322527596,0.3002350084694289,0.631768953068592,0.5783903971230065,0.2857142857142857,0.0975609756097561,0.14545454545454548,-0.00757682167340912,0.296028880866426,9.0,0.20485895972607207,27.02439024390244,39.051257561286214,0.021898576735550884,0.10714285714285714,0.05454545454545454,0.07228915662650602,-0.07684395588200782,0.19855595667870035,9.0,0.08703733898581445,15.10909090909091,34.46796553016111,0.021898576735550884,45.63776982575655
0.3625,0.8529411764705882,0.2073170731707317,0.5087719298245613,0.8228120516499283,0.8217088055797733,0.8222602435834444,0.8202687194643998,0.4667956028752859,0.8,0.6267931986616779,0.23529411764705882,0.14545454545454545,0.17977528089887643,0.036368225246542416,0.19642857142857142,4.0,0.2057178882736692,40.72727272727273,38.88820786142571,0.01113513905096055,0.2647058823529412,0.16071428571428573,0.19999999999999998,0.06013892731559562,0.2,4.0,0.21632585932788773,45.0,41.60390268626457,0.01113513905096055,43.316286920104176
0.35294117647058826,0.7272727272727273,0.1896551724137931,0.4752475247524753,0.7688087774294671,0.7665647298674821,0.7676859336929188,0.7651072056101318,0.40643100793757253,0.8,0.5188083026753287,0.24242424242424243,0.16326530612244897,0.1951219512195122,0.05587816131166561,0.18490566037735848,5.0,0.2089608636977058,43.26530612244898,38.28468096099199,0.01442466834721055,0.30303030303030304,0.18867924528301888,0.23255813953488372,0.09714444318753006,0.2,5.0,0.26823211875843456,50.0,37.281143087140265,0.01442466834721055,41.38743710424751
0.3026315789473684,0.6764705882352942,0.212,0.4181818181818182,0.7322352941176471,0.7279884318766067,0.730108775135193,0.7264901461767634,0.3405879021280269,0.7746478873239436,0.564556828088448,0.29411764705882354,0.18181818181818182,0.22471910112359553,0.0937482534534397,0.1936619718309859,5.0,0.20267327799935325,51.63636363636364,49.34049569194766,0.011910798628138345,0.29411764705882354,0.17857142857142858,0.22222222222222224,0.08984728308006114,0.19718309859154928,5.0,0.21334483130322301,50.714285714285715,46.87247372675829,0.011910798628138345,42.98672659788281
0.3898305084745763,0.7419354838709677,0.16216216216216217,0.5111111111111112,0.7898866608544027,0.7869757174392935,0.7884298457197201,0.7844845001838396,0.4495610643582712,0.8260869565217391,0.585219924916182,0.3225806451612903,0.24390243902439024,0.2777777777777778,0.16278280851000723,0.16205533596837945,10.0,0.20632287897064736,61.70731707317073,48.46772228989038,0.031163135259873076,0.5161290322580645,0.32,0.3950617283950617,0.29888359531295605,0.1976284584980237,10.0,0.34901487736228387,80.96000000000001,45.84331797235023,0.031163135259873076,40.21966369636357
0.2857142857142857,0.6857142857142857,0.24793388429752067,0.40336134453781514,0.7188902007083825,0.7173591722778782,0.718124278477509,0.7169392987476555,0.3164315093380936,0.7436823104693141,0.550233404198356,0.34285714285714286,0.1875,0.2424242424242424,0.1008806305995689,0.23104693140794225,7.0,0.20461854672953694,51.9375,58.64571023398724,0.016628802213117296,0.22857142857142856,0.14545454545454545,0.17777777777777778,0.02861498033913068,0.19855595667870035,7.0,0.13560633538870753,40.290909090909096,58.994293865905846,0.016628802213117296,41.41381456004456
0.2727272727272727,0.8709677419354839,0.3025210084033613,0.4153846153846154,0.7842233667660612,0.7746284134116832,0.7794111253750248,0.7674400247821924,0.3763717710819492,0.7174721189591078,0.6277739055672186,0.3225806451612903,0.15384615384615385,0.20833333333333334,0.06824371888946879,0.241635687732342,24.0,0.2039366621031695,41.38461538461539,49.03483217226092,0.06514429847249759,0.16129032258064516,0.09433962264150944,0.11904761904761905,-0.032425160036854646,0.1970260223048327,24.0,0.13388267507038978,25.37735849056604,37.3461315840247,0.06514429847249759,42.160637572873384
0.35526315789473684,0.8181818181818182,0.21212121212121213,0.4954128440366972,0.8030303030303031,0.8027444253859347,0.8028873514843496,0.8024484119635562,0.4426834591633138,0.7916666666666666,0.6153318500500198,0.24242424242424243,0.1568627450980392,0.1904761904761905,0.047143241702568,0.19318181818181818,2.0,0.20044064557230834,41.411764705882355,39.912064627201694,0.006863066854572482,0.2727272727272727,0.17307692307692307,0.21176470588235294,0.07199649817549104,0.19696969696969696,2.0,0.21002335952431514,45.69230769230769,42.85237613751264,0.006863066854572482,40.77745342813432
0.3013698630136986,0.6875,0.22077922077922077,0.41904761904761906,0.7333603896103896,0.7304925290536801,0.7319250547113999,0.7294452787993897,0.3407217717749736,0.7680608365019012,0.5354449029138091,0.25,0.1568627450980392,0.1927710843373494,0.05279684864666527,0.19391634980988592,2.0,0.20340004440356496,41.254901960784316,39.33135817869952,0.006765935929345993,0.28125,0.17307692307692307,0.2142857142857143,0.07806052115768519,0.19771863117870722,2.0,0.21209045640521423,45.51923076923077,42.43472409152086,0.006765935929345993,40.794959428254515
0.27631578947368424,0.7241379310344828,0.23404255319148937,0.4,0.7450476889214966,0.7444608567208273,0.7447542150215531,0.7441916754693791,0.33847595008314296,0.7613636363636364,0.5416622271630867,0.20689655172413793,0.11538461538461539,0.14814814814814817,0.00876821236678272,0.19696969696969696,11.0,0.20506778468035622,30.461538461538463,29.258618116699,0.026889221498579762,0.20689655172413793,0.11538461538461539,0.14814814814814817,0.00876821236678272,0.19696969696969696,11.0,0.20506778468035622,30.461538461538463,29.258618116699,0.026889221498579762,44.64244828838855
0.36363636363636365,0.8235294117647058,0.21304347826086956,0.5045045045045046,0.8052429667519181,0.8048276957281245,0.8050353044632422,0.8043863602127905,0.4498967669897129,0.7916666666666666,0.6307333158858934,0.2647058823529412,0.17647058823529413,0.21176470588235294,0.06965571616346962,0.19318181818181818,1.0,0.2019764782750735,46.588235294117645,44.55964415689446,0.004250690505182501,0.29411764705882354,0.19230769230769232,0.23255813953488372,0.09391684747924038,0.19696969696969696,1.0,0.2124850266797343,50.769230769230774,47.062139654067906,0.004250690505182501,42.81007025577128
0.2912621359223301,0.8333333333333334,0.3054393305439331,0.4316546762589928,0.7639470013947002,0.7576449109995436,0.7607894307100065,0.7539604072299503,0.3678867050043809,0.7127272727272728,0.5745223753937763,0.2222222222222222,0.11267605633802817,0.14953271028037382,-0.0318900748834086,0.2581818181818182,5.0,0.20369354543792284,30.985915492957748,39.27468581687612,0.012202093024912554,0.1388888888888889,0.09090909090909091,0.1098901098901099,-0.059294237507372165,0.2,5.0,0.11159000078363765,25.0,44.80688202247191,0.012202093024912554,43.300344578921795
0.3023255813953488,0.7878787878787878,0.2597402597402597,0.43697478991596644,0.7640692640692641,0.7633273242338398,0.7636982040513848,0.7628709094588879,0.3726932987017063,0.7462121212121212,0.6277236824791685,0.3333333333333333,0.1774193548387097,0.23157894736842108,0.08781178360437683,0.23484848484848486,36.0,0.20786282858200666,46.83870967741935,52.91951463876211,0.09748458763869722,0.15151515151515152,0.09615384615384616,0.11764705882352941,-0.04319789890529463,0.19696969696969696,36.0,0.12155220288781933,25.384615384615387,41.13458975823339,0.09748458763869722,41.934719630051404
0.31343283582089554,0.84,0.18699186991869918,0.4565217391304348,0.8265040650406503,0.8262836907338186,0.8263938705413374,0.8259799445240696,0.43802980383016865,0.8154981549815498,0.6458996754664115,0.28,0.14285714285714285,0.18918918918918917,0.08215938655409549,0.18081180811808117,4.0,0.20788693868247093,38.714285714285715,33.67214912280702,0.011537118041407383,0.44,0.2037037037037037,0.27848101265822783,0.19212755514341676,0.1992619926199262,4.0,0.2755218339900355,55.2037037037037,39.92424063349486,0.011537118041407383,43.923252697102726
0.38181818181818183,0.65625,0.14912280701754385,0.48275862068965525,0.753563596491228,0.7409967260822117,0.747253743981746,0.7350455944197269,0.4079444566813436,0.8269230769230769,0.497624331843331,0.21875,0.20588235294117646,0.21212121212121213,0.09776310585509596,0.13076923076923078,15.0,0.2016716854754735,53.52941176470588,34.70987998883617,0.05332572754687409,0.59375,0.36538461538461536,0.45238095238095233,0.368780663310292,0.2,15.0,0.578504488785073,95.0,32.84330609067912,0.05332572754687409,44.795003504958004
0.375,0.46875,0.10330578512396695,0.4166666666666667,0.6827221074380165,0.6156610554189521,0.6483250829816324,0.6173130210341099,0.3324036921282764,0.8467153284671532,0.45143772982106156,0.21875,0.25,0.23333333333333334,0.13993348634986966,0.10218978102189781,9.0,0.21930965759681126,68.5,31.918339013000125,0.02724421692411543,0.59375,0.35185185185185186,0.4418604651162791,0.36260908855203433,0.19708029197080293,9.0,0.6556315221302627,96.4074074074074,28.97969264544457,0.02724421692411543,43.29799523903057
0.27884615384615385,0.7837837837837838,0.30864197530864196,0.4113475177304965,0.7375709042375709,0.7346754128025333,0.7361217348658272,0.7335330029091052,0.3330076739267594,0.7035714285714286,0.5633534062655774,0.24324324324324326,0.12162162162162163,0.16216216216216214,-0.01862100105548186,0.2642857142857143,28.0,0.20194523218716767,34.054054054054056,44.56653867251783,0.07078385324353066,0.13513513513513514,0.08928571428571429,0.1075268817204301,-0.06327719971683327,0.2,28.0,0.11055476781283233,25.0,45.22645290581163,0.07078385324353066,47.50893951486796
0.2457627118644068,0.8787878787878788,0.3938053097345133,0.38410596026490074,0.7424912845266827,0.717471783295711,0.7298743357529995,0.7086454047866776,0.3247033424900875,0.640926640926641,0.6634634425668193,0.2727272727272727,0.10465116279069768,0.15126050420168066,-0.04813095652169866,0.33204633204633205,13.0,0.2041214215202369,27.1046511627907,44.09140369967356,0.03209859662228863,0.12121212121212122,0.0784313725490196,0.09523809523809525,-0.07274050898843712,0.1969111969111969,13.0,0.06813919052319842,20.313725490196077,58.70336834480261,0.03209859662228863,40.700447861105204
0.425,0.8292682926829268,0.19742489270386265,0.5619834710743802,0.815921699989532,0.8157033805888768,0.815812532986154,0.8154384870259588,0.49571662449022363,0.8065693430656934,0.6208547704076933,0.2926829268292683,0.23076923076923078,0.25806451612903225,0.1100803460554699,0.1897810218978102,17.0,0.20054945054945056,63.23076923076923,59.83561643835616,0.04479826742600465,0.34146341463414637,0.25925925925925924,0.29473684210526313,0.15225541265590256,0.19708029197080293,17.0,0.21947942568380524,71.03703703703704,63.78730013704888,0.04479826742600465,44.526483742985874
0.3333333333333333,0.8918918918918919,0.27848101265822783,0.48529411764705876,0.8067054396168322,0.7977099236641222,0.8021950726950242,0.7887666723148707,0.4364051706626751,0.7445255474452555,0.6401916492421422,0.2702702702702703,0.14925373134328357,0.19230769230769232,0.023666982967006405,0.24452554744525548,41.0,0.2057648938169517,40.8955223880597,48.599155154698025,0.1197380884444914,0.10810810810810811,0.07407407407407407,0.0879120879120879,-0.08837374963339292,0.19708029197080293,41.0,0.13399736891561737,20.296296296296294,29.85133239831697,0.1197380884444914,42.85604033013806
0.29333333333333333,0.8148148148148148,0.22083333333333333,0.43137254901960786,0.7969907407407407,0.7965921192758252,0.7967914050803238,0.7962097721636505,0.3984548909905875,0.7827715355805244,0.5751324828512363,0.14814814814814814,0.07547169811320754,0.1,-0.04234228593818908,0.19850187265917604,25.0,0.20057278047565683,20.150943396226413,19.942885522721628,0.07160035760305222,0.14814814814814814,0.07547169811320754,0.1,-0.04234228593818908,0.19850187265917604,25.0,0.20057278047565683,20.150943396226413,19.942885522721628,0.07160035760305222,42.253864356316626
0.3620689655172414,0.6363636363636364,0.16299559471365638,0.4615384615384615,0.7366840208249901,0.7230225604783909,0.7298213253943738,0.7182208587787803,0.37851156308327716,0.8115384615384615,0.5128638234332752,0.2727272727272727,0.20930232558139536,0.23684210526315788,0.11016043367059992,0.16538461538461538,25.0,0.2071760060954492,54.418604651162795,43.44132397191574,0.0757094040774861,0.5151515151515151,0.3269230769230769,0.4,0.3004024355448385,0.2,25.0,0.4358707949481656,85.0,39.002383727089736,0.0757094040774861,39.61210010200739
0.35526315789473684,0.7941176470588235,0.22072072072072071,0.4909090909090909,0.7866984631690513,0.7866284944425733,0.786663478027903,0.7865694728862931,0.42592021954870535,0.78125,0.6430941982417578,0.4117647058823529,0.2545454545454545,0.3146067415730337,0.18763571149733013,0.21484375,26.0,0.20683780906187152,65.16363636363636,67.68588423701671,0.07245518418017272,0.3235294117647059,0.21568627450980393,0.2588235294117647,0.12180056319685059,0.19921875,26.0,0.16413107772388502,55.21568627450981,67.01960501657777,0.07245518418017272,38.995185879059136
0.2777777777777778,0.7692307692307693,0.2290748898678414,0.40816326530612246,0.7700779396814639,0.7700770077007701,0.770077473690976,0.7700763789453265,0.36350733151498943,0.7707509881422925,0.5323866951954871,0.15384615384615385,0.08163265306122448,0.10666666666666666,-0.03411053766597144,0.19367588932806323,27.0,0.20119181072629655,20.653061224489797,19.881524926686215,0.09153279415087859,0.19230769230769232,0.1,0.13157894736842105,-0.004522050631441433,0.1976284584980237,27.0,0.21234291108619976,25.3,23.54681856071131,0.09153279415087859,41.16117654275149
0.29347826086956524,0.8181818181818182,0.2674897119341564,0.432,0.775346053123831,0.7729794933655005,0.7741618689438271,0.7712986694067049,0.37902349574330746,0.7427536231884058,0.6264392878018892,0.3333333333333333,0.18333333333333332,0.23655913978494622,0.10358605907853348,0.21739130434782608,6.0,0.20309836941314136,50.6,54.160946893787575,0.014449112410547036,0.3333333333333333,0.2,0.25,0.12367390550588285,0.19927536231884058,6.0,0.1656533794612195,55.2,66.40371621621622,0.014449112410547036,43.96165933506563
0.19008264462809918,0.8846153846153846,0.4188034188034188,0.3129251700680272,0.7329059829059827,0.7015025790535994,0.7170323822620288,0.6928274808280472,0.2801593737427783,0.6115384615384616,0.5612608526629524,0.19230769230769232,0.05952380952380952,0.09090909090909091,-0.09320982345263394,0.3230769230769231,6.0,0.20153986761569778,15.476190476190474,24.808987220008245,0.015815652622227526,0.07692307692307693,0.038461538461538464,0.05128205128205129,-0.10256410256410256,0.2,6.0,0.07547013044561997,10.0,26.500550458715594,0.015815652622227526,42.08905976591632
0.2916666666666667,0.7777777777777778,0.2217391304347826,0.42424242424242425,0.7780193236714975,0.778019248680534,0.7780192861760148,0.7780191922537488,0.3796633415917328,0.7782101167315175,0.5992395744852967,0.3333333333333333,0.16666666666666666,0.2222222222222222,0.10362759420109909,0.21011673151750973,25.0,0.20376430065198672,42.833333333333336,44.16867906302825,0.07021706883124405,0.2222222222222222,0.11764705882352941,0.15384615384615383,0.020427698809267678,0.19844357976653695,25.0,0.17205068274080454,30.23529411764706,34.87344487344487,0.07021706883124405,43.638773104175925
0.5161290322580645,0.47058823529411764,0.06276150627615062,0.4923076923076923,0.7039133645089836,0.6265734265734265,0.6641185201537624,0.6230279696853838,0.4244490493136746,0.8791208791208791,0.4120723626297471,0.20588235294117646,0.3333333333333333,0.2545454545454545,0.1825348627687743,0.07692307692307693,4.0,0.2127604836634937,91.0,32.90084643288996,0.01320363026048645,0.5,0.3148148148148148,0.38636363636363635,0.2861379881385692,0.1978021978021978,4.0,0.6420936922609164,85.94444444444444,26.47588693815109,0.01320363026048645,42.39076461503282
0.2636363636363636,0.8055555555555556,0.3360995850622407,0.39726027397260266,0.7347279852466575,0.727900227468821,0.7313061380767637,0.7254352780724379,0.3226265174747096,0.6823104693140795,0.5566876257368973,0.19444444444444445,0.0875,0.12068965517241378,-0.08047328780823988,0.2888086642599278,29.0,0.20250447227191412,24.2375,34.56713780918728,0.07329294834122305,0.1111111111111111,0.07272727272727272,0.08791208791208792,-0.08472252317472996,0.19855595667870035,29.0,0.09567084078711986,20.145454545454548,41.81002243829469,0.07329294834122305,41.401663340162486
0.2553191489361702,0.6666666666666666,0.28688524590163933,0.36923076923076914,0.6898907103825136,0.6891089108910892,0.6894996998299374,0.6890223035110434,0.2691903452677409,0.7071428571428572,0.5203000994780689,0.2222222222222222,0.1111111111111111,0.14814814814814814,-0.030690119835944888,0.2571428571428571,15.0,0.20867606969301886,31.111111111111114,38.33693059184369,0.03326504004470106,0.1111111111111111,0.07142857142857142,0.08695652173913043,-0.08535791995526397,0.2,15.0,0.09899253289083798,20.0,40.40708812260536,0.03326504004470106,44.99241725401953
0.3146067415730337,0.8235294117647058,0.24206349206349206,0.45528455284552843,0.7907329598506069,0.7893726937269372,0.7900525340355207,0.7881786097887149,0.40647690760132027,0.7657342657342657,0.566464218821,0.20588235294117646,0.11475409836065574,0.1473684210526316,-0.006639518585960365,0.21328671328671328,8.0,0.20148887434554974,32.81967213114754,34.741372310190826,0.01908832332588877,0.20588235294117646,0.12280701754385964,0.15384615384615385,0.00605180709350176,0.1993006993006993,8.0,0.1693662739965096,35.12280701754386,41.33054258573498,0.01908832332588877,39.8029500967823
0.3333333333333333,0.8709677419354839,0.226890756302521,0.48214285714285704,0.8220384928164814,0.819126133553174,0.8205810211384632,0.8154346471886478,0.4483174800211963,0.7843866171003717,0.6081904540181255,0.22580645161290322,0.1346153846153846,0.1686746987951807,0.029700819105038686,0.19330855018587362,3.0,0.20248107653490327,36.21153846153846,34.571131879543096,0.009447439732331288,0.22580645161290322,0.1320754716981132,0.16666666666666666,0.026114222848473537,0.1970260223048327,3.0,0.212693740237895,35.528301886792455,32.91117073859624,0.009447439732331288,44.64306962862611
0.358974358974359,0.4827586206896552,0.1037344398340249,0.4117647058823529,0.6895120904278151,0.6275160821747251,0.6577841025726963,0.626972200447107,0.3338382880416973,0.8518518518518519,0.48116247600056683,0.20689655172413793,0.2,0.20338983050847456,0.1057273860195576,0.1111111111111111,10.0,0.21954431310099834,54.0,27.32933463523504,0.029511670058004355,0.5517241379310345,0.2962962962962963,0.38554216867469876,0.3050230505751524,0.2,10.0,0.6082562626324494,80.0,26.304702446883493,0.029511670058004355,43.22588486690074
0.2857142857142857,0.875,0.3125,0.4307692307692308,0.78125,0.77,0.7756046028744286,0.7620070904417529,0.382718930006306,0.7109375,0.6155395718470403,0.1875,0.08823529411764706,0.12,-0.06685710923757637,0.265625,23.0,0.2060559404670259,22.58823529411765,29.118306351183065,0.058794425198870924,0.0625,0.0392156862745098,0.04819277108433735,-0.12937697893421543,0.19921875,23.0,0.09707467282525019,10.03921568627451,20.602696272799367,0.058794425198870924,37.62365507474169
0.30864197530864196,0.78125,0.24034334763948498,0.44247787610619466,0.7704533261802575,0.7703020280268082,0.770377673389262,0.7701995569471696,0.38258139940658026,0.7622641509433963,0.5339841206057998,0.1875,0.12244897959183673,0.1481481481481481,0.0024765369699983847,0.18490566037735848,2.0,0.20372204200102442,32.44897959183674,29.45189406637613,0.0070604115056648875,0.21875,0.1320754716981132,0.1647058823529412,0.01737153954795298,0.2,2.0,0.23732286153320814,35.0,29.495683453237408,0.0070604115056648875,45.040602361783385
0.13043478260869565,0.9130434782608695,0.5645161290322581,0.22826086956521738,0.6742636746143057,0.5897035881435255,0.6305677665999863,0.5961188933544099,0.1977959254756104,0.47601476014760147,0.6102282822929962,0.30434782608695654,0.058333333333333334,0.09790209790209789,-0.0848871476140525,0.44280442804428044,45.0,0.20328832450716722,15.808333333333334,34.433851609383524,0.10158973300715346,0.08695652173913043,0.037037037037037035,0.051948051948051945,-0.0856212442568019,0.1992619926199262,45.0,0.0418665261873735,10.037037037037038,47.77086092715232,0.10158973300715346,41.240603810641915
0.4,0.7894736842105263,0.18292682926829268,0.5309734513274337,0.803273427471117,0.8030363563723532,0.8031548831745577,0.8027900173596171,0.4684032850882847,0.8133802816901409,0.615561043218866,0.3157894736842105,0.23076923076923078,0.26666666666666666,0.1348459793674511,0.18309859154929578,4.0,0.20859418039765612,65.53846153846153,57.52797118847539,0.010743519059970078,0.39473684210526316,0.26785714285714285,0.3191489361702127,0.1951490365404038,0.19718309859154928,4.0,0.25451995793058546,76.07142857142857,58.934474616292796,0.010743519059970078,43.91624752106145
0.25,0.7857142857142857,0.27385892116182575,0.37931034482758624,0.75592768227623,0.7547539698098412,0.7553405980662875,0.754116820373111,0.333161012113857,0.7323420074349443,0.5876842709152073,0.2857142857142857,0.13114754098360656,0.1797752808988764,0.04798426514292064,0.22676579925650558,33.0,0.20649944323975855,35.278688524590166,38.74102454945367,0.09418512893503998,0.14285714285714285,0.07547169811320754,0.09876543209876543,-0.046420286416411966,0.1970260223048327,33.0,0.15009083982886948,20.30188679245283,26.650527137836782,0.09418512893503998,39.246402990072966
