0.11020408163265306,0.6428571428571429,0.2199798183652876,0.18815331010452963,0.7114386622459277,0.7048275163365586,0.7081253740239796,0.7034008252740847,0.19634946377754256,0.7744433688286544,0.5466175041679029,0.23809523809523808,0.0641025641025641,0.10101010101010101,0.050065480113951275,0.1510164569215876,16.0,0.20185523909067155,66.21794871794872,49.54045307443366,0.013197267953459536,0.5,0.10194174757281553,0.16935483870967744,0.1548684877169554,0.1994191674733785,16.0,0.3451871570420695,105.30582524271844,60.83656234475907,0.013197267953459536,83.13584878994152
0.09818181818181818,0.6585365853658537,0.2492462311557789,0.17088607594936708,0.7046451771050375,0.7016280525986224,0.7031349965584267,0.7010677775155622,0.18070755219580023,0.747104247104247,0.6161738474658628,0.3902439024390244,0.08333333333333333,0.13733905579399142,0.10705170187289482,0.18532818532818532,6.0,0.2000797223785406,86.33333333333334,79.96812375483418,0.004156062365122579,0.43902439024390244,0.08695652173913043,0.14516129032258063,0.12144245683971369,0.1998069498069498,6.0,0.23674420058775714,90.08695652173914,76.03142951469133,0.004156062365122579,73.44419723004103
0.04950495049504951,0.6451612903225806,0.3878787878787879,0.09195402298850575,0.6286412512218963,0.6282071217540041,0.6284241489996572,0.628273982635158,0.09027664917607602,0.6131243878550441,0.46133812282382647,0.25806451612903225,0.03333333333333333,0.059040590405904064,0.009598465258441918,0.23506366307541626,16.0,0.20109218136829995,34.03333333333333,39.782750107762844,0.010988644001492295,0.1935483870967742,0.029411764705882353,0.05106382978723404,-0.002768475178395817,0.19980411361410383,16.0,0.15192825960189751,30.02941176470588,39.49232365145229,0.010988644001492295,72.23112147301435
0.059665871121718374,0.7352941176470589,0.3971774193548387,0.11037527593818984,0.6690583491461101,0.6625011078613844,0.6657716556997653,0.6624951062594658,0.12312905803060895,0.6072124756335283,0.5286729197743458,0.29411764705882354,0.04048582995951417,0.0711743772241993,0.02311357782817147,0.24074074074074073,36.0,0.2002878898863772,41.53846153846154,49.92813098022539,0.024943101592551052,0.23529411764705882,0.03902439024390244,0.06694560669456068,0.016431485995271278,0.19980506822612085,36.0,0.1471219528814541,40.0390243902439,54.37665721067562,0.024943101592551052,82.96386031806469
0.07568807339449542,0.66,0.4189189189189189,0.13580246913580246,0.6205405405405406,0.6180313588850175,0.6192846788945401,0.6184943901931481,0.10550697758275954,0.5849802371541502,0.501926865422072,0.28,0.05128205128205128,0.08668730650154799,0.005258400721246841,0.26976284584980237,81.0,0.2004949142486905,51.8974358974359,69.8272076000623,0.05483043859932498,0.18,0.04455445544554455,0.07142857142857144,-0.01118203738240301,0.19960474308300397,81.0,0.11970055346088694,45.089108910891085,75.18762227729229,0.05483043859932498,78.09024346619844
0.06437768240343347,0.6818181818181818,0.4458077709611452,0.11764705882352941,0.6180052054285182,0.6114161088967437,0.6147018285161004,0.6127118397944288,0.09618261322614638,0.5596868884540117,0.5163389232914835,0.29545454545454547,0.0456140350877193,0.07902735562310031,0.007846697094657911,0.2788649706457926,74.0,0.20013839445755208,46.61754385964912,64.95505290344082,0.04878976880803372,0.11363636363636363,0.024509803921568627,0.04032258064516129,-0.04562200297611684,0.19960861056751467,74.0,0.11066554394857729,25.04901960784314,45.181181256591834,0.04878976880803372,63.57878217101097
0.08908045977011494,0.7045454545454546,0.3208502024291498,0.15816326530612246,0.6918476260581525,0.6916145764064371,0.691731091417762,0.6915861215601846,0.16397346080398828,0.6802325581395349,0.5562311600783929,0.3409090909090909,0.07177033492822966,0.11857707509881424,0.0726705262471679,0.20251937984496124,10.0,0.20045787334731538,74.06698564593302,74.8286896868892,0.007357621184664208,0.3409090909090909,0.07281553398058252,0.11999999999999998,0.07459949901273218,0.1996124031007752,10.0,0.1952568623383807,75.14563106796116,76.82188385269122,0.007357621184664208,82.1864675837569
0.05630630630630631,0.6578947368421053,0.4181636726546906,0.10373443983402492,0.6198655320937073,0.6175324125074146,0.6186978725226225,0.6179680195269042,0.09093589748838275,0.5846153846153846,0.49729912243678653,0.3157894736842105,0.042704626334519574,0.07523510971786834,0.019996550288469826,0.2701923076923077,74.0,0.20101707462302257,44.412811387900355,59.696421423424866,0.0477451993483592,0.15789473684210525,0.028846153846153848,0.048780487804878044,-0.020499078202802636,0.2,74.0,0.11781650815108065,30.0,50.92664936484086,0.0477451993483592,74.66310344357044
0.09818181818181818,0.5294117647058824,0.2497482376636455,0.16564417177914112,0.6398317635211184,0.6207758540875846,0.6302317902741719,0.6232856059205273,0.13685668812405605,0.7394636015325671,0.4903840234249426,0.27450980392156865,0.07865168539325842,0.12227074235807861,0.06267932227072431,0.17049808429118773,8.0,0.2018746745356709,82.1123595505618,69.34995700773861,0.00585604208583337,0.3333333333333333,0.08173076923076923,0.1312741312741313,0.0760858143547379,0.19923371647509577,8.0,0.27225762723072217,85.32692307692308,62.44085858279192,0.00585604208583337,81.47893750527874
0.11627906976744186,0.5952380952380952,0.19427402862985685,0.19455252918287938,0.7004820333041192,0.6846696555798838,0.6925307159124626,0.6825298456968281,0.19533602979436154,0.7970588235294118,0.5414897865468258,0.3333333333333333,0.10218978102189781,0.1564245810055866,0.120951322217644,0.13431372549019607,12.0,0.20152726010528837,104.23357664233578,69.4695099446381,0.00956260530013445,0.5476190476190477,0.11274509803921569,0.18699186991869918,0.18009381245194,0.2,12.0,0.4616325484913348,115.0,49.82317662644563,0.00956260530013445,72.23124172538519
0.08624708624708624,0.7551020408163265,0.4,0.15481171548117154,0.6775510204081633,0.6686746987951807,0.6730982279651283,0.6683563581098468,0.15337690675090407,0.6073858114674441,0.5709828495465317,0.32653061224489793,0.058823529411764705,0.09968847352024922,0.031537886391330684,0.26433430515063167,52.0,0.20019172018205625,60.529411764705884,79.92338537003153,0.033281682628428,0.14285714285714285,0.03414634146341464,0.05511811023622047,-0.03155531060343386,0.19922254616132168,52.0,0.11833655464804539,35.136585365853655,59.15331928345627,0.033281682628428,75.98407916584983
0.05578512396694215,0.675,0.4583751253761284,0.10305343511450382,0.6083124373119358,0.6010016694490818,0.6046460041802256,0.6026759788512772,0.08361816884701252,0.5467695274831244,0.49122885750560796,0.325,0.0429042904290429,0.07580174927113703,0.014451442730762012,0.29218900675024106,65.0,0.2001200461949915,44.491749174917494,64.96100839059949,0.0401612169272535,0.2,0.03864734299516908,0.06477732793522267,0.00019329391789647273,0.19961427193828352,65.0,0.10199367858011184,40.07729468599034,78.43623361144219,0.0401612169272535,86.9776879097335
0.09727626459143969,0.78125,0.2345803842264914,0.17301038062283738,0.7733348078867542,0.7732537947659809,0.773294300265464,0.7731966499764076,0.21947488504150459,0.7659157688540646,0.6572367354637338,0.4375,0.0875,0.14583333333333331,0.13893895681912669,0.15670910871694418,22.0,0.20091123721161414,89.33749999999999,69.6825135034841,0.017787097226722448,0.53125,0.08333333333333333,0.14406779661016947,0.1491039355876656,0.19980411361410383,22.0,0.3118419417636582,85.08333333333333,54.51479651471682,0.017787097226722448,69.15545602422208
0.08881578947368421,0.627906976744186,0.2748015873015873,0.15561959654178675,0.6765526947212994,0.6730549540486623,0.674801558131828,0.6729150490016977,0.15426654298777898,0.7212178877259753,0.5129737376826733,0.27906976744186046,0.06349206349206349,0.10344827586206896,0.05337199277187074,0.17982873453853473,9.0,0.20130090978658277,66.73015873015873,59.61224920802535,0.006415396206608126,0.37209302325581395,0.0761904761904762,0.1264822134387352,0.0889902158700788,0.19980970504281637,9.0,0.2465280730096647,80.07619047619048,64.90133072744518,0.006415396206608126,80.72325211577117
0.06158357771260997,0.5833333333333334,0.3121951219512195,0.11140583554376657,0.635569105691057,0.6312759833706427,0.6334189073552525,0.6318445265371926,0.10511397801615684,0.6842601319509897,0.4684508536929438,0.25,0.04225352112676056,0.07228915662650602,0.02304028700393676,0.20075400565504242,19.0,0.20072655624653654,44.83098591549295,44.83711656441718,0.01259605769621931,0.25,0.04245283018867924,0.07258064516129033,0.023522699156982817,0.1998114985862394,19.0,0.19914106274244198,45.04245283018868,45.19409445775682,0.01259605769621931,78.59558609500527
0.06218905472636816,0.7352941176470589,0.3819655521783181,0.11467889908256881,0.6766642827343704,0.6715842783221403,0.6741194953318965,0.6713916562204054,0.1297533065544874,0.6219392752203722,0.5437598077356142,0.2647058823529412,0.03488372093023256,0.06164383561643835,0.0051305733170770775,0.25269343780607245,67.0,0.20039335494453384,35.616279069767444,44.91166886492358,0.04686987642614161,0.20588235294117646,0.03431372549019608,0.05882352941176471,0.0028213587244133964,0.19980411361410383,67.0,0.1343314909396208,35.03431372549019,52.10989583333333,0.04686987642614161,65.9050535839051
0.036511156186612576,0.5806451612903226,0.46936758893280633,0.06870229007633587,0.5556387861787581,0.5545133809482833,0.5550757983464811,0.5549357269506935,0.037850702233886466,0.5321188878235859,0.47659008100343125,0.3225806451612903,0.03134796238244514,0.05714285714285714,0.006355672893080311,0.3058485139022052,77.0,0.20055811991465958,32.69592476489028,49.860858310075635,0.04812053322515812,0.1935483870967742,0.028846153846153848,0.0502092050209205,-0.0025739943694489138,0.19942473633748803,77.0,0.09652716372869531,30.08653846153846,62.15866879569712,0.04812053322515812,76.48710037581623
0.09187279151943463,0.5416666666666666,0.25674325674325676,0.1570996978851964,0.6424617049617048,0.6266480935566425,0.634505636379538,0.628525543053376,0.13413996482709756,0.7340324118207817,0.48706252637672054,0.20833333333333334,0.0546448087431694,0.08658008658008658,0.019550455418427468,0.1744518589132507,8.0,0.20044870862270955,57.3224043715847,49.88807395522958,0.0057216856872720455,0.2916666666666667,0.06698564593301436,0.10894941634241247,0.05067292051770934,0.1992373689227836,8.0,0.2572723722596997,70.26794258373207,54.41703622131611,0.0057216856872720455,88.50582471909001
0.06529209621993128,0.6785714285714286,0.2714570858283433,0.11912225705329153,0.7035571713715426,0.7026698414306702,0.7031133664246846,0.7025060706694767,0.14704848880977875,0.7271844660194174,0.503682681340474,0.14285714285714285,0.021505376344086023,0.037383177570093455,-0.01639412807211028,0.18058252427184465,41.0,0.20148156217658914,22.150537634408604,19.852933225196,0.03201363255985813,0.25,0.03398058252427184,0.05982905982905983,0.020895615485239626,0.2,41.0,0.2439830989860948,35.0,28.69051188008292,0.03201363255985813,81.85182360792533
0.081145584725537,0.8292682926829268,0.38928210313447925,0.14782608695652175,0.7199930947742237,0.7034081178283953,0.7116522940626118,0.699425656696878,0.17510619153246423,0.6194174757281553,0.6049852767607993,0.34146341463414637,0.052830188679245285,0.09150326797385622,0.03920991279099312,0.25728155339805825,64.0,0.20012090416710918,54.41509433962264,69.95770910723762,0.042348996493033614,0.21951219512195122,0.043689320388349516,0.0728744939271255,0.009932073424892107,0.2,64.0,0.12756206550064944,45.0,70.55389048991356,0.042348996493033614,81.31984925782308
0.09785932721712538,0.7272727272727273,0.28921568627450983,0.17250673854447438,0.7190285204991087,0.7189339944220637,0.7189812559071418,0.718907596619464,0.18903815463135165,0.7114661654135338,0.5876495640195316,0.29545454545454547,0.06310679611650485,0.104,0.05353435425830185,0.19360902255639098,23.0,0.20140901256219,67.14563106796116,64.54527448708846,0.015158248778299476,0.29545454545454547,0.06132075471698113,0.1015625,0.0500246697101731,0.19924812030075187,23.0,0.21265401666428319,65.24528301886792,61.13216295614625,0.015158248778299476,80.32576621789485
0.0896551724137931,0.6046511627906976,0.26993865030674846,0.15615615615615616,0.6673562562419746,0.6614644575093533,0.664403825997842,0.6614977267342386,0.14907949589923816,0.7247796278158668,0.5067012976471901,0.2558139534883721,0.05641025641025641,0.09243697478991596,0.0345799141888073,0.1909892262487757,15.0,0.20000165564284472,57.59487179487179,54.99954470198676,0.010314780595823698,0.2558139534883721,0.05392156862745098,0.08906882591093117,0.02937167821366407,0.19980411361410383,15.0,0.22007632513514186,55.05392156862745,49.982659394395334,0.010314780595823698,66.30132053280249
0.09216589861751152,0.47619047619047616,0.20288362512873326,0.15444015444015444,0.6366534255308715,0.5962101371129255,0.6161000130897374,0.6027984248653233,0.13280009257352016,0.7838104639684107,0.4485855247745515,0.19047619047619047,0.057971014492753624,0.08888888888888889,0.03288955327014919,0.1362290227048371,9.0,0.20115651246500466,58.72463768115942,39.770027338248696,0.0076521386487066615,0.42857142857142855,0.0891089108910891,0.14754098360655735,0.1192845629614012,0.19940769990128332,9.0,0.4334588721503799,90.26732673267327,41.52643112529315,0.0076521386487066615,70.28567333519459
0.08411214953271028,0.627906976744186,0.29282868525896416,0.14835164835164832,0.667539145742611,0.6651861619070752,0.6663616152504998,0.6651852326538261,0.1442203516019706,0.7039159503342884,0.5029869371687101,0.27906976744186046,0.05853658536585366,0.09677419354838711,0.04342915505621631,0.19579751671442217,12.0,0.2001895229816194,61.28780487804878,59.943196932947345,0.00837754724661085,0.27906976744186046,0.05741626794258373,0.09523809523809523,0.041136061026187984,0.19961795606494748,12.0,0.20749633876058235,60.114832535885164,57.832345725608604,0.00837754724661085,77.82899408275262
0.07109004739336493,0.6818181818181818,0.3904382470119522,0.12875536480686697,0.6456899674031148,0.6436684896928903,0.6446784362208917,0.643852773314705,0.11915422447338951,0.6125954198473282,0.4906230262101179,0.25,0.043137254901960784,0.07357859531772575,0.0032587484527736715,0.2433206106870229,31.0,0.20032613195670726,45.207843137254905,54.910459721636435,0.020273216617831148,0.1590909090909091,0.03349282296650718,0.05533596837944664,-0.021133217662745077,0.19942748091603055,31.0,0.14393740970115837,35.10047846889952,48.63224935430852,0.020273216617831148,85.25369604676962
0.07954545454545454,0.5526315789473685,0.24948665297741274,0.1390728476821192,0.651572462984978,0.6365483496433904,0.6440165960487095,0.6377969532368644,0.13124078451845755,0.7430830039525692,0.4828198842111654,0.2631578947368421,0.056179775280898875,0.0925925925925926,0.04527491555269059,0.17588932806324112,41.0,0.20147752924276627,56.85393258426966,49.63332654308413,0.031516430375003346,0.2894736842105263,0.054455445544554455,0.09166666666666667,0.044410356852826835,0.19960474308300397,41.0,0.2601682741637595,55.1089108910891,42.2803281274649,0.031516430375003346,72.22053202288225
0.08433734939759036,0.6829268292682927,0.3058350100603622,0.15013404825737264,0.6885459096039653,0.688500053454973,0.6885229811477125,0.6884952255771348,0.15757435094791655,0.693719806763285,0.5589611049960661,0.34146341463414637,0.06862745098039216,0.11428571428571428,0.07370149141929316,0.19710144927536233,11.0,0.2001059777600295,71.02941176470588,69.96292742833019,0.008097126023828413,0.34146341463414637,0.06763285024154589,0.1129032258064516,0.07182619854392569,0.2,11.0,0.20550469988327089,70.0,68.12496263079223,0.008097126023828413,76.10346262622625
0.09290953545232274,0.8260869565217391,0.37025948103792417,0.16703296703296705,0.7279137377419076,0.7146731841077761,0.7212630787083183,0.7107442049065011,0.1914261182209938,0.6383587786259542,0.6010306657866824,0.32608695652173914,0.056818181818181816,0.0967741935483871,0.03661210833278714,0.25190839694656486,38.0,0.2014082200753234,59.545454545454554,74.47560975609755,0.023567645494351426,0.1956521739130435,0.0430622009569378,0.07058823529411766,-0.00202443803360665,0.19942748091603055,38.0,0.13136192446819597,45.12918660287081,68.51300356960733,0.023567645494351426,81.53010307298973
0.09444444444444444,0.7555555555555555,0.33096446700507615,0.16790123456790124,0.7122955442752397,0.709668223929052,0.7109806704956098,0.709061376885341,0.18201475491144317,0.6728155339805825,0.5372543495606272,0.26666666666666666,0.05581395348837209,0.0923076923076923,0.030466452181407103,0.2087378640776699,18.0,0.2004454714572923,57.48837209302326,59.86665556850341,0.012948076358158662,0.24444444444444444,0.05339805825242718,0.08764940239043824,0.023749016662636548,0.2,18.0,0.1866475353082012,55.0,58.93461160275319,0.012948076358158662,83.09695847705007
0.05955334987593052,0.6857142857142857,0.38052208835341367,0.1095890410958904,0.652596098680436,0.65091540473417,0.6517552099527217,0.6510210823495746,0.11326735852245859,0.6217264791464597,0.5449298834754162,0.2857142857142857,0.04,0.07017543859649124,0.01890886171215619,0.24248302618816683,93.0,0.20100055501912156,41.24,49.75110640390362,0.06655968901643611,0.17142857142857143,0.02912621359223301,0.049792531120331954,-0.013303799185509254,0.19980601357904948,93.0,0.14431257460445385,30.02912621359223,41.57641852378694,0.06655968901643611,82.89485659776255
0.07407407407407407,0.7222222222222222,0.3240279162512463,0.1343669250645995,0.699097152985488,0.6983322109099552,0.6987145772668629,0.6982098540895635,0.15397456472009893,0.6775745909528392,0.597813223171846,0.3888888888888889,0.06829268292682927,0.11618257261410789,0.09120426149335459,0.1973051010587103,10.0,0.20138397295685026,70.9560975609756,69.51893834669616,0.0071189640986991515,0.3888888888888889,0.06763285024154589,0.11522633744855966,0.08995858826630332,0.19923002887391722,10.0,0.20454961224895604,70.27053140096619,68.44305323326982,0.0071189640986991515,76.90935896709561
0.10032362459546926,0.775,0.27883650952858574,0.17765042979942694,0.7480817452357071,0.7471131446193039,0.7475972880604544,0.7466476770916783,0.20890914400943145,0.7232401157184185,0.626912005394253,0.375,0.07772020725388601,0.12875536480686695,0.09721013542830031,0.18611378977820636,12.0,0.2004647839904087,80.5958549222798,74.82611010978206,0.008780870774360478,0.4,0.07729468599033816,0.12955465587044535,0.10041619034721759,0.19961427193828352,12.0,0.22716933411071055,80.15458937198068,70.43204164256797,0.008780870774360478,84.67749652266502
0.08605341246290801,0.6744186046511628,0.32049947970863685,0.15263157894736842,0.6769595624712629,0.6769500250232359,0.676954793730453,0.6769495693465162,0.15174768896778193,0.6792828685258964,0.5484453001535136,0.3023255813953488,0.06220095693779904,0.10317460317460318,0.04905778334718607,0.20816733067729085,23.0,0.20086419060292926,62.44976076555024,64.72034642401022,0.01646153459450052,0.3023255813953488,0.065,0.10699588477366255,0.05461553746266823,0.199203187250996,23.0,0.18632205930688386,65.26,69.77166336804062,0.01646153459450052,71.49102162430063
0.08626198083067092,0.7105263157894737,0.2948453608247423,0.15384615384615383,0.7078404774823657,0.7078302863056226,0.707835381875653,0.7078281322147117,0.17110914511101935,0.7053571428571429,0.5797838384546016,0.3684210526315789,0.07291666666666667,0.12173913043478261,0.0896925192708395,0.19047619047619047,4.0,0.2014550507510841,73.5,69.49441052881947,0.0030671303558704828,0.3684210526315789,0.06965174129353234,0.11715481171548117,0.08372597883567126,0.19940476190476192,4.0,0.21942356990552553,70.2089552238806,63.80353763284321,0.0030671303558704828,70.16697009606287
0.1040268456375839,0.62,0.27384615384615385,0.17816091954022986,0.6730769230769231,0.6688914285714286,0.6709809122586011,0.668796349675663,0.16420301760864367,0.7209756097560975,0.551604003897163,0.28,0.06481481481481481,0.10526315789473684,0.038462712322013676,0.21073170731707316,45.0,0.20135731149084118,66.43518518518519,69.52814326107446,0.02890295467240983,0.28,0.06829268292682927,0.10980392156862746,0.04529108136578383,0.2,45.0,0.17865194980680327,70.0,78.36466389054134,0.02890295467240983,79.582412422169
0.08177570093457943,0.8333333333333334,0.3875739644970414,0.14893617021276595,0.722879684418146,0.7060027285129604,0.7143913700387197,0.7016785661960143,0.17743626869844167,0.6212121212121212,0.618473464485967,0.38095238095238093,0.06504065040650407,0.1111111111111111,0.07125492490085164,0.23295454545454544,51.0,0.20051135484606428,68.6829268292683,79.79597969543147,0.035548572048254484,0.23809523809523808,0.04739336492890995,0.07905138339920949,0.019486079994411192,0.19981060606060605,51.0,0.1557596632223498,50.047393364928915,64.2014742014742,0.035548572048254484,72.96953170513734
0.10909090909090909,0.375,0.09751243781094528,0.16901408450704225,0.6387437810945273,0.5298413007496836,0.5817498051747809,0.5527116838504311,0.15583511719082652,0.8862102217936355,0.4792108409322886,0.25,0.09090909090909091,0.13333333333333333,0.10574214019147354,0.08486017357762778,21.0,0.2030245975264285,94.27272727272727,39.404092398009105,0.021520083018284106,0.4375,0.06763285024154589,0.11715481171548117,0.1061976442682715,0.19961427193828352,21.0,0.4879344296275824,70.13526570048309,28.69237985662448,0.021520083018284106,74.71222545020282
0.08906882591093117,0.5789473684210527,0.2275025278058645,0.1543859649122807,0.6757224203075941,0.6618625713723174,0.6687565914730935,0.6615899538151868,0.1552213077845725,0.7653359298928919,0.48473102176813876,0.2631578947368421,0.06493506493506493,0.10416666666666667,0.062153885752165905,0.14995131450827653,15.0,0.20010611744660498,66.68831168831169,49.97348470702469,0.012363191163237251,0.39473684210526316,0.07317073170731707,0.12345679012345678,0.09569012552128527,0.19961051606621227,15.0,0.35050144230050667,75.14634146341463,42.79582960214916,0.012363191163237251,72.39656967995688
0.09219858156028368,0.3939393939393939,0.12981744421906694,0.14942528735632182,0.6320609748601635,0.5423514538558786,0.5854905538443584,0.5617295201350428,0.13540762090526984,0.8547595682041217,0.41364859475118876,0.24242424242424243,0.08,0.12030075187969924,0.088729413141045,0.09813542688910697,19.0,0.20007457302888085,81.52,39.98509095328769,0.01903384924890551,0.3939393939393939,0.06403940886699508,0.11016949152542373,0.08919081758685243,0.19921491658488713,19.0,0.5461744846760531,65.25615763546799,23.801917454475298,0.01903384924890551,67.87554908404127
0.07838479809976247,0.8461538461538461,0.3911290322580645,0.14347826086956522,0.7275124069478909,0.708164570454061,0.7177733006780436,0.7028043077967108,0.176610798821678,0.6178467507274491,0.6282487263835597,0.46153846153846156,0.07258064516129033,0.1254355400696864,0.10252067286116125,0.2405431619786615,48.0,0.20031115685920153,74.83064516129032,89.86019691680069,0.033447700934265474,0.28205128205128205,0.05339805825242718,0.08979591836734695,0.04078359175668208,0.19980601357904948,48.0,0.1472809133553867,55.05339805825243,74.68720657276995,0.033447700934265474,81.37374027492478
0.0970873786407767,0.6818181818181818,0.28733264675592174,0.16997167138810199,0.6972427675311299,0.6969015408372219,0.697072133304763,0.6968501036506437,0.17457636488192435,0.7113300492610838,0.5761708001828134,0.3409090909090909,0.07853403141361257,0.1276595744680851,0.08318246900530318,0.18817733990147784,6.0,0.2016115480943884,79.71204188481676,74.40050007937768,0.004668539439001583,0.3409090909090909,0.07389162561576355,0.12145748987854252,0.07498868622339704,0.2,6.0,0.22500860185800134,75.0,66.66411806543385,0.004668539439001583,64.63893626723439
0.1070110701107011,0.6744186046511628,0.24127617148554337,0.18471337579617833,0.7165712165828096,0.7140915709432131,0.7153303193226944,0.7134538118173466,0.19628175364337144,0.7552581261950286,0.5773467152837423,0.3023255813953488,0.07784431137724551,0.12380952380952381,0.08064819872516689,0.15965583173996176,16.0,0.2014444824571407,81.42514970059881,64.53390949918858,0.011912259574238904,0.46511627906976744,0.09569377990430622,0.15873015873015872,0.13738175950715129,0.19980879541108987,16.0,0.30701334245638046,100.09569377990431,65.14374860708713,0.011912259574238904,83.22082647262141
0.07158836689038031,0.8,0.4072620215897939,0.13141683778234087,0.696368989205103,0.6809470124013528,0.6886148290068729,0.6791711092892305,0.1515969680009338,0.6005665722379604,0.5747438977611596,0.35,0.05017921146953405,0.08777429467084638,0.038924762372977095,0.26345609065155806,62.0,0.20020357869923927,53.13978494623656,69.92881990901792,0.03973647075821304,0.2,0.037914691943127965,0.06374501992031872,0.0003747086656604713,0.19924457034938622,62.0,0.12209364620165006,40.15165876777251,65.52347520842474,0.03973647075821304,80.05686009489
0.06188118811881188,0.7142857142857143,0.3839918946301925,0.11389521640091117,0.6651469098277609,0.6615167011206614,0.6633293220941333,0.6615606197537665,0.12285932524633038,0.6193737769080235,0.5289123795133794,0.2571428571428571,0.036290322580645164,0.06360424028268552,0.006361226221576883,0.24266144814090018,66.0,0.20115534532629029,37.08870967741936,44.74154035231462,0.04676744336849002,0.17142857142857143,0.029411764705882353,0.0502092050209205,-0.013276273728329721,0.19960861056751467,66.0,0.14346224525954065,30.058823529411768,41.82285024987076,0.04676744336849002,72.0603132690303
0.10554089709762533,0.8,0.34002006018054165,0.1864801864801865,0.7299899699097292,0.7232756251717505,0.7266250421335385,0.7210612600182801,0.20410969661594003,0.6666666666666666,0.5695702947364997,0.28,0.059322033898305086,0.0979020979020979,0.029259251673788733,0.22540592168099333,83.0,0.20069997115931748,62.11016949152542,69.75586453316762,0.05947294696854454,0.26,0.06220095693779904,0.10038610038610038,0.033829592164443346,0.19961795606494748,83.0,0.16082188150376878,65.1244019138756,80.83477122915859,0.05947294696854454,78.38971564685926
0.08307692307692308,0.6585365853658537,0.30439223697650664,0.1475409836065574,0.6770721741946736,0.6765647422452808,0.6768184106652768,0.6765406536632674,0.1492895836960198,0.6941176470588235,0.495287561101892,0.21951219512195122,0.043689320388349516,0.0728744939271255,0.008946784424790726,0.2019607843137255,19.0,0.20074572629317156,44.56310679611651,44.832834881158504,0.013157319995018579,0.21951219512195122,0.04411764705882353,0.07346938775510205,0.009982670152857495,0.2,19.0,0.1970407937561222,45.0,45.67582087158722,0.013157319995018579,65.76274906331673
0.06925207756232687,0.6944444444444444,0.34355828220858897,0.12594458438287154,0.6754430811179277,0.6749085404314369,0.675175757874802,0.6748873342939554,0.13560531992037445,0.6577909270216963,0.5246826249357764,0.2777777777777778,0.04329004329004329,0.0749063670411985,0.022856897736997502,0.22781065088757396,30.0,0.20123865473082184,43.896103896103895,49.692242344673126,0.019948435443514777,0.25,0.04455445544554455,0.07563025210084033,0.024396939694609182,0.1992110453648915,30.0,0.1568211488250653,45.178217821782184,57.39021852237252,0.019948435443514777,68.19243089016527
0.1016949152542373,0.5769230769230769,0.2639442231075697,0.1729106628242075,0.6564894269077535,0.6468460057186205,0.6516498780724099,0.6473949548346655,0.15093160404841519,0.728219696969697,0.47257356860369815,0.21153846153846154,0.05851063829787234,0.09166666666666669,0.019934736871501203,0.17803030303030304,22.0,0.2006548713235294,61.78723404255319,54.82049813913542,0.01658078225963681,0.2692307692307692,0.06635071090047394,0.10646387832699619,0.039510705240029566,0.19981060606060605,22.0,0.24767348345588236,70.06635071090048,56.52603502261394,0.01658078225963681,86.33608429227024
0.0626865671641791,0.75,0.311199207135778,0.11570247933884298,0.7194003964321111,0.7180988462200794,0.7187493267114526,0.7177368722964892,0.1520901341048328,0.6904532304725168,0.5411898548573331,0.2857142857142857,0.03773584905660377,0.06666666666666667,0.03357318158778471,0.20443587270973965,52.0,0.2004142457909125,39.13207547169811,39.91732208670542,0.037947591160593666,0.2857142857142857,0.03864734299516908,0.06808510638297871,0.03588320208682806,0.19961427193828352,52.0,0.19231208546865364,40.07729468599034,41.59904969313007,0.037947591160593666,72.30733631597832
0.09375,0.40540540540540543,0.15010351966873706,0.15228426395939085,0.6276509428683342,0.5489558027057748,0.5869860536344308,0.5663677834050767,0.13142248332486062,0.8334995014955134,0.43494835247220154,0.21621621621621623,0.07407407407407407,0.1103448275862069,0.06852935452547669,0.10767696909272183,22.0,0.200396613154062,74.2962962962963,39.92083435985875,0.022302522773408908,0.40540540540540543,0.075,0.12658227848101267,0.10090560578739258,0.19940179461615154,22.0,0.5305564926889879,75.22500000000001,28.272201371010265,0.022302522773408908,70.28895924100652
0.08,0.7142857142857143,0.35348360655737704,0.14388489208633096,0.6804010538641687,0.6787135635151124,0.6795567848882004,0.6786098063365693,0.14876388092796256,0.6493123772102161,0.5726051024735754,0.35714285714285715,0.0625,0.10638297872340426,0.0593229015167942,0.2357563850687623,30.0,0.20122858222576,63.625,74.54209453789908,0.01973663103384561,0.2857142857142857,0.059113300492610835,0.09795918367346938,0.044807425234426455,0.1994106090373281,30.0,0.14606298896044898,60.17733990147783,82.15633601233073,0.01973663103384561,69.8225143221207
0.08605341246290801,0.725,0.31237322515212984,0.15384615384615385,0.7063133874239351,0.7058190042000214,0.706066152541464,0.7057194945362986,0.17005965634986714,0.6890838206627681,0.5451645969689796,0.3,0.06060606060606061,0.10084033613445378,0.05461929809533034,0.19298245614035087,25.0,0.20135311379197912,62.18181818181819,59.59679378188001,0.01918344433703176,0.3,0.05853658536585366,0.0979591836734694,0.05047032992908383,0.19980506822612085,25.0,0.2138490381480274,60.05853658536586,56.114351057747285,0.01918344433703176,79.2757333139889
0.08737864077669903,0.627906976744186,0.28484848484848485,0.15340909090909094,0.6715292459478506,0.6686955609192989,0.6701109055916131,0.6686452978482657,0.1496481927486396,0.7115198451113263,0.5560636311185969,0.32558139534883723,0.06422018348623854,0.10727969348659004,0.058504359134187875,0.2110358180058083,35.0,0.200146537097023,66.33944954128441,69.94874956649069,0.022696455052076778,0.3023255813953488,0.06310679611650485,0.10441767068273092,0.05367512088865124,0.1994191674733785,35.0,0.17667746413697363,65.18932038834951,73.58040859088527,0.022696455052076778,77.09341914113611
0.07876712328767123,0.5348837209302325,0.2722672064777328,0.1373134328358209,0.63130825722625,0.6165806006599429,0.6239009732659045,0.6189077639344419,0.11652553030503159,0.7196896217264791,0.453410131955548,0.20930232558139536,0.049723756906077346,0.08035714285714285,0.01850419272926048,0.1755577109602328,36.0,0.20073816724570304,51.26519337016575,44.83452311778866,0.026321025716190903,0.2558139534883721,0.05339805825242718,0.08835341365461848,0.0292215625486943,0.19980601357904948,36.0,0.2575670474143318,55.05339805825243,42.70732654051431,0.026321025716190903,80.50883037596941
0.15671641791044777,0.5675675675675675,0.1158974358974359,0.2456140350877193,0.7258350658350659,0.6913250205274113,0.7083699187486309,0.6834324524947081,0.2501064459991779,0.8725296442687747,0.5509108774835818,0.32432432432432434,0.12244897959183673,0.17777777777777776,0.14984709575820507,0.09683794466403162,4.0,0.20284005515873632,123.91836734693878,59.15991292059733,0.003717624908957281,0.5675675675675675,0.10396039603960396,0.17573221757322174,0.17933490058560064,0.19960474308300397,4.0,0.519747137478502,105.20792079207921,40.404262930392015,0.003717624908957281,63.672234741039574
0.11194029850746269,0.40540540540540543,0.12032355915065723,0.17543859649122806,0.6425409231273741,0.555023923444976,0.5971813661929782,0.5710358460151992,0.15773706082322853,0.8625730994152047,0.4575408021360985,0.24324324324324326,0.09090909090909091,0.13235294117647062,0.09613392765802545,0.09649122807017543,4.0,0.20303532612945094,93.27272727272728,44.32726152424231,0.003832334226830327,0.40540540540540543,0.07317073170731707,0.12396694214876032,0.09945471804008015,0.19980506822612085,4.0,0.5412998264187531,75.07317073170732,27.711074838579204,0.003832334226830327,68.7528467210941
0.06912442396313365,0.7142857142857143,0.4068479355488419,0.12605042016806725,0.6537188893684363,0.6481073943661971,0.6509070947812303,0.6484620250089763,0.12293467639138515,0.5980676328502416,0.5051573652110128,0.21428571428571427,0.03180212014134275,0.05538461538461537,-0.02728981987477707,0.27342995169082124,57.0,0.20119151048777462,32.91519434628975,44.733497840838986,0.03529948378071938,0.14285714285714285,0.028985507246376812,0.048192771084337345,-0.02938001281850239,0.2,57.0,0.11475269951594887,30.0,52.28635165280876,0.03529948378071938,80.35412347782403
0.06329113924050633,0.6756756756756757,0.3645320197044335,0.11574074074074076,0.6555718279856211,0.6549553208773355,0.6552635019261059,0.6549856084608767,0.11836235594020766,0.6368821292775665,0.4895205935908289,0.2702702702702703,0.04132231404958678,0.07168458781362008,0.018251883251383987,0.2300380228136882,36.0,0.2005019202251036,43.47107438016529,49.87483406030723,0.02367703769910146,0.24324324324324326,0.04285714285714286,0.0728744939271255,0.02083713999855173,0.19961977186311788,36.0,0.15751169245978935,45.08571428571428,57.138615295480875,0.02367703769910146,78.85670667793602
0.07709251101321586,0.7777777777777778,0.4111874386653582,0.1402805611222445,0.6832951695562097,0.6702305912391288,0.676731353996916,0.6695020228764172,0.14917001060868504,0.5968045112781954,0.5507795717395522,0.3111111111111111,0.051470588235294115,0.08832807570977917,0.026723151819448773,0.2556390977443609,11.0,0.20001289417908402,54.76470588235294,69.99548732825659,0.007053428012640415,0.15555555555555556,0.0330188679245283,0.054474708171206226,-0.022986910423915364,0.19924812030075187,11.0,0.13068250501664155,35.132075471698116,53.56493586581154,0.007053428012640415,83.80888564279303
0.06666666666666667,0.5897435897435898,0.3163064833005894,0.11979166666666666,0.6367185532215002,0.633252897662091,0.6349833610597441,0.6336940394052657,0.10992946080174579,0.6802270577105014,0.4929348866421389,0.20512820512820512,0.037914691943127965,0.064,0.002696455487913038,0.19962157048249762,44.0,0.2009629579922158,40.07582938388626,39.80833124634778,0.0306394317995832,0.20512820512820512,0.037914691943127965,0.064,0.002696455487913038,0.19962157048249762,44.0,0.2009629579922158,40.07582938388626,39.80833124634778,0.0306394317995832,78.97157710092142
0.09352517985611511,0.65,0.2579324462640737,0.16352201257861637,0.6960337768679631,0.6929892283371936,0.6945098342920366,0.6925677742690519,0.17099899711503833,0.7384464110127827,0.5797310934359212,0.35,0.07777777777777778,0.12727272727272726,0.0917218917542092,0.17699115044247787,10.0,0.2014569930706005,79.1,69.4937405081476,0.007351271622531409,0.4,0.07881773399014778,0.13168724279835392,0.1014440716393754,0.19960668633235004,10.0,0.2547587940529545,80.1576354679803,62.80450517705866,0.007351271622531409,71.3325171424076
0.06303724928366762,0.6285714285714286,0.3329938900203666,0.11458333333333334,0.6477887692755309,0.6472186664870084,0.6475036551369958,0.6472648908427421,0.11349069342251816,0.6656833824975418,0.5114247074332678,0.34285714285714286,0.055299539170506916,0.09523809523809525,0.05966808251402897,0.21337266470009833,3.0,0.2010670278484358,56.23963133640553,59.68159040499466,0.0024827389305658322,0.3142857142857143,0.054187192118226604,0.09243697478991597,0.05416553198471745,0.19960668633235004,3.0,0.17800865514849196,55.108374384236456,61.79474807460332,0.0024827389305658322,66.17983008595183
0.13733905579399142,0.6666666666666666,0.1980295566502463,0.22775800711743774,0.7343185550082101,0.7280858676207514,0.7311955704414306,0.7258405423679459,0.23521949284406968,0.7958607714016933,0.5944367639554589,0.3541666666666667,0.10828025477707007,0.16585365853658537,0.12655140614811186,0.14769520225776106,17.0,0.2014337243490649,115.10191082802547,84.39500413813859,0.012759441391595922,0.5416666666666666,0.12264150943396226,0.2,0.18625486850427572,0.19943555973659455,17.0,0.39197053741929616,130.36792452830187,66.33151606542165,0.012759441391595922,82.71199789503589
0.0859375,0.5365853658536586,0.23828920570264767,0.14814814814814814,0.6491480800755054,0.6296296296296297,0.6393143712077225,0.6315336727084915,0.13507583799077735,0.7526881720430108,0.4927067254999761,0.2926829268292683,0.07317073170731707,0.1170731707317073,0.07371965247983976,0.1603128054740958,25.0,0.20115399760521388,74.85365853658537,59.655786824337824,0.019936279807773273,0.34146341463414637,0.06862745098039216,0.11428571428571428,0.07264333799977593,0.19941348973607037,25.0,0.30193591938089154,70.20588235294117,46.36745448738422,0.019936279807773273,68.0895202443935
0.07119741100323625,0.5945945945945946,0.28815261044176704,0.12716763005780346,0.6532209920764137,0.6479592896458614,0.6505848215318261,0.6483002206168408,0.12437419249431558,0.707647628267183,0.5010966727937263,0.2702702702702703,0.05128205128205128,0.08620689655172413,0.04014100159373056,0.1887705711519845,22.0,0.2014881099520443,52.97435897435898,49.630720157035945,0.01624130654024227,0.2702702702702703,0.04854368932038835,0.0823045267489712,0.03417682886880633,0.1994191674733785,22.0,0.2231588141263328,50.14563106796116,44.811136137060146,0.01624130654024227,75.33548755105585
0.0611353711790393,0.5,0.20934761441090555,0.10894941634241244,0.6453261927945472,0.6125990192380233,0.6287497059995713,0.6167074070246483,0.11332620992916158,0.7829383886255924,0.43241182095017905,0.17857142857142858,0.033112582781456956,0.0558659217877095,0.01671128151547608,0.14312796208530806,35.0,0.20246551779059027,34.93377483443709,24.69556324732536,0.028907405022673117,0.35714285714285715,0.04739336492890995,0.08368200836820083,0.06486769225860235,0.2,35.0,0.4326203293727901,50.0,23.11495628163829,0.028907405022673117,83.22145321406424
0.07954545454545454,0.7567567567567568,0.3286004056795132,0.14395886889460155,0.7140781755386217,0.7115273885839315,0.7128016410515438,0.710910479266169,0.16827093899619072,0.6744868035190615,0.5764646160742786,0.2972972972972973,0.0502283105022831,0.0859375,0.039302588336285096,0.21407624633431085,18.0,0.20154103624918232,51.38356164383561,54.57945540381049,0.012030374521512755,0.2972972972972973,0.05392156862745098,0.09128630705394193,0.04745607964474697,0.19941348973607037,18.0,0.17696431150340233,55.161764705882355,62.159425855695844,0.012030374521512755,61.715722548309714
0.07580174927113703,0.7222222222222222,0.3208502024291498,0.13720316622691292,0.7006860098965363,0.7000240751143567,0.7003549643026683,0.6999122243192945,0.15662323885829518,0.6806640625,0.5693217953218568,0.3333333333333333,0.05581395348837209,0.09561752988047809,0.057822550298078826,0.2099609375,19.0,0.20073192276952845,57.15348837209302,59.78122380553227,0.013404206584150086,0.3333333333333333,0.058823529411764705,0.1,0.0640953804179216,0.19921875,19.0,0.1815757371808354,60.23529411764706,66.08812491312608,0.013404206584150086,75.3642928879708
0.10303030303030303,0.7391304347826086,0.2998986828774063,0.18085106382978725,0.7196158759526011,0.7190866797257589,0.7193512291757759,0.7189375958543068,0.1943106422754838,0.7018393030009681,0.5858477990850979,0.32608695652173914,0.07575757575757576,0.12295081967213115,0.07371970541606719,0.19167473378509198,14.0,0.20086462659998305,78.25757575757575,74.67716070222822,0.010252692757219767,0.34782608695652173,0.07766990291262135,0.12698412698412698,0.080184134621785,0.1994191674733785,14.0,0.21461388488598795,80.23300970873787,74.55249229796982,0.010252692757219767,73.0847226693295
0.09545454545454546,0.5121951219512195,0.19820717131474103,0.16091954022988508,0.6569939753182392,0.6250808852077132,0.6408388063062813,0.6276831444798822,0.1495317625117501,0.7904306220095694,0.4923691645152304,0.21951219512195122,0.06474820143884892,0.09999999999999999,0.05147248447043269,0.13301435406698564,8.0,0.20195951566688233,67.66187050359713,44.56338672768879,0.006722003775919645,0.4634146341463415,0.09090909090909091,0.152,0.13307760596000315,0.2,8.0,0.47334235225907284,95.0,40.140080238585526,0.006722003775919645,72.21262246090919
0.08627450980392157,0.5238095238095238,0.24095139607032057,0.14814814814814814,0.6414290638696015,0.619861041802618,0.6305528429661461,0.6226308538826015,0.1300022238462158,0.7492566897918731,0.4631152439763504,0.21428571428571427,0.055900621118012424,0.08866995073891625,0.031142394526854397,0.1595639246778989,27.0,0.20042846134956857,56.40372670807454,44.903802281368826,0.02191512490114856,0.3333333333333333,0.06965174129353234,0.11522633744855966,0.06998621037781365,0.199207135777998,27.0,0.30079510910522705,70.27860696517413,46.543309968189625,0.02191512490114856,66.26919383695349
0.08362369337979095,0.5853658536585366,0.26646403242147926,0.14634146341463417,0.6594509106185287,0.6511279322491192,0.6552762072979923,0.6514856130038322,0.1391097121075099,0.7276264591439688,0.5035693753087636,0.24390243902439024,0.053475935828877004,0.08771929824561403,0.032754434353425434,0.1819066147859922,30.0,0.2003728639574905,54.973262032085564,49.906957471654046,0.022708700789464346,0.2682926829268293,0.05365853658536585,0.08943089430894309,0.03513335977437308,0.19941634241245138,30.0,0.2372139363565002,55.16097560975609,46.371643120784015,0.022708700789464346,75.8489407072775
0.08159392789373814,0.86,0.4759095378564405,0.14904679376083188,0.6920452310717797,0.6512837271422685,0.6713551946946275,0.6492223722764443,0.1623591667803819,0.5398313027179007,0.6148244671158969,0.34,0.050746268656716415,0.08831168831168831,0.012438809683227326,0.3139643861293346,39.0,0.2007274219125989,54.146268656716416,84.69196604040563,0.0223181351497051,0.16,0.03755868544600939,0.06083650190114068,-0.021980661958537588,0.19962511715089035,39.0,0.08866342140766396,40.075117370892016,90.22886634632496,0.0223181351497051,75.23180063767359
0.08498583569405099,0.7692307692307693,0.3299284984678243,0.15306122448979592,0.7196511353814724,0.7162353968773884,0.7179412347561687,0.7153008149194526,0.17716948477973984,0.6738703339882122,0.5773568938811282,0.28205128205128205,0.05,0.08494208494208495,0.03197666791564562,0.21611001964636542,47.0,0.20091035028695825,50.9,54.75078802206462,0.03436922647442026,0.2564102564102564,0.04926108374384237,0.08264462809917356,0.028473055930360557,0.1994106090373281,47.0,0.17412230358203049,50.14778325123152,57.430896526641206,0.03436922647442026,66.38056260859594
0.07823960880195599,0.7111111111111111,0.38274111675126904,0.1409691629955947,0.6641849971799211,0.6608695652173913,0.6625252073017363,0.6609221678025343,0.13717671027529355,0.6213592233009708,0.531187809294561,0.3333333333333333,0.05747126436781609,0.09803921568627451,0.03928080836481993,0.25339805825242717,55.0,0.20072226287823347,59.195402298850574,74.73012602044861,0.03616900259391873,0.2222222222222222,0.04854368932038835,0.0796812749003984,0.011874508331318274,0.2,55.0,0.12986413821629705,50.0,77.00355261546,0.03616900259391873,79.47404587129131
0.07261410788381743,0.7446808510638298,0.45565749235474007,0.13232514177693763,0.6445116793545449,0.628943516228358,0.6366800152851442,0.6306684293534465,0.12097525209882805,0.5535019455252919,0.5658861746010122,0.3191489361702128,0.048701298701298704,0.08450704225352113,0.009335701458294564,0.29961089494163423,63.0,0.2003122169613337,50.064935064935064,74.883101128552,0.03942719041037099,0.14893617021276595,0.03414634146341464,0.055555555555555566,-0.02765358999615709,0.19941634241245138,63.0,0.09681671244376044,35.10243902439024,72.30156677821722,0.03942719041037099,77.15565328719094
0.06552706552706553,0.6216216216216216,0.3449001051524711,0.11855670103092783,0.6383607582345752,0.6379218235241741,0.638141253140145,0.6379735646679673,0.10977685262236483,0.6538461538461539,0.45199846336793215,0.1891891891891892,0.03271028037383177,0.05577689243027888,-0.013124997640763915,0.2165991902834008,34.0,0.2002716812273599,32.3177570093458,34.95252028195239,0.024482385112579018,0.1891891891891892,0.03553299492385787,0.05982905982905983,-0.005037283067280153,0.19939271255060728,34.0,0.17431990908445202,35.10659898477157,40.156055821534075,0.024482385112579018,69.29189436323941
0.11029411764705882,0.6666666666666666,0.23091603053435114,0.1892744479495268,0.7178753180661577,0.7142224191404519,0.7160465392070773,0.7132655198019844,0.2002483274705608,0.7648673376029277,0.5511260471202217,0.28888888888888886,0.07647058823529412,0.12093023255813955,0.07624746714563706,0.1555352241537054,14.0,0.20117141406412026,83.58235294117647,64.62150728759332,0.0109346216867999,0.4666666666666667,0.0963302752293578,0.1596958174904943,0.13857195252803828,0.19945105215004574,14.0,0.3203438436398224,105.28899082568807,65.5545608786891,0.0109346216867999,84.02748929709196
0.0979020979020979,0.6511627906976745,0.25146198830409355,0.1702127659574468,0.6998504011967904,0.6964632724446171,0.69815478272314,0.6959272043114655,0.17741038186462915,0.744621141253508,0.5295685982511962,0.23255813953488372,0.054945054945054944,0.08888888888888889,0.03393654311049117,0.17025257249766138,26.0,0.20161448067287582,58.73626373626373,49.599611925818124,0.01881646436787893,0.3488372093023256,0.07042253521126761,0.1171875,0.07666573008111283,0.1992516370439663,26.0,0.27024871729284844,75.28169014084507,55.50442625688993,0.01881646436787893,78.87153999181464
0.06775067750677506,0.6578947368421053,0.35030549898167007,0.12285012285012284,0.6537946189302176,0.6537689060130344,0.6537817623452165,0.6537703408883568,0.12123136660039428,0.65,0.5235251564340131,0.3157894736842105,0.0502092050209205,0.08664259927797834,0.03783904056715819,0.23431372549019608,44.0,0.20052516704158688,51.21338912133891,59.8428625046916,0.02978998483430134,0.2631578947368421,0.049019607843137254,0.08264462809917356,0.031060161402132296,0.2,44.0,0.1513534758866375,50.0,66.07050113265926,0.02978998483430134,68.21905066119507
0.11392405063291139,0.6136363636363636,0.2151639344262295,0.19217081850533804,0.6992362146050671,0.6887571599840149,0.6939769083545642,0.6872921665660525,0.1916877988681241,0.7774509803921569,0.5294935177658986,0.29545454545454547,0.08609271523178808,0.13333333333333333,0.08813448834325355,0.1480392156862745,15.0,0.2004485145884449,87.81456953642385,64.85455892098389,0.012718975289564168,0.4318181818181818,0.09313725490196079,0.15322580645161293,0.12305207268934791,0.2,15.0,0.36499242057228587,95.0,52.055875489713344,0.012718975289564168,68.84357192181051
0.08362369337979095,0.5581395348837209,0.2667342799188641,0.14545454545454548,0.6457026274824285,0.6338282833817325,0.6397379056709567,0.635042573224897,0.1300250901247941,0.7259475218658892,0.497366316617749,0.2558139534883721,0.06043956043956044,0.09777777777777778,0.04320644170936528,0.17687074829931973,7.0,0.20125993930780164,62.19230769230769,54.65568576554567,0.005377685203839919,0.27906976744186046,0.05853658536585366,0.09677419354838711,0.04174749446448196,0.19922254616132168,7.0,0.24836169477202014,60.234146341463415,48.316629547141794,0.005377685203839919,87.90242247888818
0.059907834101382486,0.7878787878787878,0.40556660039761433,0.11134903640256959,0.6911560937405867,0.6776203966005665,0.6843547810554075,0.6763646527418161,0.13594134141333147,0.6005774783445621,0.5462504084027336,0.2727272727272727,0.033962264150943396,0.060402684563758385,0.007343840680127073,0.2550529355149182,54.0,0.20105517156762504,35.286792452830184,44.76383238405208,0.035387638036576775,0.24242424242424243,0.03864734299516908,0.06666666666666667,0.019586293691235344,0.19923002887391722,54.0,0.13032595803852604,40.15458937198068,61.3845477938869,0.035387638036576775,73.73987574595958
0.11737089201877934,0.6097560975609756,0.19066937119675456,0.19685039370078738,0.7095433631821106,0.6955096918142518,0.7024914845431491,0.6928802249093975,0.2023635490289856,0.801363193768257,0.5467961466835567,0.2682926829268293,0.07913669064748201,0.1222222222222222,0.07924805741493936,0.13534566699123662,2.0,0.20083242630037865,81.27338129496403,54.77203160184726,0.002066105062292516,0.5609756097560976,0.11219512195121951,0.18699186991869918,0.1843559990929721,0.19961051606621227,2.0,0.5042847725774555,115.22439024390243,45.60915032679738,0.002066105062292516,83.68624875042588
0.06705539358600583,0.696969696969697,0.31777557100297915,0.12234042553191489,0.689597062983359,0.6895182405306336,0.6895576506307346,0.689509518599276,0.14137410133284692,0.6826923076923077,0.5549044503549536,0.3939393939393939,0.06372549019607843,0.10970464135021096,0.09016788980029905,0.19615384615384615,6.0,0.20049396945622194,66.27450980392157,64.83985545928634,0.004756731917076461,0.3939393939393939,0.0625,0.1078838174273859,0.08777044038930663,0.2,6.0,0.20683324414440374,65.0,62.852565378338575,0.004756731917076461,81.05348538001999
0.13815789473684212,0.5,0.13463514902363824,0.21649484536082475,0.6826824254881808,0.6337975159954836,0.6577860028065213,0.6338534286978661,0.203929774169064,0.8502463054187193,0.49023502442917877,0.2857142857142857,0.11214953271028037,0.1610738255033557,0.12197884076520318,0.10541871921182266,21.0,0.20149259402810393,113.83177570093457,59.55553879229058,0.0194327736873192,0.5238095238095238,0.10837438423645321,0.1795918367346939,0.16818910197279346,0.2,21.0,0.5292400994049383,110.0,41.569034592685135,0.0194327736873192,69.02300308411941
0.084375,0.675,0.2983706720977597,0.15000000000000002,0.6883146639511202,0.6880571069275437,0.6881858733903307,0.6880304037505667,0.15749121359103405,0.700587084148728,0.5416816924378954,0.325,0.06565656565656566,0.1092436974789916,0.06702992412621438,0.19373776908023482,7.0,0.20179194479628867,67.1010101010101,64.42278958718423,0.005164991949321901,0.325,0.06372549019607843,0.10655737704918032,0.06331420043447723,0.19960861056751467,7.0,0.2134792170149277,65.12745098039215,60.89585760046593,0.005164991949321901,71.91768486704677
0.06609195402298851,0.6388888888888888,0.3276209677419355,0.11979166666666667,0.6556339605734767,0.6552062868369352,0.6554200888220785,0.655227079752438,0.12091978695008725,0.6712062256809338,0.48099177558994266,0.2222222222222222,0.035555555555555556,0.06130268199233717,0.0015437094651258954,0.2188715953307393,78.0,0.2016344863103329,36.55111111111111,39.675752627391866,0.05845418015031695,0.19444444444444445,0.03414634146341464,0.058091286307053944,-0.0023704668617151254,0.19941634241245138,78.0,0.1704644271277449,35.10243902439024,41.06428606805012,0.05845418015031695,76.18566164700314
0.09881422924901186,0.6097560975609756,0.23030303030303031,0.17006802721088435,0.6897265336289726,0.6804543506215173,0.6850747554442017,0.6795863695489865,0.17231279791614446,0.7633365664403492,0.5437427258268184,0.3170731707317073,0.07975460122699386,0.12745098039215685,0.08867599752750013,0.15809893307468478,6.0,0.20162113762390235,82.22699386503066,64.47736657576938,0.004474735347673937,0.4634146341463415,0.09223300970873786,0.15384615384615385,0.13416277124236212,0.19980601357904948,6.0,0.31891798488823264,95.09223300970874,59.576445670377296,0.004474735347673937,83.0840973071754
0.08921933085501858,0.6486486486486487,0.24772497472194135,0.1568627450980392,0.7004618369633537,0.6966292134831462,0.6985428967205527,0.6960136226757792,0.16995605021323726,0.7485380116959064,0.5184029607873275,0.21621621621621623,0.047058823529411764,0.07729468599033816,0.026283805937019133,0.16569200779727095,23.0,0.20193807405695802,48.28235294117648,39.61610527068583,0.017411203064947717,0.3783783783783784,0.06829268292682927,0.11570247933884298,0.08638097803891139,0.19980506822612085,23.0,0.28641470741147246,70.06829268292684,48.88017143577461,0.017411203064947717,74.26095703197643
0.0591016548463357,0.6097560975609756,0.3972055888223553,0.10775862068965518,0.6062752543693102,0.6062552696029228,0.60626526190377,0.6062598679442539,0.08412438639194837,0.6030680728667306,0.46456378957166533,0.21951219512195122,0.03202846975088968,0.05590062111801243,-0.022752964034909468,0.2694151486097795,145.0,0.20086367970972918,33.405693950177934,44.80650764242705,0.10209929483821101,0.07317073170731707,0.014423076923076924,0.024096385542168676,-0.0639164481468561,0.19942473633748803,145.0,0.11569741748912647,15.04326923076923,25.929705823225895,0.10209929483821101,69.30621486064047
0.07219251336898395,0.675,0.33986287952987265,0.13043478260869565,0.6675685602350637,0.6674858327067325,0.6675271951893316,0.6674855064193919,0.13361377395257212,0.6606974552309143,0.5376477473470254,0.325,0.05829596412556054,0.09885931558935362,0.05578007628008898,0.21017907634307256,18.0,0.200864,61.852017937219735,64.72040783813924,0.012281817153628652,0.3,0.05660377358490566,0.09523809523809525,0.04959394014708257,0.1998114985862394,18.0,0.184456,60.056603773584904,65.05616515591794,0.012281817153628652,87.87997108697891
0.09615384615384616,0.5128205128205128,0.1891348088531187,0.16194331983805668,0.6618428519836971,0.6282885762170167,0.6448475037962439,0.6304625670866524,0.1538474748981411,0.7996127783155856,0.48902304582485123,0.3076923076923077,0.08759124087591241,0.13636363636363638,0.10224312141096996,0.13262342691190707,11.0,0.20017190778928132,90.48175182481752,59.948471953578334,0.008731532043408475,0.48717948717948717,0.09223300970873786,0.15510204081632653,0.142654007051025,0.1994191674733785,11.0,0.5518704651576983,95.2766990291262,34.428368973452315,0.008731532043408475,83.5446210722439
0.06222222222222222,0.6222222222222222,0.4323770491803279,0.11313131313131314,0.5949225865209472,0.593669868728233,0.594295897548815,0.5940037179723172,0.07848856953139302,0.5700293829578844,0.47532331869558686,0.28888888888888886,0.04482758620689655,0.07761194029850746,0.0023110854847619034,0.2840352595494613,97.0,0.2004284658207987,45.768965517241384,64.86104629281144,0.06491581012487886,0.15555555555555556,0.03431372549019608,0.05622489959839358,-0.023761841843756994,0.19980411361410383,97.0,0.10653561244964772,35.03431372549019,65.70572824470722,0.06491581012487886,66.81627368601039
0.1,0.45454545454545453,0.18461538461538463,0.16393442622950818,0.634965034965035,0.5837004405286343,0.6087933726884439,0.5928123888219884,0.13814111738992682,0.7998037291462218,0.41419621044183874,0.1590909090909091,0.05426356589147287,0.08092485549132948,0.020760654798946863,0.12659470068694798,10.0,0.20010413461766027,55.29457364341086,34.98178592548788,0.008217761040533587,0.45454545454545453,0.09852216748768473,0.16194331983805668,0.1358025348165948,0.19921491658488713,10.0,0.596423133663093,100.39408866995075,33.53323986137933,0.008217761040533587,71.82429224485531
0.08333333333333333,0.625,0.21890547263681592,0.14705882352941174,0.703047263681592,0.6943830163644404,0.6987017100322498,0.6929620496173579,0.16651385498806434,0.7762777242044359,0.49127389418368406,0.1875,0.039735099337748346,0.06557377049180328,0.021190999714175617,0.14561234329797493,58.0,0.2018791990138695,41.205298013245034,29.72074403558431,0.05323540200430503,0.375,0.057971014492753624,0.100418410041841,0.07829621100092983,0.19961427193828352,58.0,0.3800520820578127,60.11594202898551,31.574619812698685,0.05323540200430503,80.48573212279007
0.0963302752293578,0.6,0.1966067864271457,0.16600790513833993,0.7016966067864272,0.6869577584980798,0.6942880728802077,0.6848379555933097,0.1787830215672151,0.7965284474445516,0.5402508963404239,0.3142857142857143,0.07801418439716312,0.125,0.09723151764139291,0.1359691417550627,12.0,0.20139083843334163,80.90070921985814,54.62016090489087,0.009949712149973724,0.5142857142857142,0.08695652173913043,0.1487603305785124,0.1471336570686762,0.19961427193828352,12.0,0.48188461014012657,90.17391304347827,37.35334065714571,0.009949712149973724,75.66641677217558
0.07416267942583732,0.7948717948717948,0.391304347826087,0.13566739606126915,0.7017837235228539,0.6894360603653694,0.6955824937231644,0.6875926752085362,0.15696163662451654,0.6157587548638133,0.5093287304501413,0.1794871794871795,0.027559055118110236,0.0477815699658703,-0.031120853769161932,0.24708171206225682,72.0,0.2006610521101031,28.330708661417322,34.884696987231415,0.04979895977617273,0.1282051282051282,0.024390243902439025,0.04098360655737705,-0.03539148739973253,0.19941634241245138,72.0,0.13714896120382697,25.073170731707314,36.4567106896941,0.04979895977617273,79.19726684456691
0.04602510460251046,0.6666666666666666,0.46107178968655205,0.08610567514677105,0.6027974384900573,0.5960301928990775,0.5994042655356221,0.5976951986640782,0.07283732812266797,0.5430528375733855,0.47520464677609275,0.18181818181818182,0.02142857142857143,0.038338658146964855,-0.03774373949526248,0.273972602739726,48.0,0.20029166666666667,21.900000000000002,29.956313709174122,0.03183510273972603,0.15151515151515152,0.024509803921568627,0.04219409282700422,-0.021978801087747326,0.19960861056751467,48.0,0.11891666666666667,25.04901960784314,42.04625087596356,0.03183510273972603,71.79993476485834
0.05060240963855422,0.6363636363636364,0.40040650406504064,0.09375,0.6179785661492978,0.6174316041261774,0.6177050245976278,0.6175364243118928,0.08506782608313691,0.6007866273352999,0.4871546678150357,0.3333333333333333,0.04247104247104247,0.07534246575342467,0.03306472559687109,0.25467059980334317,115.0,0.20124659073938708,43.19305019305019,54.659311045149195,0.08329849095824426,0.18181818181818182,0.029556650246305417,0.05084745762711864,-0.00815003719130942,0.19960668633235004,115.0,0.12862049722150173,30.059113300492612,46.64886335859203,0.08329849095824426,62.82742989901453
