0.3049645390070922,0.4942528735632184,0.236144578313253,0.3771929824561403,0.6290541476249827,0.6001673124339556,0.6144409956664013,0.6053201184720672,0.21738144924133326,0.7171314741035857,0.47018847157353505,0.25287356321839083,0.24719101123595505,0.25,0.09061327360019106,0.17729083665338646,1.0,0.20113277133825078,124.08988764044943,109.3804846103471,0.0022472347176100654,0.3103448275862069,0.27,0.2887700534759359,0.12740986947224187,0.199203187250996,1.0,0.24706928345626974,135.54000000000002,109.28108756497402,0.0022472347176100654,50.71101544890553
0.38562091503267976,0.5841584158415841,0.23618090452261306,0.4645669291338583,0.6739887556594856,0.6620160188978702,0.6679755630287848,0.6618390599311472,0.30322823351237593,0.7274549098196392,0.5533767219710498,0.38613861386138615,0.39,0.3880597014925374,0.23374028781523543,0.20040080160320642,0.0,0.20166313739431505,194.60999999999999,193.39181421016326,0.0011488423467334377,0.37623762376237624,0.3838383838383838,0.38,0.22464852970183166,0.19839679358717435,0.0,0.19762894724639474,191.53535353535352,192.2795244798999,0.0011488423467334377,52.39731597015634
0.3333333333333333,0.6122448979591837,0.31007751937984496,0.43165467625899284,0.6510836892896693,0.6487668570040092,0.6499242407750565,0.6489287200699536,0.2511481162453953,0.6742268041237114,0.5026079945690605,0.24489795918367346,0.22429906542056074,0.23414634146341465,0.029464528766174586,0.22061855670103092,3.0,0.20180100948302232,108.78504672897196,118.92903837044055,0.005337767626532279,0.19387755102040816,0.1958762886597938,0.1948717948717949,-0.007702340943102744,0.2,3.0,0.16937519118996636,95.0,112.17699514617902,0.005337767626532279,49.471218769904226
0.4049586776859504,0.46226415094339623,0.181360201511335,0.43171806167400884,0.6404519747160307,0.5908762035508227,0.6151648814560498,0.5987199443949036,0.26802892511788434,0.7435387673956262,0.5034841387541188,0.27358490566037735,0.35802469135802467,0.3101604278074866,0.1582255834646914,0.1610337972166998,1.0,0.20334158215666295,180.0864197530864,142.61716512885778,0.0026512122696238823,0.330188679245283,0.35,0.33980582524271846,0.1701012208094294,0.1988071570576541,1.0,0.29750756142138546,176.04999999999998,117.64406871806024,0.0026512122696238823,49.42231393605471
0.30177514792899407,0.5666666666666667,0.2885085574572127,0.3938223938223938,0.639079054604727,0.6308741949882039,0.6349633722566833,0.631886589823313,0.22598224148357818,0.685370741482966,0.5058170853759745,0.34444444444444444,0.28440366972477066,0.31155778894472363,0.14305769812324448,0.218436873747495,5.0,0.200940255212129,141.91743119266056,154.27471198975965,0.0075052865050487935,0.2777777777777778,0.25252525252525254,0.2645502645502646,0.09337465979531853,0.19839679358717435,5.0,0.16815992912361927,126.01010101010101,148.66799796057103,0.0075052865050487935,50.74185122363269
0.2702702702702703,0.7526881720430108,0.4587378640776699,0.39772727272727265,0.6469751539826704,0.6297020916113677,0.6382801952774928,0.6314870638729422,0.22795365824003255,0.5801980198019802,0.6158108198053648,0.3548387096774194,0.1952662721893491,0.25190839694656486,0.02032381645094651,0.3346534653465347,4.0,0.20016497113005224,98.6094674556213,164.86401098901098,0.0053886996137062155,0.17204301075268819,0.15841584158415842,0.16494845360824745,-0.03320651310794904,0.2,4.0,0.0800281825680506,80.0,199.92956839166845,0.0053886996137062155,50.01298613008112
0.297029702970297,0.625,0.3558897243107769,0.40268456375838924,0.6345551378446115,0.6344112564798815,0.6344831930837604,0.6344302420399078,0.21649249752251265,0.6404040404040404,0.5096262881362676,0.3125,0.23809523809523808,0.27027027027027023,0.06525945099803741,0.2545454545454545,8.0,0.2013239315009354,117.85714285714288,149.01358112937814,0.011561288522002293,0.23958333333333334,0.23232323232323232,0.23589743589743592,0.04854019770922646,0.2,8.0,0.1310180521577845,115.0,175.5483280449109,0.011561288522002293,53.04547134414315
0.39568345323741005,0.4954954954954955,0.21,0.43999999999999995,0.6427477477477478,0.6090125446772724,0.6256528122221153,0.6135903759833773,0.2645525033243486,0.726027397260274,0.4764428048193864,0.2882882882882883,0.3516483516483517,0.31683168316831684,0.15174439990115912,0.1780821917808219,1.0,0.20402831219419504,179.6923076923077,156.8409778812573,0.002368645735732712,0.32432432432432434,0.35294117647058826,0.3380281690140845,0.16436594104070062,0.19960861056751467,1.0,0.25146865548746694,180.3529411764706,143.15899502550218,0.002368645735732712,52.135940331965685
0.2766990291262136,0.6333333333333333,0.35224586288416077,0.3851351351351351,0.6405437352245863,0.6404625699698592,0.6405031513115541,0.6404714250831713,0.2180871754263853,0.645224171539961,0.5066288252669393,0.3,0.216,0.2511627906976744,0.06053102728611459,0.24366471734892786,8.0,0.2005209243785617,110.808,134.64928951268416,0.010948274963183225,0.2111111111111111,0.18627450980392157,0.19791666666666666,0.014192883033332538,0.19883040935672514,8.0,0.13634933398594554,95.55882352941177,139.34794871794873,0.010948274963183225,52.903731752652675
0.3488372093023256,0.594059405940594,0.2793017456359102,0.43956043956043955,0.657378830152342,0.6512798362410561,0.6543222270792536,0.6515769589847924,0.2658814191742024,0.6952191235059761,0.5109687017474271,0.2871287128712871,0.29896907216494845,0.2929292929292929,0.11935810897568042,0.19322709163346613,7.0,0.20001692476940003,150.08247422680412,144.98773058047047,0.01110767221374298,0.297029702970297,0.3,0.29850746268656714,0.122923743224376,0.199203187250996,7.0,0.21032410933401033,150.6,142.63700008046993,0.01110767221374298,53.61757808178663
0.3894736842105263,0.7047619047619048,0.29591836734693877,0.5016949152542373,0.704421768707483,0.7044216044698903,0.7044216865886819,0.704421573002108,0.34343838409401417,0.704225352112676,0.6205968882652352,0.42857142857142855,0.38461538461538464,0.4054054054054054,0.23563408909679553,0.23541247484909456,8.0,0.20067635078010915,191.15384615384616,224.24166985829183,0.01073751710168783,0.34285714285714286,0.36363636363636365,0.3529411764705882,0.18616185356854106,0.19919517102615694,8.0,0.14827453693028975,180.72727272727272,242.79286750984866,0.01073751710168783,53.17524077789858
0.3167701863354037,0.504950495049505,0.2619047619047619,0.3893129770992366,0.6215228665723715,0.5996586383462925,0.6104928794587802,0.6039771997345859,0.20792616562286312,0.6928982725527831,0.46242906827750363,0.24752475247524752,0.23809523809523808,0.24271844660194175,0.056219725275218284,0.20153550863723607,0.0,0.203888589293262,124.04761904761905,122.61598398741869,0.0010908671997693973,0.2376237623762376,0.23076923076923078,0.23414634146341465,0.046629414945200315,0.19961612284069097,0.0,0.1998513357916369,120.23076923076924,120.08926487747958,0.0010908671997693973,53.48225938389078
0.3333333333333333,0.3431372549019608,0.170316301703163,0.3381642512077294,0.5864104765993989,0.48548823397807467,0.5335685398057903,0.5201686189276621,0.1709592728325777,0.732943469785575,0.4099239226090693,0.22549019607843138,0.3150684931506849,0.26285714285714284,0.11862600424598456,0.14230019493177387,1.0,0.20025055148560691,161.63013698630138,114.85611315109479,0.0023646340600420018,0.3333333333333333,0.3333333333333333,0.3333333333333333,0.1678832116788321,0.19883040935672514,1.0,0.5400201530542771,171.0,62.96061324322961,0.0023646340600420018,54.621688197832555
0.3924050632911392,0.5794392523364486,0.2376237623762376,0.46792452830188674,0.6709077449801054,0.6584373491483346,0.6646433006717118,0.6584327336225235,0.30092510093139174,0.7240704500978473,0.5554824426864104,0.35514018691588783,0.36538461538461536,0.36018957345971564,0.19380192427907514,0.2035225048923679,6.0,0.20318731611637791,186.71153846153848,187.01954790443244,0.00854104439180142,0.35514018691588783,0.37254901960784315,0.3636363636363636,0.20025295815097177,0.19960861056751467,6.0,0.19514547237659366,190.37254901960785,194.72652650975795,0.00854104439180142,52.767124188132584
0.40441176470588236,0.5913978494623656,0.20558375634517767,0.48034934497816595,0.6929070465585939,0.6780361960653026,0.685431293475453,0.6765650001182827,0.33802176132287914,0.75564681724846,0.5797839721795288,0.3225806451612903,0.3409090909090909,0.3314917127071823,0.17915269766053557,0.1806981519507187,0.0,0.2007614385750221,166.02272727272725,149.43108703013883,0.0014261093691258604,0.3548387096774194,0.3402061855670103,0.3473684210526316,0.1893569985813613,0.19917864476386038,0.0,0.2382894826296825,165.68041237113403,138.4870185449358,0.0014261093691258604,51.7851519160904
0.2752808988764045,0.5444444444444444,0.31851851851851853,0.3656716417910448,0.6129629629629629,0.605303793219201,0.6091213397873712,0.6069447170964606,0.18158300750669762,0.6565656565656566,0.48808066570223885,0.3,0.24770642201834864,0.271356783919598,0.09077869546680069,0.2202020202020202,5.0,0.20071555738153932,122.61467889908256,134.51872068230276,0.007977888996787929,0.25555555555555554,0.23232323232323232,0.2433862433862434,0.0654728501098655,0.2,5.0,0.16961106546151739,115.0,135.60436011303997,0.007977888996787929,45.49202135344967
0.3615819209039548,0.6095238095238096,0.2817955112219451,0.45390070921985815,0.6638641491509323,0.6594161419576416,0.6616364077173355,0.6595000987712071,0.2786738365500091,0.6956521739130435,0.5100049805334698,0.3047619047619048,0.2962962962962963,0.3004694835680751,0.11405137948635251,0.2134387351778656,9.0,0.20032745834537224,149.92592592592592,159.73846153846154,0.013268369536349387,0.2761904761904762,0.2871287128712871,0.28155339805825247,0.09804662651399837,0.19960474308300397,9.0,0.17777456740184275,145.28712871287127,163.12794582392777,0.013268369536349387,54.13090734789148
0.26905829596412556,0.759493670886076,0.3826291079812207,0.3973509933774835,0.6884322814524276,0.6810971793599068,0.684754908764847,0.6804312839009741,0.2756935854874773,0.6396039603960396,0.6699322755378827,0.4810126582278481,0.25165562913907286,0.33043478260869563,0.17119378218236336,0.299009900990099,17.0,0.20196565503834107,127.0860927152318,188.15080213903744,0.02149388499709675,0.27848101265822783,0.21782178217821782,0.24444444444444444,0.08449156471643084,0.2,17.0,0.09226544057519324,110.0,238.44247491638797,0.02149388499709675,49.49034210201353
0.3157894736842105,0.574468085106383,0.29545454545454547,0.4075471698113208,0.6395067698259188,0.6328922495274103,0.6361909132824309,0.6336867467434597,0.2304853901153557,0.6795918367346939,0.510295048782359,0.32978723404255317,0.29523809523809524,0.3115577889447236,0.13714345877979223,0.21428571428571427,7.0,0.20265470181342307,144.66666666666669,152.96955719557195,0.009954877445463136,0.2872340425531915,0.2755102040816326,0.28125,0.10625327898506683,0.2,7.0,0.1791923724060572,135.0,150.67605633802816,0.009954877445463136,50.12487334990874
0.35947712418300654,0.5288461538461539,0.24936386768447838,0.4280155642023346,0.6397411430808377,0.6205182139783919,0.6300563716946416,0.6230594972332344,0.24628745741831456,0.704225352112676,0.49662180983968174,0.2692307692307692,0.28,0.27450980392156865,0.08728521141914664,0.2012072434607646,4.0,0.20012581704360635,139.16,139.91198343939277,0.0061579314164052655,0.2692307692307692,0.2828282828282828,0.27586206896551724,0.09020622162593402,0.19919517102615694,4.0,0.1965047411544481,140.56565656565655,142.49020067150775,0.0061579314164052655,52.88537247013301
0.38311688311688313,0.5784313725490197,0.2345679012345679,0.46093750000000006,0.671931735657226,0.6589210123390075,0.6653945742805285,0.65886790832546,0.2997546490068584,0.727810650887574,0.5034218994639548,0.30392156862745096,0.3263157894736842,0.31472081218274117,0.14988672944371179,0.1873767258382643,2.0,0.20242284676386163,165.44210526315788,153.1447684665919,0.0037937646764283858,0.3137254901960784,0.31683168316831684,0.3152709359605911,0.14388552371668656,0.1992110453648915,2.0,0.22717026417787003,160.63366336633663,140.8635065676756,0.0037937646764283858,52.590615500696
0.36363636363636365,0.6415094339622641,0.31151832460732987,0.46416382252559724,0.6649955546774671,0.66416607865711,0.6645806872566664,0.6641732943137086,0.2798870484268072,0.6782786885245902,0.5590700522497168,0.3584905660377358,0.31666666666666665,0.336283185840708,0.13772799330154925,0.2459016393442623,1.0,0.20064202943939868,154.53333333333333,189.39202372590339,0.002526787593762996,0.29245283018867924,0.31958762886597936,0.3054187192118226,0.12365866393814211,0.1987704918032787,1.0,0.13711243344816787,155.95876288659795,226.0918227501142,0.002526787593762996,52.2834837581031
0.3456221198156682,0.7211538461538461,0.3641025641025641,0.4672897196261682,0.6785256410256411,0.6758475346099342,0.6771852639099618,0.6757116601688749,0.2932984842151646,0.6538461538461539,0.5978651457245616,0.36538461538461536,0.2923076923076923,0.32478632478632474,0.11988183343208679,0.2631578947368421,2.0,0.20259712837837837,144.4,187.56435643564356,0.0036962767739905896,0.28846153846153844,0.30612244897959184,0.297029702970297,0.11664973225743583,0.19838056680161945,2.0,0.12728744369369369,151.22448979591834,235.68703345313799,0.0036962767739905896,51.73474146332592
0.3563218390804598,0.6458333333333334,0.2685851318944844,0.4592592592592593,0.6886241007194245,0.6859651032031052,0.6872933160726543,0.6856975971675087,0.31078235169859597,0.7153996101364523,0.5852342713201071,0.375,0.3364485981308411,0.354679802955665,0.19653658254138795,0.20857699805068225,2.0,0.20291805368652172,172.5981308411215,177.41151832460733,0.003827015067001498,0.375,0.35294117647058826,0.3636363636363636,0.21178485625642976,0.19883040935672514,2.0,0.18622069551667966,181.05882352941177,193.3190073214795,0.003827015067001498,53.756730270106345
0.34972677595628415,0.64,0.29528535980148884,0.45229681978798586,0.6723573200992556,0.6708001180986123,0.6715782677596462,0.6707634257003828,0.28596423328665305,0.6918489065606361,0.5370381323018567,0.31,0.2743362831858407,0.29107981220657275,0.10186777963708496,0.22465208747514911,4.0,0.20343722405729797,137.99115044247787,152.38115907081425,0.006131182294986336,0.26,0.26,0.26,0.07637717121588089,0.1988071570576541,4.0,0.16183732871112275,130.78,160.65514802465393,0.006131182294986336,50.97776137525216
0.3067484662576687,0.5263157894736842,0.2749391727493917,0.3875968992248062,0.6256883083621462,0.6099058534588622,0.6177466808578145,0.6127221410833954,0.2100713024696261,0.6877470355731226,0.4938499384993841,0.30526315789473685,0.2871287128712871,0.29591836734693877,0.1270888063594372,0.19960474308300397,4.0,0.20239586730053033,145.28712871287127,143.2835580429068,0.0060476845346870214,0.30526315789473685,0.2871287128712871,0.29591836734693877,0.1270888063594372,0.19960474308300397,4.0,0.20239586730053033,145.28712871287127,143.2835580429068,0.0060476845346870214,53.901100617833436
0.34911242603550297,0.5566037735849056,0.2956989247311828,0.42909090909090913,0.6304524244268614,0.6218020917135962,0.6261123191844499,0.6231458719303162,0.22671693463349915,0.6715481171548117,0.5077757285603859,0.3018867924528302,0.3076923076923077,0.3047619047619048,0.10908232115702009,0.2175732217573222,1.0,0.20150066747479708,147.07692307692307,158.8084069448675,0.002652115268817425,0.25471698113207547,0.28421052631578947,0.2686567164179104,0.07487220688629671,0.19874476987447698,1.0,0.1732979392674656,135.85263157894738,155.80104480255002,0.002652115268817425,53.23008868005127
0.2742616033755274,0.6770833333333334,0.39631336405529954,0.39039039039039036,0.6403849846390169,0.6382819234661369,0.639332589310309,0.6385173198202025,0.21748191706141148,0.6169811320754717,0.5506425523913556,0.34375,0.2129032258064516,0.26294820717131473,0.05303695024484318,0.29245283018867924,9.0,0.20218075131570987,112.83870967741936,163.22028573565711,0.010976518673321592,0.15625,0.14150943396226415,0.1485148514851485,-0.05144093073456885,0.2,9.0,0.10301857116931826,75.0,145.60481503229593,0.010976518673321592,55.59854670986533
0.3597560975609756,0.5841584158415841,0.26785714285714285,0.44528301886792454,0.6581506364922207,0.6498321020819341,0.653978143058545,0.6502345985557085,0.2709472747778505,0.7018255578093306,0.5185280149008064,0.297029702970297,0.297029702970297,0.297029702970297,0.11590725399070519,0.20486815415821502,0.0,0.2007351260090396,146.43564356435644,149.45067461012792,0.0013219668489469337,0.297029702970297,0.30612244897959184,0.30150753768844224,0.12496003618793593,0.19878296146044624,0.0,0.19042929248518317,150.91836734693877,157.53878832656076,0.0013219668489469337,47.61539538996294
0.4,0.5714285714285714,0.24128686327077747,0.47058823529411764,0.665070854078897,0.6518859775410308,0.6584454144766064,0.6522264962832807,0.2945553451411553,0.7175732217573222,0.5093155250301571,0.2857142857142857,0.30612244897959184,0.29556650246305416,0.10604766771846134,0.20502092050209206,8.0,0.20273352230150196,146.32653061224488,147.97750100441945,0.011939231643048373,0.2857142857142857,0.3157894736842105,0.3,0.11563092317322038,0.19874476987447698,8.0,0.19015736487146906,150.94736842105263,157.76407093292212,0.011939231643048373,51.293075542896986
0.3333333333333333,0.7553191489361702,0.3471882640586797,0.4625407166123778,0.7040654424387452,0.7003343369599351,0.702197411563687,0.6996598515204806,0.32198544544447216,0.6719681908548708,0.603924658236255,0.35106382978723405,0.25984251968503935,0.2986425339366516,0.10878217532580527,0.2524850894632207,0.0,0.20200047149159733,130.70078740157481,163.3659553184395,0.001221362091151605,0.2553191489361702,0.24,0.24742268041237112,0.06788258153559225,0.1988071570576541,0.0,0.13424039335870408,120.72,178.78374310085297,0.001221362091151605,54.7848174138926
0.37142857142857144,0.48148148148148145,0.21728395061728395,0.41935483870967744,0.6320987654320988,0.5962094907407407,0.6138919147831502,0.6024614677528142,0.24179633292422087,0.7192982456140351,0.4578198928709999,0.25,0.3068181818181818,0.2755102040816326,0.10747673130420372,0.17153996101364521,2.0,0.20052083333333334,157.39772727272728,134.64935064935065,0.00425565274455077,0.2962962962962963,0.3137254901960784,0.3047619047619048,0.12610530987485552,0.19883040935672514,2.0,0.25762014678030304,160.94117647058823,124.21388777209809,0.00425565274455077,54.74607248837128
0.2795275590551181,0.6283185840707964,0.46923076923076923,0.38692098092643046,0.5795439074200135,0.5754390086333472,0.5774878107330655,0.5767243275712406,0.1327981148492716,0.5526838966202783,0.5032355946854092,0.30973451327433627,0.22151898734177214,0.25830258302583026,-0.005080304351455857,0.31411530815109345,5.0,0.20176934212642753,111.42405063291139,173.4654017857143,0.006671951562300637,0.1415929203539823,0.16,0.15023474178403753,-0.07716608883759615,0.1988071570576541,5.0,0.09363036834486087,80.47999999999999,170.88472771001545,0.006671951562300637,58.49188320431858
0.32934131736526945,0.514018691588785,0.2679425837320574,0.4014598540145985,0.6230380539283638,0.6039618172683556,0.6134257862838131,0.6075900993208205,0.21283827471991085,0.6876190476190476,0.518533438854891,0.32710280373831774,0.28688524590163933,0.30567685589519655,0.1134699310037146,0.23238095238095238,0.0,0.20229965721072093,150.61475409836066,173.01067378252168,0.001134572104638773,0.2897196261682243,0.29523809523809524,0.29245283018867924,0.11348310552438207,0.2,0.0,0.1466571297470917,155.0,211.3773810619306,0.001134572104638773,50.57928892597556
0.296969696969697,0.47572815533980584,0.2822384428223844,0.3656716417910448,0.5967448562587108,0.5722033093183437,0.5843452588752078,0.5789777287896714,0.1658985984639571,0.669260700389105,0.4249129664588225,0.24271844660194175,0.24509803921568626,0.24390243902439024,0.05557370996077548,0.19844357976653695,4.0,0.20200939704548224,125.98039215686275,123.7566190763456,0.006177233131268598,0.24271844660194175,0.24509803921568626,0.24390243902439024,0.05557370996077548,0.19844357976653695,4.0,0.20200939704548224,125.98039215686275,123.7566190763456,0.006177233131268598,54.758384383283556
0.39893617021276595,0.6696428571428571,0.29658792650918636,0.5,0.6865274653168353,0.6861122015326585,0.6863198020173757,0.6860730658355728,0.3218217849398966,0.6957403651115619,0.5413821672277701,0.29464285714285715,0.3055555555555556,0.3,0.09906828458529181,0.21906693711967545,1.0,0.2008426301421741,150.63888888888889,164.30774670018857,0.0026201322163260893,0.26785714285714285,0.30612244897959184,0.2857142857142857,0.09384207536967151,0.19878296146044624,1.0,0.17131901598472535,150.91836734693877,175.11190936722852,0.0026201322163260893,50.031354676000774
0.34177215189873417,0.5934065934065934,0.25,0.4337349397590362,0.6717032967032968,0.6625766871165644,0.667124384994991,0.6624957790743713,0.2845343699193546,0.7218934911242604,0.5508492466756428,0.3956043956043956,0.34615384615384615,0.3692307692307692,0.22062437582319247,0.20512820512820512,0.0,0.2030914020380816,175.5,177.26008899800522,0.0011264282653711574,0.37362637362637363,0.33663366336633666,0.3541666666666667,0.20424100375720253,0.1992110453648915,0.0,0.19272959581164886,170.67326732673268,176.41296790363003,0.0011264282653711574,50.61590272607282
0.36018957345971564,0.6909090909090909,0.34974093264248707,0.4735202492211838,0.670584079133302,0.6699680398974466,0.670275988741483,0.6699576466207092,0.28667830518458753,0.6592741935483871,0.5926913252584316,0.4,0.32116788321167883,0.35627530364372473,0.14779629715781423,0.2762096774193548,2.0,0.20289104574776587,159.29927007299273,216.86516444249983,0.0035272414267086922,0.21818181818181817,0.24242424242424243,0.22966507177033493,0.024821905015979508,0.19959677419354838,2.0,0.10886547907912647,120.24242424242425,220.4555585756999,0.0035272414267086922,44.56096136197448
0.264,0.7674418604651163,0.4520884520884521,0.3928571428571429,0.6576767041883321,0.639357080799305,0.6484522015534838,0.6405092095924716,0.23937060549767375,0.5862068965517241,0.5970274735982738,0.4069767441860465,0.23809523809523808,0.3004291845493562,0.10933024154601863,0.29817444219066935,4.0,0.2018570634735691,117.3809523809524,173.39001864843266,0.006065849347076469,0.22093023255813954,0.19387755102040816,0.20652173913043476,0.025509830700966744,0.19878296146044624,4.0,0.10054313729004966,95.58163265306122,188.97361383490818,0.006065849347076469,51.27626554341987
0.37714285714285717,0.5739130434782609,0.28534031413612565,0.45517241379310347,0.6442863646710676,0.6365997138163125,0.6404315071616589,0.6373919544540818,0.2547938425786149,0.682092555331992,0.5061921937607888,0.28695652173913044,0.308411214953271,0.29729729729729726,0.09566545776642423,0.2152917505030181,2.0,0.2025664093943842,153.2803738317757,162.90953716690044,0.00390988067394534,0.26956521739130435,0.31313131313131315,0.28971962616822433,0.09667236231921902,0.19919517102615694,2.0,0.1779440314408826,155.62626262626262,174.21208089409262,0.00390988067394534,51.42126955278218
0.3709677419354839,0.6216216216216216,0.29846938775510207,0.46464646464646464,0.6615761169332597,0.6591631493929446,0.660368531049809,0.6592257546034642,0.27760391213156715,0.68389662027833,0.5241666411364763,0.3063063063063063,0.3333333333333333,0.3192488262910798,0.13700961417171387,0.20278330019880716,0.0,0.20252057279854857,167.66666666666666,167.88417853143497,0.0013018178108179794,0.3063063063063063,0.34,0.3222748815165877,0.14333060865622793,0.1988071570576541,0.0,0.1961057474243504,171.01999999999998,173.37584668759294,0.0013018178108179794,49.16599013796076
0.3333333333333333,0.5050505050505051,0.26109660574412535,0.40160642570281124,0.62197694965319,0.5999957597472809,0.6108874957407968,0.6043066590894767,0.21286785163740238,0.6908713692946058,0.47068160313174434,0.2727272727272727,0.2872340425531915,0.27979274611398963,0.09971097239888933,0.1950207468879668,1.0,0.20241570878030063,138.4468085106383,133.3888568367263,0.002683620913261803,0.2727272727272727,0.28125,0.2769230769230769,0.09363988320246888,0.1991701244813278,1.0,0.21010660482808094,135.5625,128.5061934254407,0.002683620913261803,51.4142638402991
0.4429530201342282,0.6111111111111112,0.20493827160493827,0.5136186770428016,0.7030864197530865,0.6910545312652424,0.6970445152509462,0.6891670359584959,0.3647593577821651,0.7563352826510721,0.5733258564741042,0.37962962962962965,0.41836734693877553,0.3980582524271845,0.24774120954994494,0.19103313840155944,1.0,0.2017514260464369,214.62244897959184,203.22037273016883,0.002214441865086916,0.39814814814814814,0.4215686274509804,0.40952380952380946,0.2578853586940796,0.19883040935672514,1.0,0.2178516911705632,216.26470588235296,197.38198849387814,0.002214441865086916,55.76311317598447
0.26785714285714285,0.4945054945054945,0.30673316708229426,0.3474903474903475,0.5938861637116001,0.5772558429273469,0.5855119623340143,0.5819031626085476,0.15374369902823157,0.6565040650406504,0.437075332265598,0.25274725274725274,0.21296296296296297,0.23115577889447236,0.038250098583188744,0.21951219512195122,1.0,0.20303237913675493,104.77777777777777,113.28242370892019,0.0025016752505852783,0.24175824175824176,0.22448979591836735,0.23280423280423282,0.050777213575939825,0.1991869918699187,1.0,0.17041494146733788,110.44897959183673,129.0966614228282,0.0025016752505852783,51.74906632490456
0.3385416666666667,0.6632653061224489,0.312807881773399,0.44827586206896547,0.675228712174525,0.6750167497952803,0.6751227226664057,0.6750084424478316,0.2856165757516005,0.6825396825396826,0.5889991367331693,0.3877551020408163,0.3064516129032258,0.3423423423423424,0.16166624252685433,0.24603174603174602,8.0,0.20040340501179446,154.45161290322582,189.6175366769021,0.01113362424727848,0.29591836734693877,0.29,0.2929292929292929,0.12012122183621045,0.1984126984126984,8.0,0.13630303237496155,146.16,212.76122397792824,0.01113362424727848,49.42156802164391
0.391304347826087,0.5943396226415094,0.2512820512820513,0.4719101123595506,0.6715287856797291,0.6626562443716004,0.6670777639120874,0.6625811126691716,0.30034257740018333,0.7157258064516129,0.5480596957582012,0.3490566037735849,0.37755102040816324,0.36274509803921573,0.19833138346709323,0.1975806451612903,1.0,0.20139421276899214,187.26530612244898,183.71928116147308,0.0025866508814620082,0.3584905660377358,0.3838383838383838,0.37073170731707317,0.207250880398851,0.19959677419354838,1.0,0.2051204335966054,190.3838383838384,185.25701868752716,0.0025866508814620082,50.46298542013392
0.26356589147286824,0.3617021276595745,0.2289156626506024,0.304932735426009,0.566393232504486,0.49241909934374295,0.5281125310236922,0.5205072709409044,0.11845547297122021,0.6954813359528488,0.4742922146714381,0.26595744680851063,0.2403846153846154,0.2525252525252525,0.07275161123911923,0.2043222003929273,11.0,0.20198201603974833,122.35576923076923,123.77339572192514,0.013671274550065447,0.24468085106382978,0.22772277227722773,0.2358974358974359,0.05519537271597248,0.19842829076620824,11.0,0.18383603812815597,115.91089108910892,125.11148648648648,0.013671274550065447,54.56881474982947
0.358974358974359,0.5185185185185185,0.25510204081632654,0.42424242424242425,0.6317082388510961,0.6114268620999102,0.6214848238238696,0.6147069503363337,0.23396792801837782,0.696,0.4819547193387287,0.28703703703703703,0.31958762886597936,0.30243902439024395,0.12349697766838341,0.194,0.0,0.202828845362782,159.79381443298968,152.83822152886117,0.0011503021865012816,0.2962962962962963,0.32,0.30769230769230765,0.1263625660959576,0.2,0.0,0.21341328354903016,160.0,149.94380606420046,0.0011503021865012816,48.37854481721297
0.2727272727272727,0.6122448979591837,0.4,0.3773584905660377,0.6061224489795918,0.6060606060606062,0.6060915267313265,0.6060748680531516,0.16992080403497262,0.6024096385542169,0.5135326148224393,0.3163265306122449,0.2198581560283688,0.2594142259414226,0.03646937466958117,0.28313253012048195,2.0,0.20248394608707926,109.48936170212765,153.09855718965636,0.003520128074219112,0.1836734693877551,0.18181818181818182,0.182741116751269,-0.01875466379426775,0.19879518072289157,2.0,0.10947710112200974,90.54545454545455,164.41794508186155,0.003520128074219112,49.03366794390604
0.43537414965986393,0.6095238095238096,0.21727748691099477,0.5079365079365079,0.6961231613064074,0.6853499991046326,0.6907155767593925,0.6840243983729475,0.3513881291681271,0.7453798767967146,0.5807626121908736,0.3333333333333333,0.3763440860215054,0.3535353535353535,0.18989584536520057,0.19096509240246407,0.0,0.20009938196838412,183.27956989247312,174.91308396709607,0.0013993764266149555,0.3523809523809524,0.38144329896907214,0.3663366336633663,0.20111250040929884,0.19917864476386038,0.0,0.21468058014224045,185.76288659793815,172.34907775768534,0.0013993764266149555,47.837814395781606
0.34972677595628415,0.5981308411214953,0.32602739726027397,0.4413793103448276,0.6360517219306107,0.6337909101888006,0.6349203097787594,0.6340815086511579,0.2338287420565359,0.6567796610169492,0.4937709424839516,0.29906542056074764,0.3137254901960784,0.30622009569377984,0.10913768916578347,0.21610169491525424,3.0,0.20250392993487537,148.078431372549,158.02162461879678,0.005650193293164895,0.2523364485981308,0.2872340425531915,0.26865671641791045,0.07210375137460405,0.19915254237288135,3.0,0.17853132719514933,135.5744680851064,151.23396226415096,0.005650193293164895,50.42672329209745
0.3602150537634409,0.6261682242990654,0.30279898218829515,0.4573378839590444,0.6616846210553851,0.6597782529784902,0.6607307494756516,0.6598254711637117,0.27438829221656763,0.682,0.5534656049811413,0.32710280373831774,0.2845528455284553,0.3043478260869565,0.09826033835537364,0.246,5.0,0.2001903733590953,142.27642276422765,174.83358171882762,0.0071365573677331364,0.2523364485981308,0.27,0.26086956521739135,0.0682715670876762,0.2,5.0,0.13760868329828949,135.0,196.20854842040058,0.0071365573677331364,49.402667324990034
0.4375,0.39622641509433965,0.13917525773195877,0.4158415841584158,0.6285255786811905,0.542669245647969,0.5840218331992177,0.5618719969035364,0.2666927480654168,0.7611336032388664,0.44766253467414263,0.24528301886792453,0.4,0.30409356725146197,0.175814508322631,0.13157894736842105,1.0,0.20479070892813936,197.60000000000002,126.95888468809075,0.0027743519867248012,0.4056603773584906,0.4387755102040816,0.4215686274509804,0.27168170307279704,0.19838056680161945,1.0,0.5956125493991451,216.75510204081633,72.1945836154367,0.0027743519867248012,46.38841049885377
0.34355828220858897,0.5544554455445545,0.26884422110552764,0.4242424242424243,0.6428056122195134,0.6306623580177636,0.6367050362211771,0.6320413302918797,0.24468877860392343,0.6953907815631263,0.48457212241254644,0.297029702970297,0.2830188679245283,0.28985507246376807,0.10419953125266933,0.2124248496993988,8.0,0.20362018620721287,141.22641509433964,147.33313311810196,0.011853950520784426,0.26732673267326734,0.2727272727272727,0.27,0.08707229634990106,0.19839679358717435,8.0,0.17891486141474675,136.0909090909091,150.9097667264804,0.011853950520784426,53.78603326296434
0.3708609271523179,0.5833333333333334,0.23809523809523808,0.4534412955465587,0.6726190476190477,0.6607669616519174,0.6666666666666667,0.6606620758633519,0.2964647627049984,0.7272727272727273,0.5363486999175244,0.3541666666666667,0.34,0.34693877551020413,0.18587358916413588,0.20202020202020202,6.0,0.20318662524868242,168.3,167.33384866443356,0.00871986416819058,0.3541666666666667,0.3434343434343434,0.3487179487179487,0.1890512963411978,0.2,6.0,0.19894593556943913,170.0,170.90070175438595,0.00871986416819058,48.4777540541254
0.3971631205673759,0.5333333333333333,0.20884520884520885,0.45528455284552843,0.6622440622440622,0.6371506307197626,0.6495761864086629,0.6384795309838067,0.29328790293251705,0.73828125,0.5000828755186055,0.29523809523809524,0.3563218390804598,0.3229166666666667,0.16948083767305022,0.169921875,2.0,0.20231897067624177,182.4367816091954,153.223397175183,0.0042313032989228,0.3619047619047619,0.37254901960784315,0.36714975845410625,0.2068833807861243,0.19921875,2.0,0.267803710353082,190.7450980392157,141.8949720670391,0.0042313032989228,54.178420974407345
0.372972972972973,0.7040816326530612,0.29292929292929293,0.48763250883392223,0.7055761698618841,0.705573004163319,0.7055745870108261,0.7055723766446724,0.3387648117823903,0.7064777327935222,0.586216049353339,0.3469387755102041,0.3177570093457944,0.3317073170731707,0.15740602693395317,0.2165991902834008,0.0,0.2006058684701821,156.97196261682242,169.48656716417912,0.0012499138986232766,0.29591836734693877,0.29591836734693877,0.29591836734693877,0.12167594310451453,0.19838056680161945,0.0,0.17284863855718766,146.18367346938774,167.776849398818,0.0012499138986232766,48.982700776774436
0.391304347826087,0.63,0.23671497584541062,0.48275862068965514,0.6966425120772948,0.6902673277625603,0.6934475937065405,0.6894086448486587,0.33566595042190583,0.7373540856031129,0.5600352244371515,0.38,0.3877551020408163,0.3838383838383838,0.2368875446817248,0.19066147859922178,0.0,0.20150097201500972,199.3061224489796,188.5846982275073,0.0011083926472706968,0.4,0.39215686274509803,0.396039603960396,0.24837672191533836,0.19844357976653695,0.0,0.2160887321608873,201.56862745098042,185.10914289699423,0.0011083926472706968,54.47570655401796
0.3448275862068966,0.5714285714285714,0.285,0.43010752688172044,0.6432142857142857,0.6352026651860078,0.6391959234627741,0.6360642437271689,0.2445976955778116,0.6851485148514852,0.5097891714408626,0.29523809523809524,0.27927927927927926,0.28703703703703703,0.09333096275698524,0.2198019801980198,5.0,0.20329090781239012,141.03603603603602,152.49083362158424,0.007329385283651775,0.22857142857142856,0.2376237623762376,0.23300970873786409,0.036596252735569997,0.2,5.0,0.17083890021798748,120.0,140.48322700144064,0.007329385283651775,55.9258466870524
0.31521739130434784,0.5742574257425742,0.3118811881188119,0.40701754385964917,0.6311881188118812,0.6260531935546495,0.6286154130435634,0.6268200065399128,0.2180792987030697,0.6653465346534654,0.48076594023068775,0.24752475247524752,0.23148148148148148,0.23923444976076552,0.041049870802481916,0.21386138613861386,3.0,0.2004752788962968,116.89814814814815,124.703654922621,0.00493405766743418,0.2079207920792079,0.2079207920792079,0.2079207920792079,0.009900990099009901,0.2,3.0,0.17945078883094595,105.0,117.02372631966156,0.00493405766743418,51.41811700491235
0.39,0.3644859813084112,0.15885416666666666,0.37681159420289856,0.6028159073208723,0.5085895391323657,0.5537019635923114,0.5367977146964329,0.21079457533337279,0.7372708757637475,0.3846230332576598,0.19626168224299065,0.328125,0.24561403508771928,0.10334537988676921,0.13034623217922606,2.0,0.20427100176258942,161.10937500000003,102.80460671753548,0.004904980348245135,0.35514018691588783,0.3877551020408163,0.3707317073170731,0.2054289015318515,0.19959266802443992,2.0,0.5571530539410625,190.3877551020408,68.20387994143485,0.004904980348245135,52.78561356384307
0.3277777777777778,0.5841584158415841,0.3002481389578164,0.4199288256227758,0.6419551384418839,0.6367515643238485,0.6393480574996707,0.6373202734760233,0.237184096441449,0.6765873015873016,0.5402698154445597,0.3564356435643564,0.3103448275862069,0.3317972350230414,0.1501819713370437,0.23015873015873015,6.0,0.20083790767725265,156.41379310344828,179.24902931100112,0.009123310211022938,0.26732673267326734,0.27,0.26865671641791045,0.08650788458933695,0.1984126984126984,6.0,0.1520007339337319,136.08,177.6307212554069,0.009123310211022938,51.66013715788722
0.2909090909090909,0.6666666666666666,0.3759036144578313,0.40506329113924044,0.6453815261044176,0.6446795270690728,0.6450304310868693,0.6447433051485356,0.2293723420609319,0.6320939334637965,0.57438675029468,0.3541666666666667,0.22972972972972974,0.27868852459016397,0.06843323576133184,0.2896281800391389,2.0,0.20103890039980155,117.3918918918919,169.1214980403542,0.0032199510497653485,0.17708333333333334,0.16666666666666666,0.1717171717171717,-0.0271044671130477,0.19960861056751467,2.0,0.10237254501415356,85.16666666666667,166.06014823261117,0.0032199510497653485,49.700811352115124
0.30845771144278605,0.6458333333333334,0.34236453201970446,0.41750841750841744,0.6517344006568145,0.651680970002362,0.6517076847820201,0.6516844099362986,0.24357426798620954,0.6553784860557769,0.5787987586748733,0.3854166666666667,0.27205882352941174,0.31896551724137934,0.12527749648128322,0.27091633466135456,5.0,0.2020437530738265,136.57352941176472,183.12865128020195,0.006886859019413339,0.25,0.24,0.24489795918367346,0.061844310738164314,0.199203187250996,5.0,0.10697826918523107,120.48,224.34462795845394,0.006886859019413339,54.92541863908991
0.32673267326732675,0.6470588235294118,0.3425692695214106,0.4342105263157895,0.6522447770040005,0.6522035438437075,0.6522241600980125,0.6522061109875019,0.25015767274814443,0.655310621242485,0.5629103828288764,0.35294117647058826,0.28125,0.31304347826086953,0.1119224672147804,0.2565130260521042,2.0,0.20150837736530733,140.34375,178.65262214253698,0.003525363512103012,0.30392156862745096,0.31313131313131315,0.30845771144278605,0.13412576750966929,0.19839679358717435,2.0,0.12649595809059297,156.25252525252526,245.0671188861121,0.003525363512103012,51.955693796277046
0.3269230769230769,0.6415094339622641,0.3482587064676617,0.4331210191082802,0.6466253637473013,0.6465848878565726,0.6466051254852255,0.646588333123689,0.24233311369507446,0.6496062992125984,0.520918516054935,0.32075471698113206,0.2677165354330709,0.2918454935622318,0.08390631887040034,0.25,9.0,0.20031786189225131,136.0,169.73024611398964,0.012575158911791664,0.2169811320754717,0.22772277227722773,0.2222222222222222,0.0233676481138465,0.19881889763779528,9.0,0.1342966494761766,115.68316831683168,171.2626494384736,0.012575158911791664,51.16186577966437
0.2865853658536585,0.5,0.28398058252427183,0.3643410852713178,0.6080097087378642,0.5888223552894212,0.5983391251939523,0.5934013211710933,0.17950243669363783,0.6758893280632411,0.46584333337466843,0.2553191489361702,0.21621621621621623,0.23414634146341462,0.04149765333786619,0.21936758893280633,9.0,0.201785924790758,109.4054054054054,118.93792902000877,0.012224344061291614,0.24468085106382978,0.22772277227722773,0.2358974358974359,0.05386715609982256,0.19960474308300397,9.0,0.16609689968171637,115.22772277227722,138.4733853797019,0.012224344061291614,53.23026390001178
0.3507853403141361,0.6633663366336634,0.31,0.45890410958904104,0.6766831683168316,0.6764210988367838,0.6765521208873916,0.6764090365048492,0.29188940159373,0.6846307385229541,0.5811627799677499,0.38613861386138615,0.325,0.3529411764705882,0.1726241597521383,0.23952095808383234,7.0,0.2026185876797596,162.825,192.47987288135593,0.009750670534704527,0.297029702970297,0.3,0.29850746268656714,0.12248532261234601,0.1996007984031936,7.0,0.14415440751564385,150.3,208.11018210972395,0.009750670534704527,49.49091418692842
0.4421768707482993,0.5508474576271186,0.20759493670886076,0.49056603773584906,0.6716262604591289,0.6499065629542079,0.6606771636168304,0.6501188315533553,0.3194876514549501,0.7368421052631579,0.5121238086878706,0.3305084745762712,0.42391304347826086,0.37142857142857144,0.21537438101320783,0.1793372319688109,0.0,0.20085860970140446,217.46739130434784,194.16643408005876,0.0012549610055930442,0.3559322033898305,0.4117647058823529,0.3818181818181818,0.21513940770836198,0.19883040935672514,0.0,0.24107458987371652,211.23529411764707,174.21993758031942,0.0012549610055930442,54.52715723682195
0.40555555555555556,0.6576576576576577,0.2675,0.5017182130584193,0.6950788288288288,0.6930641738087909,0.6940707703355863,0.6927911708947467,0.33680720306676487,0.7162426614481409,0.616161174267281,0.45045045045045046,0.4166666666666667,0.43290043290043295,0.2679513628316327,0.23483365949119372,4.0,0.2004833093179635,212.91666666666669,249.39731975743058,0.0059805643517918,0.35135135135135137,0.38235294117647056,0.3661971830985916,0.1999855321652969,0.19960861056751467,4.0,0.1486401296829971,195.3823529411765,262.37867312935475,0.0059805643517918,50.37214775197208
0.324468085106383,0.6039603960396039,0.3182957393483709,0.42214532871972316,0.6428323283456165,0.6404817509795216,0.641655963305137,0.6407232643264851,0.23678131303885283,0.666,0.5238172649148829,0.33663366336633666,0.2809917355371901,0.30630630630630634,0.11116744024123766,0.242,5.0,0.2016474704767459,140.49586776859505,168.6110910274022,0.007173640472372066,0.25742574257425743,0.26,0.25870646766169153,0.07223054096719138,0.2,5.0,0.1436798367108908,130.0,180.95788939624558,0.007173640472372066,54.825870734173805
0.37423312883435583,0.5596330275229358,0.24817518248175183,0.44852941176470584,0.655728922520592,0.6416462418300654,0.6486493650614451,0.6425688935973352,0.273278537031751,0.7115384615384616,0.49628221770422065,0.29357798165137616,0.32323232323232326,0.3076923076923077,0.13535952330299608,0.19038461538461537,1.0,0.20288125602058862,168.08080808080808,157.7277301396074,0.0024262902999262325,0.3119266055045872,0.3269230769230769,0.3192488262910798,0.14410056360896153,0.2,1.0,0.22141388581369603,170.0,153.55857142857144,0.0024262902999262325,56.49048752011731
0.35135135135135137,0.5306122448979592,0.23703703703703705,0.42276422764227645,0.6467876039304611,0.6259202991702699,0.6362684107762826,0.6281724717244358,0.25516135061122686,0.7176938369781312,0.5018964199979264,0.2755102040816326,0.28421052631578947,0.27979274611398963,0.1088922916767468,0.18886679920477137,1.0,0.20004201680672268,142.95789473684212,134.97164461247638,0.002632329273657773,0.2857142857142857,0.28,0.2828282828282828,0.1071165039077979,0.1988071570576541,1.0,0.2203361344537815,140.84,127.07856598016782,0.002632329273657773,53.73901466699317
0.31210191082802546,0.532608695652174,0.26535626535626533,0.393574297188755,0.6336262151479544,0.6175212324292428,0.6255218951224979,0.6199548849519396,0.22317723991960198,0.6973947895791583,0.4876302350114299,0.29347826086956524,0.2727272727272727,0.28272251308900526,0.1133562673440902,0.19839679358717435,0.0,0.20326035724153624,136.0909090909091,132.83455941148247,0.001302685009852624,0.29347826086956524,0.2727272727272727,0.28272251308900526,0.1133562673440902,0.19839679358717435,0.0,0.20326035724153624,136.0909090909091,132.83455941148247,0.001302685009852624,52.82710852380842
0.3815028901734104,0.6407766990291263,0.2702020202020202,0.47826086956521735,0.685287339413553,0.682396293579951,0.6838402887027603,0.6821552960314866,0.3151447630580133,0.7114228456913828,0.5601498501607094,0.33980582524271846,0.3333333333333333,0.33653846153846156,0.16188726261037487,0.21042084168336672,0.0,0.20115731810817067,166.33333333333334,173.99317275237803,0.0011408821809965118,0.3106796116504854,0.32323232323232326,0.3168316831683169,0.1435943248557105,0.19839679358717435,0.0,0.18163721935035876,161.2929292929293,176.17534618978848,0.0011408821809965118,48.88069537607953
0.4188034188034188,0.49,0.17302798982188294,0.45161290322580644,0.6584860050890585,0.615375697973221,0.63656600992142,0.6191859474351021,0.29959208533246257,0.7586206896551724,0.4708077067751818,0.24,0.3380281690140845,0.2807017543859649,0.1378996173023566,0.1440162271805274,0.0,0.20127885266758092,166.64788732394365,119.23756361845346,0.0014355262122032362,0.4,0.40816326530612246,0.4040404040404041,0.25433364258509844,0.19878296146044624,0.0,0.36714967863456865,201.22448979591837,108.94739210656587,0.0014355262122032362,48.24516034498811
0.34265734265734266,0.44954128440366975,0.24802110817941952,0.3888888888888889,0.6007600881121251,0.5626964300104763,0.5814168529321041,0.5730812327394654,0.18440547960244066,0.6844262295081968,0.4236072538275424,0.24770642201834864,0.28125,0.2634146341463415,0.06878253553569108,0.19672131147540983,0.0,0.20152371220772977,137.25,133.9792707478935,0.0011973977614580184,0.24770642201834864,0.27835051546391754,0.26213592233009714,0.06576079703764014,0.1987704918032787,0.0,0.205490773576967,135.83505154639175,131.392760511883,0.0011973977614580184,47.06935436790809
0.3480392156862745,0.6698113207547169,0.31894484412470026,0.4580645161290323,0.6754332383150083,0.6753864447086801,0.6754098411066011,0.6753845525121503,0.28916945110023584,0.6787762906309751,0.5652073822369785,0.33962264150943394,0.26277372262773724,0.2962962962962963,0.08906337111046184,0.26195028680688337,7.0,0.20248307332177726,137.43065693430657,177.79263920392185,0.009226031460756658,0.22641509433962265,0.23076923076923078,0.22857142857142856,0.03481598711766236,0.1988527724665392,7.0,0.12203505340978117,120.69230769230768,196.66480514750518,0.009226031460756658,56.34577853418887
0.36538461538461536,0.5588235294117647,0.24444444444444444,0.441860465116279,0.6571895424836601,0.6424664346096469,0.6497862896539309,0.6433560847144276,0.273064589708196,0.7159763313609467,0.5197503304989155,0.3235294117647059,0.3173076923076923,0.32038834951456313,0.14715244050904708,0.20512820512820512,0.0,0.20291923451183913,160.875,162.6262787723785,0.0011321550194775575,0.3137254901960784,0.31683168316831684,0.3152709359605911,0.14388552371668656,0.1992110453648915,0.0,0.1916639636717483,160.63366336633663,166.95887629040448,0.0011321550194775575,54.503793607931584
0.3687150837988827,0.6111111111111112,0.2832080200501253,0.4599303135888502,0.663951545530493,0.6597462514417533,0.6618455584973743,0.6598225826704933,0.2809185376046287,0.6942800788954635,0.540660394946594,0.3333333333333333,0.32142857142857145,0.32727272727272727,0.14099143358775545,0.22090729783037474,1.0,0.20170009802630617,162.96428571428572,178.48280864645292,0.0022064792592075082,0.3055555555555556,0.32673267326732675,0.3157894736842105,0.13852391616210288,0.1992110453648915,1.0,0.1683565231385975,165.65346534653466,196.01260102546274,0.0022064792592075082,52.759819521103054
0.3137254901960784,0.6808510638297872,0.3508771929824561,0.42953020134228187,0.6649869354236656,0.6646084760033679,0.6647976787821032,0.6646115326864784,0.26318790129666636,0.6551724137931034,0.5680650885005978,0.3617021276595745,0.2698412698412698,0.3090909090909091,0.1180918279365939,0.25557809330628806,1.0,0.20133520730850316,133.03174603174602,168.87260034904014,0.0023212061862087022,0.24468085106382978,0.23469387755102042,0.23958333333333331,0.05582201763408704,0.19878296146044624,1.0,0.12697854967707392,115.70408163265306,181.13295559362234,0.0023212061862087022,51.000487512908876
0.3656716417910448,0.494949494949495,0.20833333333333334,0.4206008583690987,0.6433080808080809,0.6090938828917238,0.6259672649867698,0.613684849876718,0.2576567588528269,0.7337278106508875,0.4983615123786529,0.2828282828282828,0.3373493975903614,0.30769230769230765,0.15858382915619737,0.16370808678500987,0.0,0.20326002837611248,171.03614457831324,137.75458078845085,0.001284464930671362,0.3434343434343434,0.33663366336633666,0.34,0.17787183854444003,0.1992110453648915,0.0,0.29548239391203407,170.67326732673268,115.06607737218312,0.001284464930671362,51.04002715181559
0.3005464480874317,0.6395348837209303,0.29836829836829837,0.4089219330855019,0.670583292676316,0.6691457327054828,0.6698641270570836,0.6691233299813379,0.2658580247644361,0.6912621359223301,0.5384145175559829,0.32558139534883723,0.25925925925925924,0.288659793814433,0.1274382190692465,0.20970873786407768,1.0,0.20299705567843906,133.5185185185185,137.93303506999567,0.002322605088159697,0.313953488372093,0.2621359223300971,0.2857142857142857,0.12755227606769018,0.2,1.0,0.1879531838223446,135.0,143.65279401449615,0.002322605088159697,54.36963468790054
0.28191489361702127,0.6022727272727273,0.3333333333333333,0.38405797101449274,0.634469696969697,0.6328358208955224,0.6336522323129238,0.6330544355206174,0.21202858997473445,0.6551724137931034,0.4844323261575949,0.2840909090909091,0.22727272727272727,0.25252525252525254,0.06825918508401976,0.2231237322515213,1.0,0.2027309674018399,112.04545454545455,123.3161382318403,0.00265757436460335,0.22727272727272727,0.20408163265306123,0.2150537634408602,0.03327653035711148,0.19878296146044624,1.0,0.16664682775860018,100.61224489795919,120.0142857142857,0.00265757436460335,52.150203455239534
0.33727810650887574,0.5428571428571428,0.29473684210526313,0.41605839416058393,0.6240601503759398,0.6134939759036145,0.6187545093630775,0.6153901990777422,0.21446767965389635,0.6701030927835051,0.4810957723460709,0.3142857142857143,0.2972972972972973,0.3055555555555555,0.10688223301096052,0.2288659793814433,1.0,0.2012024508186136,144.1891891891892,164.01390671801454,0.0022555679141518224,0.2571428571428571,0.27835051546391754,0.26732673267326734,0.07509392614826382,0.2,1.0,0.15791135153750124,135.0,170.98200817810087,0.0022555679141518224,52.58807309484109
0.3048780487804878,0.5050505050505051,0.28428927680798005,0.3802281368821293,0.6103806141212624,0.5922043620906671,0.6012238037687728,0.5963941307049883,0.18737904559367546,0.674,0.4477989395553913,0.25252525252525254,0.2631578947368421,0.2577319587628866,0.0791920445383225,0.19,1.0,0.2007965534341681,131.57894736842104,124.50412904221656,0.0025888916439375156,0.2727272727272727,0.27,0.271356783919598,0.09034054817857354,0.2,1.0,0.2181688569303248,135.0,123.75735189657622,0.0025888916439375156,52.583161572925746
0.4,0.6336633663366337,0.22966507177033493,0.4904214559386973,0.7019991472831495,0.6953470324256841,0.6986651729038014,0.6942643508232311,0.3463547467367756,0.74373795761079,0.5881516762220159,0.40594059405940597,0.422680412371134,0.4141414141414142,0.2762018747917021,0.18689788053949905,3.0,0.20014606884288072,219.37113402061854,204.85038870379185,0.0053936382167095315,0.42574257425742573,0.4174757281553398,0.4215686274509804,0.28011959535434555,0.19845857418111754,3.0,0.2227391083449765,216.66990291262135,193.05096585644023,0.0053936382167095315,58.27549778157845
0.3693181818181818,0.6190476190476191,0.27611940298507465,0.4626334519572954,0.6714641080312722,0.6673723207197672,0.6694150880110625,0.6673089712224554,0.29190434904097756,0.7021696252465484,0.5536374787899847,0.3523809523809524,0.3490566037735849,0.35071090047393366,0.1801087532155,0.20907297830374755,1.0,0.20091907495271907,176.97169811320754,184.15374452976633,0.0023622469016502303,0.3238095238095238,0.33663366336633666,0.3300970873786408,0.15943314661784277,0.1992110453648915,1.0,0.18389793954676664,170.67326732673268,184.8851601262968,0.0023622469016502303,51.381651795934886
0.2928870292887029,0.6730769230769231,0.42039800995024873,0.40816326530612246,0.6263394565633373,0.6228519055984114,0.6245932468990903,0.6234278389239445,0.2045239233736867,0.5988142292490118,0.5174984026726195,0.25961538461538464,0.18243243243243243,0.2142857142857143,-0.03675733665156508,0.2924901185770751,4.0,0.20037188545927853,92.31081081081082,134.74944320712694,0.005684482381007677,0.15384615384615385,0.15841584158415842,0.15609756097560973,-0.058228900261585795,0.19960474308300397,4.0,0.1077277798438081,80.15841584158416,148.52250759458713,0.005684482381007677,49.509354079607874
0.4117647058823529,0.5233644859813084,0.19607843137254902,0.46090534979423864,0.6636430273043797,0.6339914400110451,0.648647823193752,0.6355633357678032,0.30120377596638653,0.7456310679611651,0.5305834582078339,0.32710280373831774,0.39325842696629215,0.35714285714285715,0.20897740278367588,0.17281553398058253,0.0,0.20163665106475312,202.52808988764045,173.57955418908531,0.0012653469893462994,0.37383177570093457,0.3883495145631068,0.38095238095238093,0.22255173404526205,0.2,0.0,0.25933790025107717,200.0,154.23892906233192,0.0012653469893462994,52.97858154308051
0.25650557620817843,0.7340425531914894,0.4784688995215311,0.38016528925619836,0.6277868268349791,0.6098025702355373,0.618729359707443,0.6129174175177559,0.19814762559699742,0.560546875,0.5732908196056297,0.30851063829787234,0.18125,0.2283464566929134,-0.0040814815528343144,0.3125,3.0,0.20107629452313674,92.8,144.2238632295023,0.004275213841543528,0.18085106382978725,0.16666666666666666,0.17346938775510204,-0.02180761558890694,0.19921875,3.0,0.093752812224402,85.33333333333333,181.32789402956422,0.004275213841543528,50.397578191012144
0.3439153439153439,0.6632653061224489,0.3229166666666667,0.45296167247386754,0.6701743197278911,0.6701030927835051,0.670138705309387,0.6701019644860557,0.280567883891451,0.6742738589211619,0.5658061530374399,0.37755102040816324,0.3135593220338983,0.3425925925925926,0.1559542431258197,0.24481327800829875,13.0,0.20097051967205315,151.135593220339,184.10660459244062,0.018297064745859095,0.2755102040816326,0.28125,0.27835051546391754,0.09656456834820656,0.1991701244813278,13.0,0.13514327851694444,135.5625,199.78796057263554,0.018297064745859095,46.51625602506101
0.3787878787878788,0.5208333333333334,0.1920374707259953,0.43859649122807015,0.6643979313036691,0.6333761703690104,0.6487016396851566,0.6349800795797016,0.2930222195707448,0.7552581261950286,0.5176323446630859,0.2604166666666667,0.2976190476190476,0.2777777777777778,0.12888516906361605,0.16061185468451242,0.0,0.200456460084915,155.65476190476193,124.7153620761825,0.001342000222236148,0.34375,0.3173076923076923,0.32999999999999996,0.17213126582430593,0.1988527724665392,0.0,0.2913960630317676,165.95192307692307,113.24792674498963,0.001342000222236148,57.31870203092694
0.3271604938271605,0.5196078431372549,0.27114427860696516,0.40151515151515155,0.6242317822651449,0.6066963588060635,0.615401616305387,0.6099385662510765,0.21374957681078907,0.6865079365079365,0.45833973212084567,0.2647058823529412,0.2523364485981308,0.2583732057416268,0.06455016202932727,0.2123015873015873,0.0,0.2022119690595739,127.17757009345794,133.52325347292128,0.0011209819341858967,0.23529411764705882,0.24,0.2376237623762376,0.04658375982916821,0.1984126984126984,0.0,0.17701180621522594,120.96000000000001,135.58417663293469,0.0011209819341858967,49.447036614175886
0.31137724550898205,0.5252525252525253,0.28117359413202936,0.3909774436090226,0.622039465560248,0.6069797911621075,0.6144634935456689,0.6098437782014573,0.2058136235917301,0.6811023622047244,0.49415670995457706,0.31313131313131315,0.29523809523809524,0.30392156862745096,0.12932152564585592,0.20669291338582677,5.0,0.20379085391580928,149.98095238095237,152.11673833412965,0.007333573217664108,0.31313131313131315,0.3069306930693069,0.31,0.14091433187499267,0.19881889763779528,5.0,0.1887962091460842,155.92079207920793,164.19821213684028,0.007333573217664108,49.86951571004465
0.37777777777777777,0.6732673267326733,0.2909090909090909,0.48398576512455516,0.6911791179117912,0.6907149368407345,0.6909469883964163,0.6906601068775906,0.3212658290855093,0.7016460905349794,0.5633304195804192,0.33663366336633666,0.30357142857142855,0.3192488262910798,0.12914230776652422,0.23045267489711935,2.0,0.2002116071738301,147.53571428571428,169.820324005891,0.003806231041115004,0.25742574257425743,0.26804123711340205,0.26262626262626265,0.07411629019505889,0.19958847736625515,2.0,0.156138342526104,130.2680412371134,166.51899577871583,0.003806231041115004,49.901823984924704
0.28695652173913044,0.7857142857142857,0.41624365482233505,0.42038216560509556,0.6847353154459752,0.6698437913688113,0.6772486247918492,0.6689583504098057,0.2814348776666274,0.6192468619246861,0.6093031267851168,0.35714285714285715,0.2158273381294964,0.26905829596412556,0.06745889411588073,0.2907949790794979,9.0,0.20147830636043,103.16546762589928,148.8994053103275,0.012974721910226802,0.17857142857142858,0.15789473684210525,0.1675977653631285,-0.023341893075146933,0.19874476987447698,9.0,0.10710970855763877,75.47368421052632,140.0433275563258,0.012974721910226802,55.763252234086394
0.4318181818181818,0.5757575757575758,0.1918158567774936,0.49350649350649356,0.6919708594900411,0.6724533796270372,0.6821423187777633,0.6707774632270955,0.34749039284936833,0.7612244897959184,0.5751950746298099,0.35353535353535354,0.4166666666666667,0.3825136612021858,0.24313571535865042,0.17142857142857143,0.0,0.2031182473986902,204.16666666666666,172.31342062193127,0.0013112894504565564,0.40404040404040403,0.40816326530612246,0.40609137055837563,0.2566760824054916,0.2,0.0,0.26879093115255476,200.0,148.81454455506773,0.0013112894504565564,49.0418540709652
0.2198581560283688,0.6458333333333334,0.5378973105134475,0.3280423280423281,0.553968011409943,0.5387338513171808,0.5462978311263907,0.5446059154779359,0.08528775762956886,0.497029702970297,0.5030189015795303,0.3125,0.16574585635359115,0.21660649819494585,-0.04638911603628283,0.3584158415841584,1.0,0.20092582882653442,83.70165745856355,149.30882791529973,0.002115027460559422,0.10416666666666667,0.09900990099009901,0.10152284263959392,-0.11607282793786439,0.2,1.0,0.07077047534868391,50.0,141.30186282811178,0.002115027460559422,51.745584652759135
0.3719512195121951,0.5446428571428571,0.2647814910025707,0.44202898550724634,0.6399306830701432,0.6257420060615841,0.6327965781866012,0.6275356624262097,0.24847911257936087,0.6926147704590818,0.4912921035782447,0.29464285714285715,0.3142857142857143,0.304147465437788,0.11214124668185821,0.20958083832335328,8.0,0.20088741594883663,157.45714285714286,164.27111595882474,0.012672755036345462,0.25892857142857145,0.29,0.27358490566037735,0.07964486800496536,0.1996007984031936,8.0,0.18578217225181798,145.29,156.09678608285418,0.012672755036345462,51.15976684493944
