0.1700404858299595,0.84,0.34628378378378377,0.2828282828282828,0.746858108108108,0.7352422309675669,0.7410274094941574,0.7302663731460106,0.27194195979301733,0.6682242990654206,0.6011321160561613,0.36,0.125,0.18556701030927836,0.09454663970299167,0.22429906542056074,35.0,0.20142139859800617,80.25,89.36488439306358,0.04102644374467418,0.3,0.1171875,0.16853932584269662,0.07319309678873753,0.19937694704049844,35.0,0.16675964780362384,75.234375,89.94981818181817,0.04102644374467418,53.2287321719341
0.20689655172413793,0.7368421052631579,0.2733446519524618,0.3230769230769231,0.7317487266553481,0.7317132739040175,0.7317310000649697,0.7317003761525751,0.2831995411867921,0.7275541795665634,0.5489501989033099,0.2982456140350877,0.13821138211382114,0.18888888888888886,0.08544790351766338,0.19040247678018576,18.0,0.20220454981557684,89.28455284552845,84.07328131590046,0.021421870669253565,0.3333333333333333,0.14728682170542637,0.20430107526881722,0.10399636583847414,0.1996904024767802,18.0,0.2197514018293073,95.14728682170542,86.46133695546716,0.021421870669253565,58.08825974771753
0.17553191489361702,0.7333333333333333,0.268630849220104,0.2832618025751073,0.7323512420566147,0.7323499250611343,0.7323505835585785,0.7323494402548116,0.2621472873801865,0.7315112540192926,0.5721104805415155,0.28888888888888886,0.11206896551724138,0.16149068322981366,0.07341381102574865,0.1864951768488746,41.0,0.20177950501124975,69.70689655172414,64.42676127724278,0.05676011474015755,0.3333333333333333,0.12096774193548387,0.17751479289940827,0.09365082127686979,0.19935691318327975,41.0,0.2279351605645326,75.24193548387096,65.80818844643859,0.05676011474015755,52.82138425204903
0.1837837837837838,0.7391304347826086,0.253781512605042,0.2943722943722944,0.7426744610887833,0.742657549072662,0.7426660050325825,0.7426500571237542,0.27645419388367043,0.7457098283931357,0.5728842196170086,0.2826086956521739,0.12149532710280374,0.16993464052287582,0.08625450821219374,0.1669266770670827,30.0,0.2024022621734506,77.8785046728972,64.22853114586003,0.040680305708609386,0.3695652173913043,0.1328125,0.19540229885057472,0.11815441808259931,0.1996879875195008,30.0,0.27270604716320335,85.1328125,62.33818493150685,0.040680305708609386,57.668264533858746
0.17721518987341772,0.84,0.3271812080536913,0.29268292682926833,0.7564093959731542,0.7471718202386762,0.7517764197119375,0.7424659800109189,0.28433887206707964,0.6857585139318886,0.5716572636421567,0.34,0.12878787878787878,0.18681318681318682,0.09745311288692642,0.2043343653250774,2.0,0.2009442382674872,83.1969696969697,84.60058445353594,0.003038381104704815,0.3,0.11627906976744186,0.1675977653631285,0.07267695975443883,0.1996904024767802,2.0,0.19335744820782638,75.11627906976744,77.5765306122449,0.003038381104704815,54.588184863794595
0.18253968253968253,0.8846153846153846,0.346218487394958,0.3026315789473684,0.7691984486102134,0.751880331106349,0.7604900947596471,0.7419487933747371,0.30016764979206945,0.6723338485316847,0.616352357224379,0.28846153846153844,0.10869565217391304,0.15789473684210525,0.05424881304002735,0.2132921174652241,2.0,0.20122012705455278,70.32608695652173,74.54522676021048,0.0030872742994053114,0.25,0.10077519379844961,0.143646408839779,0.03745370265134254,0.19938176197836166,2.0,0.1813300393264092,65.2015503875969,71.6924787988322,0.0030872742994053114,57.039534175768495
0.25471698113207547,0.5294117647058824,0.13527397260273974,0.3439490445859873,0.6970688960515712,0.6567444548804278,0.6766063346965433,0.653768621539758,0.2872491963820027,0.8377952755905512,0.5220193706664069,0.19607843137254902,0.13157894736842105,0.15748031496062992,0.06954973564569061,0.11968503937007874,21.0,0.20237810230628042,83.55263157894737,49.412460567823345,0.031208398447440895,0.5490196078431373,0.2204724409448819,0.3146067415730337,0.2578508096196094,0.2,21.0,0.5196446146889049,140.0,53.882979267980545,0.031208398447440895,53.088418876286596
0.24793388429752067,0.5769230769230769,0.15166666666666667,0.34682080924855485,0.7126282051282051,0.6867860034181883,0.6995877907189897,0.6821974979503667,0.2963385968187132,0.8266871165644172,0.5604815402333816,0.28846153846153844,0.17857142857142858,0.22058823529411764,0.14027060819243106,0.12883435582822086,2.0,0.20484406762853885,116.42857142857142,73.22643107830086,0.003143491180506317,0.5961538461538461,0.23846153846153847,0.34065934065934067,0.2923496875226648,0.19938650306748465,2.0,0.5805691903416134,155.4769230769231,53.39587514411375,0.003143491180506317,57.55735804932192
0.15891472868217055,0.8367346938775511,0.35927152317880795,0.2671009771986971,0.7387315853493714,0.72573009810872,0.7322019843674351,0.720955570248681,0.25730485821544286,0.655436447166922,0.5968718550223278,0.2653061224489796,0.08666666666666667,0.1306532663316583,0.024103360299913106,0.22970903522205208,49.0,0.20039877777202342,56.593333333333334,64.87065512340095,0.05826256979562728,0.22448979591836735,0.08461538461538462,0.1229050279329609,0.018123894091665742,0.1990811638591118,49.0,0.15992542337769952,55.253846153846155,68.78205958549222,0.05826256979562728,58.29890125896782
0.1935483870967742,0.6923076923076923,0.25295109612141653,0.3025210084033613,0.7196782980931379,0.7186373467916366,0.7191576341006004,0.7183452350464812,0.26404828713707773,0.7426356589147287,0.5407929360553778,0.28846153846153844,0.13274336283185842,0.18181818181818182,0.08823588320659367,0.17519379844961241,13.0,0.20218657843630872,85.61946902654867,74.1889007470651,0.016451025293185845,0.36538461538461536,0.14728682170542637,0.2099447513812155,0.12243608703305049,0.2,13.0,0.2563235752475485,95.0,74.12505846038724,0.016451025293185845,56.05515643116087
0.17488789237668162,0.9285714285714286,0.3092436974789916,0.2943396226415094,0.8096638655462185,0.7922010527096153,0.8008848647756123,0.7755743940112843,0.3222189309643725,0.706436420722135,0.6863731295417038,0.2857142857142857,0.08823529411764706,0.1348314606741573,0.046820460072757655,0.21350078492935637,6.0,0.20208355479961732,56.205882352941174,59.38137822198843,0.0074877020502618465,0.2619047619047619,0.08661417322834646,0.1301775147928994,0.04158396191185317,0.19937205651491366,6.0,0.18047730413521845,55.17322834645669,60.94949197467236,0.0074877020502618465,57.90859320387244
0.1976284584980237,0.8620689655172413,0.33553719008264465,0.3215434083601286,0.7632658877172982,0.7504760482395549,0.7568439516638379,0.7434749756826434,0.30624152623244894,0.6817496229260935,0.6144567133710706,0.27586206896551724,0.1095890410958904,0.1568627450980392,0.04158152277776013,0.22021116138763197,30.0,0.20164657872259656,72.65753424657534,79.34674667607955,0.03451790079374111,0.20689655172413793,0.09090909090909091,0.12631578947368421,0.006049163798919571,0.19909502262443438,30.0,0.17118249976274083,60.27272727272727,70.1006237006237,0.03451790079374111,56.680714500602335
0.16203703703703703,0.7291666666666666,0.2981878088962109,0.26515151515151514,0.7154894288852278,0.7152279759192192,0.715358690457577,0.7151608666117244,0.23889760414984393,0.7038167938931298,0.5437393707777305,0.2708333333333333,0.09848484848484848,0.14444444444444446,0.04858525158962075,0.2015267175572519,8.0,0.20028161619054438,64.50757575757576,64.90860343183985,0.009065880662725352,0.2708333333333333,0.09923664122137404,0.14525139664804468,0.04979708964675752,0.2,8.0,0.1977995751891363,65.0,65.72309362934364,0.009065880662725352,58.63466830318794
0.14285714285714285,0.4857142857142857,0.16293929712460065,0.22077922077922077,0.6613874942948426,0.6147263818922089,0.6376302544552153,0.6185298108201467,0.18812561784605572,0.8184568835098336,0.488313564471469,0.2,0.08045977011494253,0.11475409836065573,0.047826623122033736,0.13161875945537066,35.0,0.20488986276092722,53.183908045977006,34.16469661150512,0.04928198067846096,0.5428571428571428,0.14393939393939395,0.2275449101796407,0.20296904651425665,0.19969742813918306,35.0,0.569253834621151,95.14393939393939,33.377025931928685,0.04928198067846096,59.13419810216874
0.15040650406504066,0.8409090909090909,0.3572649572649573,0.25517241379310346,0.7418220668220668,0.7285867658226192,0.7351746326429799,0.7234605208610319,0.2527919588024935,0.6565977742448331,0.5985460403899844,0.2727272727272727,0.08955223880597014,0.1348314606741573,0.03998073492534949,0.21303656597774245,16.0,0.202235880046625,56.32835820895522,59.33665182080168,0.019778746108617892,0.25,0.088,0.1301775147928994,0.03523772398576831,0.1987281399046105,16.0,0.18043340044505668,55.352,60.964322419615335,0.019778746108617892,51.105472166091204
0.19767441860465115,0.7391304347826086,0.23429541595925296,0.3119266055045871,0.7524175094116778,0.7521828705974688,0.7523001808567334,0.7520612253032716,0.294463396522266,0.7637795275590551,0.581178307201519,0.2826086956521739,0.13,0.1780821917808219,0.09600059550768285,0.15748031496062992,20.0,0.2003160703645172,82.55,64.89743921365753,0.027623803235896326,0.41304347826086957,0.14960629921259844,0.21965317919075145,0.1488433791505051,0.2,20.0,0.2996450685250913,95.0,63.40835206640152,0.027623803235896326,56.675775506999344
0.19915254237288135,0.8545454545454545,0.3197969543147208,0.3230240549828179,0.7673742501153669,0.7574718864634074,0.7624069916116519,0.7515778625178906,0.3099393590258635,0.695046439628483,0.5752282379008242,0.21818181818181817,0.08823529411764706,0.12565445026178013,0.005728478357081007,0.21052631578947367,34.0,0.2012980769230769,57.0,59.61308812992596,0.040707571743272206,0.21818181818181817,0.09302325581395349,0.13043478260869565,0.014110751953896855,0.1996904024767802,34.0,0.18492788461538462,60.093023255813954,64.89015988561029,0.040707571743272206,54.72661067917943
0.17703349282296652,0.7551020408163265,0.29152542372881357,0.2868217054263566,0.7317883085437564,0.7310455662696161,0.7314168431263085,0.7307769669097828,0.26292882276739393,0.7120500782472613,0.5676773610089311,0.24489795918367346,0.10084033613445378,0.14285714285714285,0.043432012931680815,0.18622848200312989,3.0,0.20025464731347084,64.43697478991596,59.923702950152595,0.004326732827147077,0.2653061224489796,0.10236220472440945,0.14772727272727273,0.048065872247476514,0.19874804381846636,3.0,0.22274000509294628,65.40944881889763,58.36401051789185,0.004326732827147077,51.347429503221065
0.21428571428571427,0.6666666666666666,0.22602739726027396,0.3243243243243243,0.7203196347031963,0.716323296354992,0.7183186863501584,0.7152198256344335,0.2784728965252808,0.7648902821316614,0.5062755487233117,0.2222222222222222,0.11764705882352941,0.15384615384615383,0.051730716399333174,0.15987460815047022,24.0,0.20079273246510254,75.05882352941177,59.763119176066695,0.03384688944848069,0.3148148148148148,0.13385826771653545,0.1878453038674033,0.08815349505746255,0.19905956112852666,24.0,0.2972992934341072,85.4015748031496,57.18143424975157,0.03384688944848069,58.74131911993027
0.17164179104477612,0.8679245283018868,0.3687707641196013,0.2866043613707165,0.7495768820911428,0.7308914534203044,0.740175206827313,0.7230200307841435,0.27685199120365483,0.650381679389313,0.6278874727244592,0.33962264150943394,0.125,0.18274111675126903,0.08581369619610728,0.2198473282442748,7.0,0.2020770229337949,81.875,89.07494646680942,0.008308616353679917,0.3018867924528302,0.12213740458015267,0.1739130434782609,0.0755783816284334,0.2,7.0,0.17522335632652022,80.0,91.31202789076119,0.008308616353679917,56.476244774181396
0.17509727626459143,0.8333333333333334,0.3569023569023569,0.2893890675241158,0.7382154882154883,0.72595971113645,0.7320619526934652,0.721470764424778,0.2691752670443744,0.6589506172839507,0.5860555819136508,0.24074074074074073,0.08666666666666667,0.12745098039215688,0.006619033923214951,0.23148148148148148,36.0,0.2003492130907718,56.16,64.88670356848428,0.042600490523793416,0.2222222222222222,0.09302325581395349,0.13114754098360654,0.017478991952118474,0.19907407407407407,36.0,0.15853802411457965,60.27906976744186,75.69162077690132,0.042600490523793416,51.391537613235414
0.15695067264573992,0.7608695652173914,0.31918505942275044,0.26022304832713755,0.7208422528973204,0.7186195949924479,0.7197300659486973,0.7179871749387768,0.23985439916095289,0.6866141732283465,0.5266636674866552,0.21739130434782608,0.07874015748031496,0.11560693641618497,0.012150479930653478,0.2,18.0,0.2010989010989011,50.0,49.72677595628415,0.022443623118538755,0.21739130434782608,0.07874015748031496,0.11560693641618497,0.012150479930653478,0.2,18.0,0.2010989010989011,50.0,49.72677595628415,0.022443623118538755,53.00981649616733
0.15789473684210525,0.8297872340425532,0.3449419568822554,0.26530612244897955,0.7424226385801489,0.7321420084596739,0.7372644042241567,0.7280097986023721,0.25870793823194316,0.6676923076923077,0.610659764589589,0.2765957446808511,0.08843537414965986,0.13402061855670103,0.033662967188472906,0.22615384615384615,27.0,0.20090706356962088,57.482993197278915,64.70653529558494,0.030972423802612482,0.2127659574468085,0.07692307692307693,0.11299435028248588,0.008910122481167482,0.2,27.0,0.16472474880352803,50.0,60.70733191359903,0.030972423802612482,55.13142732810229
0.168141592920354,0.8085106382978723,0.3102310231023102,0.2783882783882784,0.7491398075977811,0.7444345503116652,0.746783473163153,0.7422099077348061,0.2707012145716617,0.6983154670750383,0.5754157175144208,0.23404255319148937,0.08148148148148149,0.1208791208791209,0.018777034899244472,0.20673813169984687,4.0,0.2013250976665611,53.20740740740741,54.637996591058084,0.005306680520515354,0.23404255319148937,0.08461538461538462,0.12429378531073447,0.024383270708842233,0.1990811638591118,4.0,0.18918276845106113,55.253846153846155,58.14483047300126,0.005306680520515354,56.46842655725777
0.022988505747126436,0.0851063829787234,0.2833333333333333,0.03619909502262444,0.40088652482269505,0.1521450685537373,0.2469674225508669,0.32275997303612813,-0.11603314381226076,0.6707882534775889,0.44811809564600313,0.0851063829787234,0.022988505747126436,0.03619909502262444,-0.11603314381226076,0.2689335394126739,169.0,0.22426912294753704,14.873563218390803,17.835714285714285,0.19798050550923857,0.0,0.0,0.0,-0.13967004692389134,0.19938176197836166,169.0,0.040298358029635564,0.0,0.0,0.19798050550923857,53.85391945298761
0.19886363636363635,0.7954545454545454,0.2315270935960591,0.3181818181818182,0.7819637259292431,0.7817309757319779,0.781847342169608,0.7815467578127473,0.31859774500262017,0.7702909647779479,0.6113489702361603,0.3181818181818182,0.1320754716981132,0.18666666666666665,0.1136063243758166,0.16232771822358347,31.0,0.20196211096075778,86.24528301886792,69.31993299832496,0.04328975117888885,0.4090909090909091,0.13846153846153847,0.20689655172413796,0.1413669215247554,0.1990811638591118,31.0,0.2904987434757394,90.41538461538462,61.96240226251872,0.04328975117888885,53.28053775476292
0.2,0.34285714285714286,0.08135593220338982,0.2526315789473684,0.6307506053268764,0.4993474088291746,0.5612162510008145,0.5317823570183626,0.2040957130959336,0.8864,0.5018662578508859,0.22857142857142856,0.17777777777777778,0.2,0.14752998360927116,0.072,17.0,0.2021315383536671,111.11111111111111,39.578187872901346,0.0393333894264479,0.4,0.112,0.17500000000000002,0.12178057511186367,0.2,17.0,0.49384378067592205,70.0,28.34904588823262,0.0393333894264479,55.18136276490986
0.18478260869565216,0.34,0.11942675159235669,0.23943661971830985,0.6102866242038216,0.4905808067630329,0.5471699045621924,0.5257306941220514,0.16833520084649514,0.8407079646017699,0.447297573628229,0.16,0.11594202898550725,0.13445378151260504,0.054343691054412835,0.10176991150442478,33.0,0.20230070339976552,78.6086956521739,39.54509235784136,0.05112151888009351,0.38,0.14074074074074075,0.20540540540540542,0.12781167402747132,0.19911504424778761,33.0,0.51357952325127,95.42222222222222,36.99524443599011,0.05112151888009351,54.10673554474488
0.1724137931034483,0.7843137254901961,0.31735537190082647,0.2826855123674912,0.7334791767946849,0.7299560347303539,0.731715485315387,0.7286745486632056,0.2615254774879131,0.6905487804878049,0.5681304977553774,0.23529411764705882,0.08571428571428572,0.12565445026178013,0.01550455967926151,0.21341463414634146,2.0,0.20129245492440126,56.22857142857143,59.61475309398358,0.0030142078900871885,0.23529411764705882,0.0916030534351145,0.13186813186813187,0.025854353742062988,0.19969512195121952,2.0,0.17983375675209037,60.09160305343511,66.72829515841448,0.0030142078900871885,58.51705208001658
0.16981132075471697,0.782608695652174,0.29982964224872233,0.27906976744186046,0.7413895267017258,0.739097857035816,0.7402428050403755,0.7381252268955198,0.2655445588659777,0.7061611374407583,0.5957652340356457,0.32608695652173914,0.12096774193548387,0.17647058823529413,0.09183031714800265,0.19589257503949448,41.0,0.20010373187779396,76.57258064516128,74.96112071093557,0.052341054775979765,0.3695652173913043,0.1349206349206349,0.19767441860465118,0.11954517005367088,0.1990521327014218,41.0,0.2053891180320581,85.4047619047619,82.76972101972102,0.052341054775979765,52.731913655065
0.18137254901960784,0.74,0.2797319932998325,0.29133858267716534,0.7301340033500836,0.7300006882470348,0.7300673427555323,0.729953718711498,0.26452456505798577,0.7217928902627512,0.5778843727759941,0.3,0.12195121951219512,0.17341040462427745,0.08104929436399659,0.1901081916537867,35.0,0.20039476680922136,78.90243902439025,74.8522540724839,0.04588888416500965,0.34,0.13178294573643412,0.1899441340782123,0.10185539423682172,0.19938176197836166,35.0,0.21757724523622746,85.26356589147287,78.13317050476854,0.04588888416500965,56.33391469810158
0.20833333333333334,0.7843137254901961,0.24958949096880131,0.3292181069958848,0.7673621172606974,0.7669876434430528,0.7671748575033295,0.7667453290778684,0.3143764901108273,0.753030303030303,0.6215394690199033,0.37254901960784315,0.16666666666666666,0.23030303030303031,0.15297285831098228,0.17272727272727273,5.0,0.20200937375349023,110.0,94.05504134271257,0.0061409870544294155,0.47058823529411764,0.18181818181818182,0.26229508196721313,0.19576063302385618,0.2,5.0,0.2603211009174312,120.0,92.19383259911893,0.0061409870544294155,58.87710812501609
0.168,0.8076923076923077,0.34782608695652173,0.2781456953642384,0.729933110367893,0.7216494845360825,0.72577947948589,0.7189615370734854,0.2564388222660863,0.6646153846153846,0.5703070285160795,0.2692307692307692,0.10144927536231885,0.1473684210526316,0.04104670311729058,0.2123076923076923,33.0,0.20073150907613113,65.94202898550725,69.74490484545822,0.04005251860033762,0.23076923076923078,0.09230769230769231,0.13186813186813187,0.022683377869984173,0.2,33.0,0.18198320238417773,60.0,65.94015185350602,0.04005251860033762,58.590961878187954
0.1618705035971223,0.9,0.380718954248366,0.27439024390243905,0.759640522875817,0.7337061733706174,0.7465607417862733,0.7216594512795796,0.27801944614426927,0.6404833836858006,0.6157604968324486,0.28,0.08860759493670886,0.1346153846153846,0.02771287433474202,0.23867069486404835,7.0,0.20093772541476315,58.65822784810126,69.6733277491923,0.00796583538484225,0.16,0.06060606060606061,0.0879120879120879,-0.028183308708318658,0.19939577039274925,7.0,0.15025246453474392,40.12121212121212,53.24371899503921,0.00796583538484225,55.82291747163981
0.16595744680851063,0.7647058823529411,0.32450331125827814,0.27272727272727265,0.7201012855473314,0.7173383824722749,0.7187185063644378,0.7165694786928418,0.24592209835722734,0.6824427480916031,0.5393467326734979,0.21568627450980393,0.08029197080291971,0.11702127659574468,0.0046625958499928784,0.20916030534351146,5.0,0.2013516724306344,52.591240875912405,54.63078536777238,0.006124544023164157,0.19607843137254902,0.07633587786259542,0.10989010989010989,-0.002848829428572759,0.2,5.0,0.1871749518202698,50.0,53.42595204513399,0.006124544023164157,56.27464167494327
0.14232209737827714,0.8260869565217391,0.38358458961474035,0.24281150159744408,0.7212511834534995,0.7060130256979855,0.7135914309450878,0.7021889155170847,0.23143664570744052,0.6314152410575428,0.554004590601102,0.2391304347826087,0.07096774193548387,0.10945273631840796,-0.0012506420137855384,0.2410575427682737,45.0,0.20086830680173662,45.63225806451613,54.762247838616716,0.05320832386178212,0.15217391304347827,0.0546875,0.08045977011494253,-0.03259881252397989,0.19906687402799378,45.0,0.14679208876025085,35.1640625,47.686493591850144,0.05320832386178212,57.41858708905056
0.19491525423728814,0.7666666666666667,0.3150912106135987,0.3108108108108108,0.7257877280265339,0.7234852812369094,0.7246355901620997,0.7227574027585338,0.27057936389611353,0.6923076923076923,0.5245869777315911,0.23333333333333334,0.10218978102189781,0.14213197969543148,0.02079874258064795,0.2066365007541478,18.0,0.2008177596053421,67.75182481751825,69.714949651433,0.02132865289435666,0.2,0.09090909090909091,0.12500000000000003,0.0007148813930099518,0.19909502262443438,18.0,0.18872913935245883,60.27272727272727,63.58318615330272,0.02132865289435666,53.18532900698483
0.15463917525773196,0.7692307692307693,0.281786941580756,0.2575107296137339,0.7437219138250066,0.7428469877376933,0.7432843220460247,0.742455520040461,0.2551546977987674,0.7214170692431562,0.5898076407412114,0.3333333333333333,0.104,0.15853658536585366,0.08524890686912713,0.20128824476650564,3.0,0.20293609671848015,64.584,64.0595744680851,0.004280432924271627,0.3076923076923077,0.0967741935483871,0.14723926380368096,0.06994471531389966,0.1996779388083736,3.0,0.19997906526403936,60.096774193548384,60.00628107825177,0.004280432924271627,51.608349239919335
0.20512820512820512,0.38095238095238093,0.10264900662251655,0.26666666666666666,0.6391516871649322,0.534846429011965,0.5846776868302198,0.5562902000129389,0.210591150553874,0.8637770897832817,0.43777634550117395,0.14285714285714285,0.09836065573770492,0.11650485436893203,0.043672635420674004,0.09442724458204334,5.0,0.201036866359447,63.54098360655738,29.845272206303726,0.006144058854441607,0.38095238095238093,0.12403100775193798,0.1871345029239766,0.11956533450341952,0.1996904024767802,5.0,0.5251056067588326,80.12403100775194,30.47006124874303,0.006144058854441607,54.82117166090757
0.18452380952380953,0.7380952380952381,0.22986577181208054,0.29523809523809524,0.7541147331415787,0.7537744344970069,0.7539445646197437,0.753593448383415,0.286156784020954,0.768025078369906,0.6215137181257926,0.38095238095238093,0.1553398058252427,0.2206896551724138,0.15837321816736,0.1614420062695925,1.0,0.20257070864358315,99.10679611650485,78.98476589797345,0.0019920746571591187,0.47619047619047616,0.15748031496062992,0.23668639053254434,0.18424463870594843,0.19905956112852666,1.0,0.2889782282494833,100.47244094488188,69.2093661212893,0.0019920746571591187,51.97857424803078
0.17,0.8095238095238095,0.2694805194805195,0.2809917355371901,0.770021645021645,0.7679951812067062,0.7690077456056501,0.7666537663494302,0.28700921368297144,0.7355623100303952,0.6117190391984637,0.30952380952380953,0.10569105691056911,0.15757575757575756,0.08211054857798124,0.18693009118541035,4.0,0.20033674141675412,69.54471544715447,64.89074299634592,0.005251284437617285,0.3333333333333333,0.10687022900763359,0.16184971098265896,0.08778452285319302,0.19908814589665655,4.0,0.22468949025158,70.32061068702289,62.308210251954826,0.005251284437617285,50.932441209908575
0.16326530612244897,0.851063829787234,0.34804753820033957,0.27397260273972596,0.7515081457934472,0.7383195539319362,0.7448846615271618,0.732307012003524,0.27040654961698096,0.6666666666666666,0.5785507758772536,0.2553191489361702,0.0851063829787234,0.1276595744680851,0.022863742990273987,0.22169811320754718,27.0,0.20178786136232946,54.12765957446808,59.468393782383416,0.03253325403064464,0.23404255319148937,0.08661417322834646,0.1264367816091954,0.024277452640444647,0.19968553459119498,27.0,0.17008207433739347,55.08661417322834,64.67465806055019,0.03253325403064464,53.604329985100776
0.15546218487394958,0.8409090909090909,0.3216,0.26241134751773054,0.7596545454545454,0.7509633565496279,0.7552964499272635,0.7462910354802457,0.2688841228501936,0.6890881913303438,0.5799453486578896,0.22727272727272727,0.07194244604316546,0.1092896174863388,0.01275264324735431,0.2077727952167414,39.0,0.20107153397352948,48.1294964028777,49.733544089420796,0.047988853017028425,0.18181818181818182,0.06015037593984962,0.09039548022598869,-0.011292638925526977,0.19880418535127056,39.0,0.18754114735862334,40.24060150375939,42.6573054109672,0.047988853017028425,53.04698954895139
0.14414414414414414,0.8205128205128205,0.3140495867768595,0.24521072796934867,0.7532316168679805,0.7472218314812209,0.7502207063828975,0.7442239352920419,0.2541705342216368,0.6940993788819876,0.5996026016385632,0.3076923076923077,0.09302325581395349,0.14285714285714285,0.06811966224378682,0.20031055900621117,23.0,0.20206380962409182,59.906976744186046,59.387180823345496,0.02822867567855688,0.3076923076923077,0.09375,0.1437125748502994,0.0693068669132261,0.19875776397515527,23.0,0.19945772349162894,60.37500000000001,60.16312524745942,0.02822867567855688,56.03213820513338
0.16447368421052633,0.6097560975609756,0.21026490066225165,0.25906735751295334,0.699745598449362,0.6881726635311769,0.6939350058032199,0.6865501381071086,0.22965312412691846,0.7782945736434108,0.4861205982644432,0.1951219512195122,0.0898876404494382,0.12307692307692308,0.043163998378866676,0.13798449612403102,25.0,0.20200228107971108,57.977528089887635,39.603513174404014,0.03840367644819581,0.43902439024390244,0.13953488372093023,0.21176470588235297,0.15568819611008292,0.2,25.0,0.38808769484222533,90.0,46.381269592476485,0.03840367644819581,53.56445930991322
0.14619883040935672,0.6756756756756757,0.2425249169435216,0.2403846153846154,0.716575379366077,0.7142409623457177,0.7154072186885414,0.7136395604427075,0.2285163114670056,0.7527386541471048,0.5293086725809535,0.21621621621621623,0.07547169811320754,0.1118881118881119,0.03354527191544245,0.16588419405320814,5.0,0.20062656325004422,48.22641509433962,39.875078705452715,0.006362302394578515,0.32432432432432434,0.09448818897637795,0.14634146341463417,0.07801430591355447,0.19874804381846636,5.0,0.27753214926353553,60.37795275590551,43.23823395539372,0.006362302394578515,56.81112588988617
0.18556701030927836,0.42857142857142855,0.12950819672131147,0.2589928057553956,0.6495316159250586,0.5743645213628988,0.6107928582513604,0.5856915489258614,0.20630997491117997,0.8420245398773006,0.48054556182069064,0.23809523809523808,0.136986301369863,0.17391304347826086,0.10496199062798746,0.11196319018404909,6.0,0.20509332560265817,89.31506849315068,48.75829074698271,0.0075646505757168605,0.4523809523809524,0.14615384615384616,0.22093023255813954,0.1661542248377118,0.19938650306748465,6.0,0.5327029859732846,95.2923076923077,35.66715505693235,0.0075646505757168605,51.36419953312725
0.15827338129496402,0.8627450980392157,0.3952702702702703,0.26747720364741645,0.7337374138844728,0.7110549361260325,0.7223071437850411,0.7041305231425545,0.2549971587914864,0.6251944012441679,0.6044623632739939,0.2549019607843137,0.08441558441558442,0.12682926829268293,0.010590845845384075,0.23950233281493002,13.0,0.20039854647755245,54.27922077922078,64.87072999532054,0.015059485732484564,0.21568627450980393,0.0859375,0.12290502793296089,0.012216363915579691,0.19906687402799378,13.0,0.1517993201265971,55.2578125,72.46409266409266,0.015059485732484564,53.99387829564512
0.21428571428571427,0.7346938775510204,0.2222222222222222,0.3317972350230415,0.756235827664399,0.7556221889055474,0.7559289460184545,0.7552858252386107,0.3094992967241384,0.7744945567651633,0.5990644924113435,0.2653061224489796,0.12380952380952381,0.16883116883116883,0.0792626927949435,0.16329704510108864,3.0,0.20052741755702364,79.60952380952381,64.82904013015184,0.00429303143918883,0.40816326530612246,0.15625,0.22598870056497175,0.15040204060127982,0.19906687402799378,3.0,0.2925808117880543,100.46875,68.3571826797993,0.00429303143918883,51.97159563424066
0.18385650224215247,0.803921568627451,0.3137931034482759,0.29927007299270075,0.7450642325895875,0.7404147193611325,0.7427358377504326,0.7383581999935601,0.2794644032416952,0.6957210776545166,0.5796949385037212,0.3333333333333333,0.1297709923664122,0.18681318681318682,0.09191918046563935,0.2076069730586371,20.0,0.20082113956985653,81.8854961832061,84.65244264828242,0.024720362414502296,0.29411764705882354,0.11904761904761904,0.16949152542372883,0.07004879254945702,0.19968304278922344,20.0,0.18895758241233618,75.11904761904762,79.38289540171805,0.024720362414502296,58.131750136148185
0.12672176308539945,0.92,0.5580985915492958,0.22276029055690072,0.6809507042253521,0.5970319044418017,0.6376121828938403,0.6013309405726928,0.2004592220465801,0.48058252427184467,0.605895714927793,0.2,0.04065040650406504,0.06756756756756757,-0.12004752995390451,0.39805825242718446,128.0,0.20012623074981065,25.121951219512194,49.96846221773685,0.12952672047609826,0.0,0.0,0.0,-0.1478974855765419,0.19902912621359223,128.0,0.04597323908104014,0.0,0.0,0.12952672047609826,53.141835670918226
0.16796875,0.8431372549019608,0.35678391959798994,0.28013029315960913,0.7431766676519854,0.729731521378853,0.7364234110475777,0.7244091020340138,0.26789285828074855,0.6589506172839507,0.5721464684152564,0.27450980392156865,0.0915032679738562,0.13725490196078433,0.026426585544954913,0.2361111111111111,8.0,0.20052209223629508,59.294117647058826,69.81774349083896,0.009156085167638875,0.21568627450980393,0.08527131782945736,0.12222222222222223,0.0121596635025738,0.19907407407407407,8.0,0.15121338103064874,55.25581395348837,72.74488491048594,0.009156085167638875,55.51433784980327
0.425,0.288135593220339,0.03872053872053872,0.3434343434343435,0.6247075272499002,0.4433736040377281,0.5262877804265319,0.49589177066895285,0.29818216178394746,0.900459418070444,0.5012322709775462,0.1864406779661017,0.34375,0.24175824175824176,0.20064389357180526,0.04900459418070444,5.0,0.212378847134841,224.46875,51.794235388310646,0.009015197538312833,0.4406779661016949,0.2,0.2751322751322751,0.19068416338560903,0.1990811638591118,5.0,0.45194269682026866,130.6,57.5294172976532,0.009015197538312833,57.73501917021349
0.1797752808988764,0.64,0.24212271973466004,0.2807017543859649,0.69893864013267,0.6939685853936316,0.6964491793159193,0.6932236878345162,0.2375942865303685,0.7488514548238897,0.5274528011205952,0.3,0.13392857142857142,0.18518518518518517,0.09814782119356255,0.17151607963246554,29.0,0.20220579552700566,87.45535714285714,74.18185003503854,0.03710547121934523,0.34,0.13076923076923078,0.18888888888888888,0.10162160607960911,0.1990811638591118,29.0,0.26786009493895097,85.3923076923077,63.46596720155175,0.03710547121934523,50.052007345017046
0.18243243243243243,0.574468085106383,0.20268006700167504,0.2769230769230769,0.685894009052354,0.6677924709672391,0.6767827237206172,0.6667158718504345,0.22985808697790755,0.781055900621118,0.5340862055782315,0.2765957446808511,0.13131313131313133,0.17808219178082194,0.09558158662271683,0.15372670807453417,16.0,0.20171350055230758,84.56565656565655,64.44784292774142,0.0203787561474652,0.44680851063829785,0.1640625,0.24000000000000002,0.1744047599574833,0.19875776397515527,16.0,0.3367998491257375,105.65625000000001,62.35157187425006,0.0203787561474652,51.118874087929726
0.15261044176706828,0.8260869565217391,0.33868378812199035,0.25762711864406784,0.7437015841998744,0.734575141932154,0.739124276944541,0.7307859076603411,0.2551449450290432,0.672645739910314,0.5771375793736553,0.2391304347826087,0.07746478873239436,0.11702127659574468,0.01785801118270485,0.21225710014947682,21.0,0.2013095358479118,51.82394366197183,54.64222026874294,0.024001355252571105,0.2391304347826087,0.08270676691729323,0.12290502793296089,0.02745621247173148,0.19880418535127056,21.0,0.1817676205885327,55.33082706766917,60.51682892906815,0.024001355252571105,56.55486893095076
0.17142857142857143,0.75,0.2934232715008432,0.2790697674418604,0.7282883642495784,0.7276410998552821,0.7279646601136401,0.7274222897426703,0.2560433229429688,0.7098283931357254,0.5577988641287437,0.2708333333333333,0.10317460317460317,0.14942528735632182,0.05316788100684149,0.19656786271450857,18.0,0.2002689176066333,66.13492063492063,64.91271913465125,0.02165558199230935,0.2708333333333333,0.1015625,0.14772727272727273,0.050633054651949116,0.1996879875195008,18.0,0.20569706929608325,65.1015625,63.19973368841545,0.02165558199230935,57.658642255701125
0.1722689075630252,0.7884615384615384,0.328881469115192,0.2827586206896552,0.7297900346731732,0.7250731363966303,0.7274277622908568,0.7234936334933442,0.2587097313536655,0.6804915514592934,0.5334228270662957,0.21153846153846154,0.08029197080291971,0.1164021164021164,0.0007900322098709173,0.21044546850998463,19.0,0.2018793497650813,52.27007299270073,54.48799004355943,0.022031669769082753,0.17307692307692307,0.06923076923076923,0.0989010989010989,-0.01961639374383153,0.19969278033794163,19.0,0.18449285193839352,45.06923076923077,48.78237777475146,0.022031669769082753,55.0203675320372
0.19230769230769232,0.7692307692307693,0.28046744574290483,0.3076923076923077,0.7443816617439323,0.7435521435348919,0.7439667870259838,0.7431766891505254,0.28417126572737544,0.7235023041474654,0.5906117194418548,0.34615384615384615,0.15254237288135594,0.21176470588235294,0.12611598638786023,0.18125960061443933,18.0,0.2002212389380531,99.30508474576271,89.90055248618785,0.022826542153725995,0.38461538461538464,0.15384615384615385,0.21978021978021975,0.1362914815054222,0.19969278033794163,18.0,0.23519207562349156,100.15384615384615,85.0368786745056,0.022826542153725995,55.036399750970304
0.20408163265306123,0.6976744186046512,0.19148936170212766,0.31578947368421056,0.7530925284512617,0.7490144546649147,0.751050723659956,0.7469496761401757,0.3005394629896514,0.8012232415902141,0.5815114152413596,0.3023255813953488,0.14772727272727273,0.19847328244274812,0.1304228096958992,0.1345565749235474,5.0,0.20235825743133518,96.61363636363637,64.24249825540824,0.006634744750988977,0.5581395348837209,0.18461538461538463,0.27745664739884396,0.2388840433701832,0.19877675840978593,5.0,0.4277813081032738,120.73846153846155,56.103433098591545,0.006634744750988977,54.834629479795694
0.2018348623853211,0.8301886792452831,0.29642248722316866,0.32472324723247237,0.7668830960110572,0.7616572709935663,0.7642657169328472,0.7584403018009513,0.31040133174065465,0.7140625,0.5765998563355391,0.2641509433962264,0.10687022900763359,0.15217391304347824,0.04428476799631342,0.2046875,14.0,0.20160611670794162,68.3969465648855,69.44233750745379,0.01616682770911976,0.22641509433962265,0.09375,0.13259668508287295,0.019843170267248685,0.2,14.0,0.19388810079103652,60.0,61.89136904761905,0.01616682770911976,58.30843169800937
0.21761658031088082,0.8235294117647058,0.25549915397631134,0.34426229508196715,0.7840151288941972,0.7820236130506538,0.7830187378244624,0.780430322910105,0.3350028284079307,0.7507788161993769,0.6600921677771063,0.4117647058823529,0.18421052631578946,0.2545454545454545,0.18002544320358022,0.17757009345794392,2.0,0.2028854604042574,118.26315789473685,103.50667789676332,0.003166445668729415,0.45098039215686275,0.1796875,0.2569832402234637,0.184993476857245,0.19937694704049844,2.0,0.24992676496435895,115.359375,92.02695839031061,0.003166445668729415,56.87316229194403
0.21875,0.39622641509433965,0.12458471760797342,0.28187919463087246,0.6358208487431832,0.5455352081433466,0.5889504725025625,0.5640734616410175,0.20945517536011363,0.8366412213740458,0.44776304321821003,0.20754716981132076,0.15942028985507245,0.18032786885245902,0.09878114988309139,0.10534351145038168,7.0,0.20187192781630867,104.42028985507247,54.48999332888592,0.008946185202185646,0.4716981132075472,0.19083969465648856,0.27173913043478265,0.20154235100915577,0.2,7.0,0.54377931901331,125.0,45.974532546332604,0.008946185202185646,56.43424777593464
0.2153846153846154,0.6511627906976745,0.16859504132231404,0.3236994219653179,0.7412838746876802,0.730327465062615,0.7357852764852302,0.7260367848119869,0.29993949309773277,0.8194444444444444,0.556217817925333,0.27906976744186046,0.14457831325301204,0.1904761904761905,0.12044737146977794,0.12808641975308643,8.0,0.20347771560872083,93.68674698795179,58.97451700841531,0.010815272150406242,0.627906976744186,0.20930232558139536,0.313953488372093,0.2863130292660229,0.19907407407407407,8.0,0.5919110553733359,135.62790697674419,45.61496149614962,0.010815272150406242,55.051114682108164
0.1254355400696864,0.7659574468085106,0.4155629139072848,0.2155688622754491,0.675197266450613,0.6629972609886527,0.6690694569951477,0.6627549465748204,0.18265563691669406,0.5975422427035331,0.5148527619008938,0.1276595744680851,0.03314917127071823,0.05263157894736842,-0.09362603217382989,0.2780337941628264,41.0,0.20010975853123128,21.58011049723757,29.983545250560958,0.04141292382564809,0.10638297872340426,0.038461538461538464,0.05649717514124294,-0.06511007213518534,0.19969278033794163,41.0,0.11167930552783875,25.038461538461537,44.77105204377932,0.04141292382564809,55.39295696467161
0.17763157894736842,0.6923076923076923,0.2042483660130719,0.28272251308900526,0.7440296631473102,0.7404341582903962,0.7422297335566432,0.7388564080510232,0.27378431496961025,0.7895545314900153,0.5685166829384627,0.3333333333333333,0.1368421052631579,0.19402985074626866,0.13400383414962816,0.14592933947772657,24.0,0.20204178537511872,89.08421052631579,64.34312573443007,0.03291865000347677,0.5128205128205128,0.15384615384615385,0.2366863905325444,0.19772818335849615,0.19969278033794163,24.0,0.3791284161654532,100.15384615384615,52.75257445032007,0.03291865000347677,65.65439988812432
0.16201117318435754,0.6904761904761905,0.24752475247524752,0.26244343891402716,0.7214757190004715,0.7201437673582748,0.7208094355226765,0.7197559173237871,0.24389569595465801,0.7484567901234568,0.5554222491214142,0.30952380952380953,0.12037037037037036,0.17333333333333334,0.10091518979028967,0.16666666666666666,29.0,0.20135709614126882,78.0,64.56191636215996,0.03929432211806312,0.40476190476190477,0.13178294573643412,0.19883040935672516,0.13561052671264423,0.19907407407407407,29.0,0.27422607368650537,85.3953488372093,61.99264632813276,0.03929432211806312,57.83535804785788
0.2283464566929134,0.5471698113207547,0.16666666666666666,0.3222222222222222,0.6902515723270441,0.6605922551252847,0.6752590930652438,0.6588014085924015,0.26290656333609097,0.8096723868954758,0.5138698631072631,0.24528301886792453,0.1511627906976744,0.1870503597122302,0.0978801533159699,0.13416536661466458,8.0,0.20415560547273842,96.89534883720931,63.676919229807446,0.010772578136125241,0.5471698113207547,0.2265625,0.32044198895027626,0.2609610710755867,0.1996879875195008,8.0,0.5910761690831121,145.2265625,49.063050613231994,0.010772578136125241,54.15091473516077
0.05536332179930796,0.38095238095238093,0.4512396694214876,0.09667673716012085,0.4648563557654467,0.44971215712834406,0.4572215595377147,0.45831873121357636,-0.03483282415272892,0.5378670788253478,0.46845573703309473,0.19047619047619047,0.032388663967611336,0.05536332179930796,-0.10374220400411538,0.38176197836166925,8.0,0.2000797328948024,20.955465587044532,39.9840597758406,0.007553174454449311,0.023809523809523808,0.007751937984496124,0.011695906432748537,-0.11578368005396582,0.19938176197836166,8.0,0.03986644740120596,5.015503875968992,25.083750000000002,0.007553174454449311,53.893259974662215
0.2,0.6976744186046512,0.19480519480519481,0.310880829015544,0.7514346118997282,0.7475884244372992,0.7495090510312542,0.7456873763562595,0.2961932248892904,0.7981790591805766,0.5591156919348905,0.27906976744186046,0.13186813186813187,0.1791044776119403,0.10796856662040842,0.13808801213960548,11.0,0.2014763238489124,86.90109890109889,59.560348187605555,0.015216789535433206,0.5116279069767442,0.16793893129770993,0.2528735632183908,0.20711022809764607,0.19878603945371776,11.0,0.3937387116195063,110.67175572519083,55.874617737003064,0.015216789535433206,53.87059170892462
0.1434108527131783,0.8409090909090909,0.36650082918739635,0.24503311258278146,0.7372041308608472,0.7226156087834558,0.7298734217792079,0.7174820579587724,0.24392290534863922,0.6476043276661515,0.6177200017889364,0.3409090909090909,0.09740259740259741,0.15151515151515152,0.06526052411128683,0.23802163833075735,8.0,0.20093546702122608,63.01948051948052,74.65083303792981,0.008997060074026217,0.3181818181818182,0.10852713178294573,0.16184971098265896,0.08032095692725222,0.19938176197836166,8.0,0.15081437865045824,70.2170542635659,92.8293450881612,0.008997060074026217,55.675983572844416
0.1986754966887417,0.6976744186046512,0.19391025641025642,0.30927835051546393,0.7518820810971973,0.7479739274827134,0.7499254584304674,0.7460295837040001,0.2956245293772081,0.7991004497751124,0.5998537157514198,0.32558139534883723,0.1414141414141414,0.19718309859154928,0.13080697641625963,0.14842578710644677,15.0,0.20042348130841123,94.32323232323233,69.85209471766848,0.019344080880120688,0.5581395348837209,0.18045112781954886,0.2727272727272727,0.23569490558655865,0.19940029985007496,15.0,0.36609228971962615,120.3609022556391,65.55723972875947,0.019344080880120688,53.91430378705263
0.15267175572519084,0.8695652173913043,0.36633663366336633,0.25974025974025977,0.751614291863969,0.7331042382588775,0.7423015713989972,0.7250311275089623,0.2628437048849495,0.6503067484662577,0.6032739908612454,0.30434782608695654,0.09655172413793103,0.14659685863874347,0.05429735445350355,0.2223926380368098,35.0,0.20059251279288984,62.95172413793104,69.79323308270676,0.04166607459448563,0.1956521739130435,0.06923076923076923,0.10227272727272728,-0.002575110484581726,0.19938650306748465,35.0,0.16867761917586857,45.13846153846154,53.356219064346156,0.04166607459448563,53.44673590315506
0.1984126984126984,0.5,0.17060810810810811,0.2840909090909091,0.6646959459459458,0.6238881829733164,0.6439689013810729,0.6264313138442759,0.2222535142908833,0.8037383177570093,0.5244700569389025,0.3,0.16853932584269662,0.2158273381294964,0.13571452632413122,0.13862928348909656,4.0,0.20032643900946162,108.20224719101124,74.87778485041375,0.005118227282365851,0.5,0.1953125,0.2808988764044944,0.21867287430690938,0.19937694704049844,4.0,0.5563234806559384,125.390625,44.93788392775282,0.005118227282365851,58.307530077174306
0.12980769230769232,0.75,0.29052969502407705,0.22131147540983612,0.7297351524879615,0.7291723948309046,0.7294537193900256,0.7289764736311779,0.22466363634686906,0.7116843702579666,0.5479785192420453,0.25,0.07142857142857142,0.11111111111111112,0.03594430219287696,0.19119878603945373,19.0,0.20135602233448552,47.07142857142857,44.696949689687045,0.022778867370937008,0.25,0.06870229007633588,0.10778443113772455,0.030848098227997955,0.19878603945371776,19.0,0.21465035894708853,45.274809160305345,41.928651059085844,0.022778867370937008,55.230011275969446
0.15789473684210525,0.84,0.3739565943238731,0.26582278481012656,0.7330217028380633,0.7174091281770976,0.7251734004829097,0.7123860795803603,0.25268797515535446,0.6425269645608629,0.5986940734157712,0.3,0.10067114093959731,0.1507537688442211,0.04837373873530328,0.2295839753466872,32.0,0.2016570307660541,65.33557046979865,74.38371944195572,0.038690299121219865,0.26,0.10077519379844961,0.14525139664804468,0.04433053032458557,0.1987673343605547,32.0,0.16067003923188106,65.4031007751938,80.91116465863455,0.038690299121219865,53.56274337740615
0.18333333333333332,0.7021276595744681,0.24664429530201343,0.2907488986784141,0.7277416821362274,0.7268401559932306,0.7272907793769089,0.7265394547694213,0.2640692491214387,0.749611197511664,0.5424176672982118,0.2978723404255319,0.1320754716981132,0.18300653594771243,0.10067321053383804,0.16485225505443235,8.0,0.20227308437647307,84.9245283018868,69.21336095287415,0.011031336425724653,0.40425531914893614,0.1484375,0.2171428571428571,0.14430489832828242,0.19906687402799378,8.0,0.27447231969831876,95.4453125,69.22373819292052,0.011031336425724653,54.16395002603531
0.1784037558685446,0.7755102040816326,0.28180354267310787,0.2900763358778626,0.7468533307042625,0.7457537622106838,0.7463033439508922,0.7452364771650145,0.27603549146674644,0.7223880597014926,0.5891236465971443,0.2857142857142857,0.10852713178294573,0.15730337078651688,0.06638074911680414,0.1925373134328358,6.0,0.2024831564478695,72.71317829457365,69.14155352770977,0.006789936614500673,0.3469387755102041,0.12686567164179105,0.18579234972677597,0.10318787407351647,0.2,6.0,0.21812118344261924,85.0,77.938326446281,0.006789936614500673,55.14911089325324
0.1718213058419244,0.9433962264150944,0.3970345963756178,0.29069767441860467,0.7731808150197383,0.735707968159524,0.754211698688171,0.7164153936624901,0.2990561891408362,0.6303030303030303,0.6589236881909346,0.37735849056603776,0.12195121951219512,0.18433179723502305,0.08812291705179745,0.24848484848484848,28.0,0.2011865714836967,80.48780487804878,99.4102133780868,0.030893100404001426,0.2830188679245283,0.11363636363636363,0.16216216216216214,0.06132822635203848,0.2,28.0,0.14320856646729693,75.0,104.74233748736948,0.030893100404001426,56.57562525290996
0.13872832369942195,0.631578947368421,0.24227642276422764,0.2274881516587678,0.6946512623020967,0.6889244794874954,0.691781944912415,0.6882052461557512,0.20652513087435734,0.7503828483920367,0.5429347217061533,0.3157894736842105,0.11320754716981132,0.16666666666666666,0.10344773536653036,0.16232771822358347,11.0,0.20153535776980114,73.9245283018868,59.54290171606864,0.014677396439143828,0.39473684210526316,0.11538461538461539,0.17857142857142858,0.12179721488057968,0.1990811638591118,11.0,0.2918751801294312,75.34615384615385,51.39183123877917,0.014677396439143828,58.117983425967395
0.18652849740932642,0.6666666666666666,0.2674616695059625,0.29149797570850206,0.699602498580352,0.6980519480519481,0.6988267932728573,0.6978023364037804,0.24170978835292659,0.7269890795631825,0.5479688707777056,0.2962962962962963,0.14035087719298245,0.19047619047619047,0.09395290067125918,0.17784711388455537,14.0,0.2021161476493928,89.96491228070175,79.16240333135039,0.017964746003571057,0.3333333333333333,0.140625,0.19780219780219782,0.10139721588575315,0.1996879875195008,14.0,0.24580978718287844,90.140625,73.22735276853845,0.017964746003571057,54.47895793290809
0.17703349282296652,0.7551020408163265,0.2838283828382838,0.2868217054263566,0.7356368289890213,0.7351217725691265,0.7353792556861668,0.7349211802907261,0.26599100175094975,0.7190839694656489,0.5527250413223593,0.30612244897959184,0.12295081967213115,0.17543859649122806,0.08754761398535386,0.18625954198473282,12.0,0.20161732783092007,80.5327868852459,74.39836725035494,0.014670688286637298,0.3469387755102041,0.1297709923664122,0.18888888888888888,0.10445714533316411,0.2,12.0,0.22644975072159537,85.0,75.071842410197,0.014670688286637298,56.32068715337664
0.26356589147286824,0.5666666666666667,0.1539708265802269,0.35978835978835977,0.7063479200432199,0.6787257638915446,0.6923991129432057,0.6748194399909675,0.2986504435512892,0.8212703101920237,0.5334960059629992,0.31666666666666665,0.19791666666666666,0.2435897435897436,0.15631473717903102,0.14180206794682423,6.0,0.2039418016716541,133.98958333333331,93.16383323213925,0.006088244936941446,0.5666666666666667,0.2518518518518518,0.34871794871794876,0.2866327880843675,0.19940915805022155,6.0,0.6155608296357445,170.5037037037037,55.23418379320749,0.006088244936941446,58.66674171993509
0.1761006289308176,0.5833333333333334,0.22053872053872053,0.27053140096618356,0.6813973063973064,0.6672843318921144,0.6743038976251087,0.6666470051372217,0.22105612009489456,0.764797507788162,0.5079761269337271,0.2916666666666667,0.13725490196078433,0.18666666666666668,0.1032582637024053,0.1588785046728972,24.0,0.20317812269031782,88.11764705882354,68.90505638413968,0.031197431345596376,0.375,0.140625,0.20454545454545456,0.12495608286015011,0.19937694704049844,24.0,0.3176151761517615,90.28125,56.67235494880546,0.031197431345596376,55.383165125735104
0.2019704433497537,0.803921568627451,0.2793103448275862,0.3228346456692913,0.7623056118999325,0.7600337043771342,0.7611688105011816,0.7586900126629396,0.3061024172936348,0.7274167987321711,0.5766581392485237,0.2549019607843137,0.10483870967741936,0.14857142857142858,0.043572539574801984,0.196513470681458,8.0,0.202095625137709,66.15322580645162,64.3259842519685,0.009530734245924172,0.27450980392156865,0.1111111111111111,0.1581920903954802,0.05550427524155725,0.19968304278922344,8.0,0.20757950400274194,70.11111111111111,67.4440382120533,0.009530734245924172,56.04086463479325
0.21897810218978103,0.6976744186046512,0.17803660565723795,0.33333333333333337,0.7598189064737065,0.7547361988184967,0.7572732883592238,0.7519095022779122,0.3169625460830378,0.8136645962732919,0.6339190964449501,0.3953488372093023,0.19540229885057472,0.26153846153846155,0.20365535513000985,0.13509316770186336,24.0,0.20103092783505155,125.83908045977012,84.56410256410255,0.03473454084166769,0.6511627906976745,0.21875,0.32748538011695905,0.3032357808115647,0.19875776397515527,24.0,0.4515463917525773,140.875,62.009132420091326,0.03473454084166769,58.44460588134825
0.1867704280155642,0.8275862068965517,0.3466003316749585,0.30476190476190473,0.7404929376107965,0.7302494401112056,0.7353533525432424,0.7262681001696094,0.27915649162028494,0.6686838124054463,0.6215961106033365,0.3275862068965517,0.12025316455696203,0.17592592592592593,0.06439536212180234,0.23903177004538578,14.0,0.20118721029230915,79.4873417721519,94.43940284471611,0.014763813052322092,0.2413793103448276,0.10606060606060606,0.1473684210526316,0.03233622518183135,0.19969742813918306,14.0,0.1483303377163939,70.10606060606061,94.38392857142858,0.014763813052322092,56.79252000618726
0.2155688622754491,0.6792452830188679,0.2158154859967051,0.32727272727272727,0.7317148985110813,0.7279524214103654,0.7298312353915674,0.7266321960602893,0.28969069066896075,0.7757575757575758,0.5763097807025808,0.39622641509433965,0.19444444444444445,0.26086956521739135,0.18577926612301812,0.16363636363636364,10.0,0.20117393497500802,128.33333333333334,104.38728060177799,0.012861695785756867,0.4339622641509434,0.17424242424242425,0.24864864864864872,0.1728340924466539,0.2,10.0,0.29474480671344067,115.0,78.03360560093348,0.012861695785756867,55.47032386390492
0.17272727272727273,0.8636363636363636,0.30282861896838603,0.28787878787878785,0.7804038723339889,0.7715268692154867,0.7759526766146791,0.7651594010944722,0.29824403842114794,0.7085271317829457,0.6526193660403632,0.3409090909090909,0.1171875,0.1744186046511628,0.09664734114943617,0.19844961240310077,6.0,0.20188683954376418,75.5859375,74.29904808999876,0.007073597460687457,0.36363636363636365,0.12403100775193798,0.18497109826589594,0.11069013850139577,0.2,6.0,0.20455736641126113,80.0,78.21766715470962,0.007073597460687457,55.53641678020358
0.17989417989417988,0.7083333333333334,0.2579034941763727,0.2869198312236287,0.7252149195784804,0.724821949237608,0.7250184077836019,0.7246968427779781,0.25946285337172437,0.7395993836671803,0.5475926286295683,0.2708333333333333,0.11504424778761062,0.16149068322981366,0.07208081034227588,0.17411402157164868,6.0,0.2018333567777934,74.6637168141593,64.40957137878964,0.0069754132275738935,0.3125,0.11627906976744186,0.16949152542372883,0.08054095422216345,0.1987673343605547,6.0,0.2553570591269283,75.46511627906978,58.74127800220345,0.0069754132275738935,51.5376988267526
0.1634980988593156,0.8431372549019608,0.36065573770491804,0.27388535031847133,0.7412407585985215,0.7272333044232437,0.7342036272375632,0.7219006634858949,0.2630336287393504,0.6550680786686838,0.5563644414126845,0.21568627450980393,0.07482993197278912,0.11111111111111113,-0.0046614196944069035,0.22239031770045387,23.0,0.2018330194601381,49.46258503401361,54.50049763622792,0.02632756965278312,0.13725490196078433,0.05303030303030303,0.07650273224043716,-0.045163469037621,0.19969742813918306,23.0,0.17034526051475204,35.053030303030305,41.093012971698116,0.02632756965278312,52.92054991610348
0.1590909090909091,0.8235294117647058,0.3867595818815331,0.26666666666666666,0.7183849149415864,0.7029957203994294,0.710648662000741,0.6993965713025806,0.24206840101643234,0.6304,0.5325524192550859,0.17647058823529413,0.05921052631578947,0.08866995073891626,-0.04636327343381818,0.2432,53.0,0.2,37.00657894736842,45.0,0.06400073030777256,0.11764705882352941,0.048,0.06818181818181818,-0.06136888953356168,0.2,53.0,0.1443661971830986,30.0,41.5609756097561,0.06400073030777256,54.41947659198195
0.1881720430107527,0.6730769230769231,0.2393026941362916,0.29411764705882354,0.7168871144703157,0.714209799128494,0.7155472046089272,0.7135174720460778,0.25843148994262266,0.7540263543191801,0.5445916774018151,0.3076923076923077,0.1391304347826087,0.19161676646706588,0.10687847575272118,0.1683748169838946,2.0,0.2009378966162583,95.02608695652174,79.62659244192271,0.0027447337171767443,0.36538461538461536,0.13970588235294118,0.2021276595744681,0.11951995835789532,0.19912152269399708,2.0,0.27024759610213606,95.41911764705883,70.30589827270558,0.0027447337171767443,57.11688818782568
0.20095693779904306,0.8235294117647058,0.2733224222585925,0.3230769230769231,0.7751034947530566,0.7720780027325799,0.7735892696644535,0.7699489023918653,0.31565273177117337,0.7341389728096677,0.6362800953680362,0.3333333333333333,0.14782608695652175,0.20481927710843376,0.12171942920103244,0.17371601208459214,2.0,0.20032741468328927,97.8608695652174,84.86107618808147,0.0030843977354134784,0.43137254901960786,0.16666666666666666,0.24043715846994534,0.1677421036609934,0.19939577039274925,2.0,0.24682029971036393,110.33333333333333,89.13367346938776,0.0030843977354134784,53.54825902497396
0.14601769911504425,0.8048780487804879,0.31484502446982054,0.24719101123595505,0.7450165121553336,0.7402066810862774,0.7426077025031277,0.7380840160651592,0.24978790787130264,0.6926605504587156,0.5690738696816443,0.24390243902439024,0.07518796992481203,0.11494252873563218,0.02604729905711037,0.20336391437308868,13.0,0.20143902558813417,49.17293233082707,49.64281360477874,0.015872559926356784,0.21951219512195122,0.06923076923076923,0.10526315789473685,0.013437401888283,0.19877675840978593,13.0,0.19394921663965425,45.276923076923076,46.40389972144847,0.015872559926356784,54.893116923980415
0.16176470588235295,0.7333333333333333,0.28885135135135137,0.26506024096385544,0.722240990990991,0.7220706322600763,0.7221558066020165,0.722019592157457,0.2440968859540638,0.7127158555729984,0.5141524442534327,0.2222222222222222,0.08403361344537816,0.1219512195121951,0.025047280041186646,0.18681318681318682,20.0,0.20224748950640242,53.529411764705884,49.4443714698542,0.025383149871753028,0.28888888888888886,0.10236220472440945,0.1511627906976744,0.06177355472081573,0.19937205651491366,20.0,0.22546623452526432,65.20472440944881,57.658300930835395,0.025383149871753028,55.23656802903861
0.18699186991869918,0.6216216216216216,0.17152658662092624,0.2875,0.7250475175003476,0.7102941176470587,0.717632905248289,0.7062385601018426,0.26736749775468427,0.8161290322580645,0.5371906115992655,0.2972972972972973,0.1375,0.18803418803418806,0.12644751296938722,0.12903225806451613,32.0,0.20030483580435085,85.25,54.91629773104593,0.054422242286357926,0.6216216216216216,0.18548387096774194,0.28571428571428575,0.26553970449309094,0.2,32.0,0.5882499653595676,115.0,39.09902482687144,0.054422242286357926,55.02719227317721
0.1794871794871795,0.8974358974358975,0.26666666666666666,0.2991452991452992,0.8153846153846155,0.8071278825995809,0.8112457445926347,0.7979721476554645,0.3279213083278691,0.7433489827856025,0.6601888718191345,0.3333333333333333,0.10743801652892562,0.1625,0.09368864127968893,0.18935837245696402,21.0,0.20315939104915628,68.65289256198346,63.9891660083512,0.02523897563255132,0.3333333333333333,0.10236220472440945,0.1566265060240964,0.08598412747225707,0.19874804381846636,21.0,0.22289985326485692,65.40944881889763,58.3221559349928,0.02523897563255132,49.99808010086417
0.18473895582329317,0.8363636363636363,0.33889816360601,0.3026315789473684,0.7487327363788132,0.7384765070742287,0.7435869390280838,0.7338902249074095,0.2843351257088754,0.6758409785932722,0.5963172755045868,0.2727272727272727,0.10714285714285714,0.15384615384615383,0.0433353313909347,0.21406727828746178,4.0,0.2001848159136229,70.07142857142857,74.9307580174927,0.005062842021361959,0.2727272727272727,0.11538461538461539,0.16216216216216214,0.0561499741997074,0.19877675840978593,4.0,0.17696123729390595,75.46153846153847,84.76432595849937,0.005062842021361959,54.77991819893941
0.1902654867256637,0.86,0.30756302521008405,0.31159420289855067,0.7762184873949579,0.767175489877666,0.7716837424225858,0.7610491530917093,0.30964565644985914,0.7054263565891473,0.6278430040780927,0.3,0.11363636363636363,0.16483516483516483,0.06851031856144958,0.20465116279069767,22.0,0.2011787719431954,73.29545454545455,74.5605505745675,0.02717833829313208,0.28,0.10852713178294573,0.1564245810055866,0.057977103565244846,0.2,22.0,0.1937098290272591,70.0,72.27304918032786,0.02717833829313208,59.44966102158651
