0.11885245901639344,0.8529411764705882,0.37261698440207974,0.20863309352517984,0.7401620960342543,0.7229778588891566,0.7315195195083694,0.7167424187751064,0.22481944984797347,0.6399345335515548,0.5506229711568298,0.23529411764705882,0.05714285714285714,0.09195402298850573,0.003558837295132157,0.22913256955810146,39.0,0.20225430597771024,34.91428571428572,39.55416405760801,0.049691177616709534,0.14705882352941177,0.040983606557377046,0.06410256410256411,-0.031949086999267705,0.19967266775777415,39.0,0.16228470111448834,25.040983606557376,30.810051506165134,0.049691177616709534,54.46475449530408
0.19090909090909092,0.525,0.156140350877193,0.28,0.6844298245614034,0.6472925344440884,0.6656022203910333,0.6464432088249097,0.23749103903182256,0.8229508196721311,0.546658086241369,0.3,0.15,0.2,0.13250945392315816,0.13114754098360656,5.0,0.2015295626709262,91.5,59.544613906569,0.006430654099114487,0.575,0.1885245901639344,0.2839506172839506,0.2483498169496957,0.2,5.0,0.5733681841283671,115.0,40.11384069899962,0.006430654099114487,55.950874496251345
0.12083333333333333,0.8055555555555556,0.38155515370705245,0.2101449275362319,0.7120002009242515,0.6997072207132526,0.7058269488592692,0.6971857192141353,0.20671012514088297,0.629881154499151,0.5091140018405234,0.2222222222222222,0.057971014492753624,0.09195402298850576,-0.007272744576508037,0.23429541595925296,5.0,0.20056115035823438,34.14492753623188,39.88808393704721,0.006696665345622363,0.05555555555555555,0.017094017094017096,0.026143790849673207,-0.09150352615112807,0.19864176570458403,5.0,0.15251265093441554,10.06837606837607,13.113666228646519,0.006696665345622363,52.743916754145175
0.12690355329949238,0.7352941176470589,0.30017452006980805,0.21645021645021645,0.7175597987886254,0.7171214993383168,0.7173406155880204,0.717003580719306,0.21369795797415117,0.7018121911037891,0.5517462252065448,0.23529411764705882,0.07079646017699115,0.10884353741496598,0.03074811447596407,0.18616144975288304,29.0,0.20267390606299443,42.97345132743363,39.47227423304047,0.04046030299414749,0.2647058823529412,0.0743801652892562,0.11612903225806451,0.03985514195961545,0.19934102141680396,29.0,0.22570569518638525,45.14876033057851,39.87493533367822,0.04046030299414749,56.55635335901752
0.15137614678899083,0.8048780487804879,0.32456140350877194,0.25482625482625487,0.740158322635858,0.7344992050874405,0.7373233345113194,0.7322196044374294,0.25086060856212167,0.6841243862520459,0.5944145109199629,0.24390243902439024,0.08196721311475409,0.12269938650306748,0.02967399774151931,0.19967266775777415,2.0,0.20115799413548036,50.08196721311475,49.71216800494132,0.0031507822843645375,0.24390243902439024,0.08196721311475409,0.12269938650306748,0.02967399774151931,0.19967266775777415,2.0,0.20115799413548036,50.08196721311475,49.71216800494132,0.0031507822843645375,53.41059203725308
0.164021164021164,0.8378378378378378,0.2747826086956522,0.2743362831858407,0.7815276145710928,0.7774703795032176,0.7794963573313425,0.7743874461840662,0.29045890431725435,0.7320261437908496,0.6302537636585772,0.35135135135135137,0.11607142857142858,0.174496644295302,0.11043941413003752,0.1830065359477124,3.0,0.20159619369196533,71.03571428571429,64.485344499429,0.004240014886572643,0.3783783783783784,0.11475409836065574,0.17610062893081763,0.11367658141704719,0.19934640522875818,3.0,0.2315759854705446,70.22950819672131,60.455318678890976,0.004240014886572643,50.906223522964865
0.1813953488372093,0.8297872340425532,0.3120567375886525,0.29770992366412213,0.7588652482269503,0.7522370252535295,0.755543868279349,0.7486518418912149,0.2888852749091812,0.6988543371522095,0.584572483093461,0.2553191489361702,0.08955223880597014,0.13259668508287292,0.025120048241168254,0.2193126022913257,7.0,0.20136760198066495,54.71641791044776,59.59250585480093,0.008232567975854133,0.2553191489361702,0.09836065573770492,0.14201183431952663,0.040184072538313145,0.19967266775777415,7.0,0.17102098561659987,60.0983606557377,70.16682751964704,0.008232567975854133,56.28515981696546
0.23655913978494625,0.5365853658536586,0.12369337979094076,0.3283582089552239,0.7064459930313589,0.6656040419836997,0.685721013536016,0.660844301724788,0.2874799776315988,0.8536585365853658,0.5525610417721007,0.3170731707317073,0.203125,0.2476190476190476,0.1864410290798282,0.1040650406504065,9.0,0.2041346326913682,124.921875,63.683461393122556,0.01480257622251726,0.5365853658536586,0.17886178861788618,0.2682926829268293,0.22489055721899126,0.2,9.0,0.5425162634028439,110.0,40.551779705199294,0.01480257622251726,54.53643576102331
0.13846153846153847,0.7714285714285715,0.2881646655231561,0.23478260869565218,0.7416319529527077,0.740434811339457,0.7410331403978172,0.7399194620744796,0.24036164626102793,0.7152103559870551,0.6089926834987477,0.37142857142857144,0.11016949152542373,0.16993464052287582,0.11251631587754263,0.19093851132686085,2.0,0.20146530588973147,68.08474576271186,64.52723928116598,0.003239659521609816,0.4,0.11382113821138211,0.17721518987341775,0.12332927698030582,0.19902912621359223,2.0,0.21620388847710817,70.34146341463415,64.75369198312237,0.003239659521609816,50.40911263274029
0.1511627906976744,0.7428571428571429,0.25435540069686413,0.251207729468599,0.7442508710801393,0.7442482611021936,0.7442495660900224,0.7442470734837486,0.25255219261298634,0.7454844006568144,0.567218987183489,0.22857142857142856,0.0761904761904762,0.11428571428571427,0.03671083512574546,0.1724137931034483,14.0,0.2004326293618717,46.4,39.913660891792105,0.0185912429289019,0.2857142857142857,0.08264462809917356,0.12820512820512822,0.0538581398160246,0.1986863711001642,14.0,0.25821141913815676,50.33057851239669,38.72795414462081,0.0185912429289019,53.27543009398505
0.12444444444444444,0.875,0.3426086956521739,0.21789883268482488,0.766195652173913,0.7507447864945384,0.7584308744403461,0.7421185172055931,0.24632978309701037,0.6688632619439868,0.5690156944865246,0.28125,0.06976744186046512,0.11180124223602485,0.03963360262541883,0.21252059308072488,31.0,0.20130102814300285,42.348837209302324,44.709160618923725,0.03970019462473537,0.21875,0.05785123966942149,0.09150326797385619,0.011460976417508834,0.19934102141680396,31.0,0.18040739821935556,35.11570247933884,38.801069518716574,0.03970019462473537,53.96073346398771
0.18292682926829268,0.7142857142857143,0.22635135135135134,0.2912621359223301,0.7439671814671815,0.7427830035679533,0.7433748567218141,0.742252461389243,0.27712521948483143,0.7697160883280757,0.5598664642094655,0.23809523809523808,0.10204081632653061,0.14285714285714285,0.06153948417414893,0.15457413249211358,32.0,0.20137138247453867,64.6938775510204,49.65948923385078,0.04862531726261726,0.40476190476190477,0.1349206349206349,0.20238095238095238,0.13751598248840452,0.19873817034700317,32.0,0.3054855298981547,85.53968253968253,55.64911701600924,0.04862531726261726,54.70838160067797
0.13025210084033614,0.8378378378378378,0.35384615384615387,0.2254545454545455,0.7419958419958419,0.7296161389745026,0.7357799544511533,0.724769489855482,0.23553887909812016,0.657556270096463,0.5937459008491465,0.35135135135135137,0.08609271523178808,0.13829787234042554,0.06369253491754642,0.2427652733118971,4.0,0.20252237165733425,53.54966887417219,64.19043927648579,0.00485659439946733,0.2702702702702703,0.08064516129032258,0.12422360248447205,0.04463914270507842,0.19935691318327975,4.0,0.13920142341305144,50.16129032258064,71.83834586466165,0.00485659439946733,52.30512341205031
0.09375,0.7741935483870968,0.38860971524288107,0.16724738675958187,0.6927919165721078,0.6832273914908551,0.6879930333989664,0.6821902578812573,0.16997904163103109,0.6194267515923567,0.49638511088892723,0.16129032258064516,0.034013605442176874,0.056179775280898875,-0.03917153876938262,0.2340764331210191,61.0,0.20148678551005694,21.360544217687075,24.815523198420532,0.07717191339505285,0.0967741935483871,0.024,0.038461538461538464,-0.05836658027138335,0.19904458598726116,61.0,0.15484448422465877,15.072,19.3742774566474,0.07717191339505285,53.67684211675078
0.13664596273291926,0.6875,0.24601769911504426,0.22797927461139897,0.7207411504424779,0.7192080423605248,0.7199741883278921,0.718769704443262,0.2240558706840414,0.7504187604690117,0.568426208772741,0.3125,0.09803921568627451,0.14925373134328357,0.08956243526647988,0.1708542713567839,4.0,0.2020246600281356,58.529411764705884,49.49890770070999,0.005401297350035052,0.375,0.10084033613445378,0.1589403973509934,0.10464905479528078,0.19932998324958123,4.0,0.2649435908752379,60.20168067226891,45.29266007287871,0.005401297350035052,53.97449839068577
0.12062256809338522,0.8857142857142857,0.40070921985815605,0.21232876712328766,0.7425025329280648,0.7148802619908575,0.728560502133138,0.7053569079639505,0.22984773810548026,0.6160267111853088,0.5709197648394948,0.17142857142857143,0.038461538461538464,0.06282722513089005,-0.05052122854847923,0.2604340567612688,10.0,0.20081624110506488,23.038461538461537,29.878061490359563,0.011471107664441434,0.11428571428571428,0.03361344537815126,0.051948051948051945,-0.0526817459108432,0.1986644407345576,10.0,0.12793009627459187,20.134453781512605,31.26707566462168,0.011471107664441434,49.676426882855594
0.2,0.5813953488372093,0.1757469244288225,0.2976190476190476,0.7028242122041934,0.6818446150267504,0.692254941767733,0.6789728707559812,0.2571702146396322,0.8071895424836601,0.5207932546520626,0.20930232558139536,0.10714285714285714,0.14173228346456693,0.057556101224470774,0.13725490196078433,21.0,0.2000051171835022,65.57142857142857,44.998848663170016,0.032071696757712397,0.5116279069767442,0.18032786885245902,0.26666666666666666,0.21488090310421473,0.19934640522875818,21.0,0.4981833998567189,110.36065573770492,44.1604437368394,0.032071696757712397,50.508986179716885
0.13106796116504854,0.84375,0.3107638888888889,0.226890756302521,0.7664930555555556,0.7587061155152888,0.7625896463695269,0.7540444581460446,0.2514522269262389,0.6973684210526315,0.5857026522022916,0.21875,0.06086956521739131,0.09523809523809525,0.01781820177981483,0.18914473684210525,49.0,0.20156106519742883,37.00869565217391,34.72892938496583,0.07237798640310603,0.21875,0.05785123966942149,0.09150326797385619,0.011651660656581844,0.19901315789473684,49.0,0.2188042036526885,35.17355371900827,31.992072744229425,0.07237798640310603,50.07508560502902
0.19718309859154928,0.8235294117647058,0.20105820105820105,0.3181818181818182,0.8112356053532525,0.8110492998273547,0.811142447241405,0.8108356947983173,0.33853201257756255,0.800332778702163,0.6886694549624239,0.4117647058823529,0.14893617021276595,0.21875,0.1721492679839023,0.15640599001663893,2.0,0.20029500025431057,89.51063829787235,69.89690198070086,0.0035130825224662862,0.5588235294117647,0.15833333333333333,0.24675324675324675,0.22001016083761024,0.19966722129783693,2.0,0.3364783073088856,95.15833333333333,56.46723603658076,0.0035130825224662862,52.72913484694436
0.2830188679245283,0.40540540540540543,0.06495726495726496,0.33333333333333337,0.6702240702240703,0.5655890259874543,0.6156877285372668,0.5770566360658684,0.2884268543360059,0.9035369774919614,0.5399158907184443,0.16216216216216217,0.15,0.15584415584415584,0.10032244387476372,0.06430868167202572,3.0,0.2109310107506467,93.30000000000001,28.445319531953192,0.004568164463077756,0.4594594594594595,0.13709677419354838,0.21118012422360244,0.16373156141703396,0.19935691318327975,3.0,0.5170040581911385,85.27419354838709,32.881753500114755,0.004568164463077756,53.15355529030785
0.12890625,0.8048780487804879,0.3885017421602787,0.2222222222222222,0.7081881533101045,0.6949869498694987,0.7015565013615813,0.6925864515759907,0.21070103850323807,0.624390243902439,0.5434099462346843,0.21951219512195122,0.057692307692307696,0.09137055837563453,-0.020974259404484736,0.25365853658536586,63.0,0.2014099977010907,35.48076923076923,44.684971464806594,0.07557079716496927,0.14634146341463414,0.04878048780487805,0.07317073170731707,-0.035852117817520346,0.2,63.0,0.13394978160361695,30.0,44.7929061784897,0.07557079716496927,55.80844899220392
0.12429378531073447,0.5789473684210527,0.27629233511586454,0.2046511627906977,0.6513275166525939,0.643284119553475,0.6472933246147493,0.6438941358224117,0.16168817946914024,0.7145242070116862,0.44507969024476146,0.15789473684210525,0.05172413793103448,0.07792207792207792,-0.02355312928504327,0.19365609348914858,40.0,0.20115925746240074,30.982758620689655,29.827113480578827,0.05495756211241088,0.15789473684210525,0.05042016806722689,0.07643312101910829,-0.0265938152841041,0.1986644407345576,40.0,0.21042821030053876,30.201680672268907,28.513287222424463,0.05495756211241088,51.570969509892166
0.1201923076923077,0.7352941176470589,0.317157712305026,0.2066115702479339,0.7090682026710164,0.7080981992020418,0.708583034952697,0.7078885327252569,0.20228382442010992,0.6857610474631751,0.49221282843614034,0.20588235294117646,0.05343511450381679,0.08484848484848485,-0.0050395253569606386,0.2144026186579378,36.0,0.20258781880282217,32.648854961832065,34.552916564115186,0.0452367225956155,0.20588235294117646,0.05737704918032787,0.08974358974358974,0.0037707522624936263,0.19967266775777415,36.0,0.17765700181994964,35.057377049180324,39.40176817288801,0.0452367225956155,56.20362358400598
0.1377551020408163,0.7105263157894737,0.28888888888888886,0.23076923076923075,0.7108187134502923,0.7108185931715344,0.7108186533109109,0.7108185656254258,0.21730359564016297,0.7110754414125201,0.5503311859564098,0.2631578947368421,0.07575757575757576,0.11764705882352942,0.03198315064973789,0.21187800963081863,5.0,0.20250557748412562,47.196969696969695,49.38135593220339,0.006310910547870226,0.2631578947368421,0.08064516129032258,0.1234567901234568,0.04092992273552968,0.19903691813804172,5.0,0.17865110691608033,50.24193548387097,55.97502401536983,0.006310910547870226,51.151119410060346
0.1306532663316583,0.8125,0.2967409948542024,0.22510822510822512,0.7578795025728988,0.7539429945540703,0.7559086860732324,0.751794975849539,0.24484028846837597,0.7089430894308943,0.5668214502463165,0.3125,0.08264462809917356,0.13071895424836602,0.06821632099674205,0.1967479674796748,1.0,0.20174614857490927,50.82644628099174,49.56724116241036,0.0021970677563175217,0.3125,0.08130081300813008,0.12903225806451613,0.06589208392396007,0.2,1.0,0.2078119844673993,50.0,48.120420127015144,0.0021970677563175217,53.28834640420973
0.13414634146341464,0.7096774193548387,0.24149659863945577,0.22564102564102567,0.7340904103576915,0.733278529257903,0.7336843575062907,0.7329720913585132,0.23139581826747324,0.7560581583198708,0.5954372947138729,0.2903225806451613,0.09278350515463918,0.140625,0.08439707441213555,0.1567043618739903,11.0,0.2001435292241448,57.43298969072165,44.96772908366534,0.015407642791632675,0.45161290322580644,0.11382113821138211,0.1818181818181818,0.1455282769672437,0.1987075928917609,11.0,0.3009063604709885,70.45528455284553,46.52610193445808,0.015407642791632675,52.02163858478889
0.14035087719298245,0.6857142857142857,0.2648648648648649,0.23300970873786406,0.7104247104247104,0.7095652173913044,0.7099948338492782,0.7093723113294564,0.21913017265477672,0.7322033898305085,0.5383466122450402,0.2,0.06481481481481481,0.09790209790209789,0.011006573390365105,0.18305084745762712,3.0,0.20258233227098146,38.24074074074074,34.55385235982251,0.00452028187182616,0.22857142857142856,0.06779661016949153,0.10457516339869281,0.01793740008335438,0.2,3.0,0.2380485413091444,40.0,33.60659114315139,0.00452028187182616,55.643713497091085
0.14218009478672985,0.8333333333333334,0.2967213114754098,0.242914979757085,0.7683060109289619,0.7628022759601706,0.7655491974853685,0.7593536677388736,0.26247667134887154,0.7105263157894737,0.6159020838518641,0.3333333333333333,0.09302325581395349,0.14545454545454545,0.08121284328728207,0.1996904024767802,16.0,0.2013486389571728,60.093023255813954,59.598118279569896,0.019077923604030485,0.3333333333333333,0.09302325581395349,0.14545454545454545,0.08121284328728207,0.1996904024767802,16.0,0.2013486389571728,60.093023255813954,59.598118279569896,0.019077923604030485,57.635769946035
0.15979381443298968,0.8157894736842105,0.2810344827586207,0.2672413793103448,0.767377495462795,0.7643233016023177,0.7658488760241416,0.7623932887049003,0.27680685970257596,0.7249190938511327,0.5837636022679912,0.23684210526315788,0.075,0.1139240506329114,0.027609378592812286,0.1941747572815534,29.0,0.2007215399441548,46.35,44.838237104518036,0.03597215848064934,0.2894736842105263,0.08943089430894309,0.13664596273291926,0.057982049469572125,0.19902912621359223,29.0,0.20983963033432998,55.268292682926834,52.420984455958546,0.03597215848064934,55.58558301301673
0.17751479289940827,0.75,0.25,0.2870813397129186,0.75,0.75,0.75,0.75,0.2775748449989081,0.75,0.5730006835269986,0.275,0.10476190476190476,0.15172413793103448,0.06957808942007311,0.1761744966442953,10.0,0.2009179895521631,62.43809523809524,54.7487062981194,0.01352650916508869,0.35,0.11764705882352941,0.1761006289308176,0.10087137464837904,0.19966442953020133,10.0,0.25153420905817314,70.11764705882354,55.65843330980946,0.01352650916508869,55.854163876734674
0.19767441860465115,0.8292682926829268,0.24210526315789474,0.3192488262910798,0.793581514762516,0.791976706567454,0.7927787045919111,0.7905193632669643,0.3266567036569965,0.762684124386252,0.6550836381837495,0.3902439024390244,0.1553398058252427,0.22222222222222218,0.1587990312816982,0.1685761047463175,10.0,0.20305044308111792,94.9126213592233,78.7981535879144,0.013560259701429262,0.43902439024390244,0.14754098360655737,0.22085889570552145,0.16058239211024347,0.19967266775777415,10.0,0.2720120427175642,90.14754098360656,66.17354077477289,0.013560259701429262,53.15583080705255
0.10545454545454545,0.8529411764705882,0.41414141414141414,0.18770226537216828,0.7193998811645871,0.6946107784431137,0.7068966766562262,0.6892433359645325,0.20014528572515267,0.6003184713375797,0.5727749218828744,0.20588235294117646,0.043478260869565216,0.07179487179487179,-0.02766398252172604,0.25636942675159236,47.0,0.20004296865675206,27.304347826086957,34.99248210023866,0.05535628025842621,0.08823529411764706,0.024,0.03773584905660377,-0.06639617489566507,0.19904458598726116,47.0,0.1331073500274522,15.072,22.53819942611191,0.05535628025842621,50.329870813991874
0.16049382716049382,0.7878787878787878,0.23448275862068965,0.2666666666666666,0.7766980146290491,0.7765370644423517,0.776617535366183,0.77641827811498,0.28324433148205147,0.766721044045677,0.6006138892897162,0.24242424242424243,0.0784313725490196,0.11851851851851852,0.048693930639696945,0.16639477977161501,7.0,0.20049914619729411,48.07843137254902,39.90041928721174,0.00986168374736354,0.3939393939393939,0.10655737704918032,0.16774193548387095,0.11644883524521615,0.19902120717781402,7.0,0.2737948246420596,65.31967213114754,47.48080982536941,0.00986168374736354,56.004969883244485
0.2366412213740458,0.7380952380952381,0.1697792869269949,0.35838150289017345,0.7841579755841215,0.7814521741371756,0.7828039057690106,0.7792975865811286,0.34926212203029444,0.8240887480190174,0.6591668129033696,0.38095238095238093,0.1797752808988764,0.24427480916030533,0.1840532897528094,0.1410459587955626,5.0,0.20372010628875112,113.43820224719101,78.5391304347826,0.006447683853306595,0.6904761904761905,0.23015873015873015,0.34523809523809523,0.3278414682263323,0.19968304278922344,5.0,0.4939561298390038,145.23015873015873,58.709667211644955,0.006447683853306595,60.203442838042974
0.29411764705882354,0.47619047619047616,0.08347826086956522,0.3636363636363637,0.6963561076604554,0.6267467443658202,0.6606352423201817,0.6249366471705298,0.31585834042612343,0.8865478119935171,0.5522838702711408,0.23809523809523808,0.20833333333333334,0.22222222222222224,0.16174511489698917,0.07779578606158834,6.0,0.20527403086644794,128.54166666666666,48.71536822164338,0.009950164388779612,0.5476190476190477,0.18699186991869918,0.2787878787878788,0.23559854978875003,0.1993517017828201,6.0,0.5618665694495079,115.3739837398374,40.93498572540877,0.009950164388779612,54.68999982206151
0.17307692307692307,0.6585365853658537,0.22711267605633803,0.2741116751269036,0.7157119546547579,0.7111444427778612,0.7134245434398873,0.7100194565500282,0.24766173203570382,0.7651888341543513,0.5507721072651591,0.2926829268292683,0.11650485436893204,0.16666666666666666,0.08855135302082084,0.16912972085385877,12.0,0.20269024785153816,70.95145631067962,59.203637704313635,0.014995068165257265,0.36585365853658536,0.12396694214876033,0.18518518518518517,0.11255991393389646,0.1986863711001642,12.0,0.27510275252210736,75.49586776859503,54.52508149221297,0.014995068165257265,52.86160673806444
0.10619469026548672,0.75,0.33666666666666667,0.18604651162790697,0.7066666666666667,0.7040094339622641,0.7053367989832943,0.7034831839132523,0.18907486911473076,0.6677215189873418,0.5675084277448703,0.3125,0.07462686567164178,0.12048192771084336,0.056768316964880994,0.2120253164556962,29.0,0.20064519167373082,47.16417910447761,49.839220748738406,0.03437748511761052,0.3125,0.07936507936507936,0.12658227848101264,0.06539504979264181,0.19936708860759494,29.0,0.18124234717905247,50.15873015873016,55.17474340652202,0.03437748511761052,55.61863221274689
0.11458333333333333,0.6666666666666666,0.3052064631956912,0.19555555555555554,0.6807301017354878,0.6804395604395606,0.6805848155835337,0.6804205135748432,0.177277209068078,0.6932203389830508,0.5315159752836921,0.2727272727272727,0.075,0.1176470588235294,0.04192853120910405,0.2033898305084746,32.0,0.20221396206962042,44.25,44.507312491614115,0.041979721902745515,0.2727272727272727,0.07627118644067797,0.11920529801324503,0.04425544202523973,0.2,32.0,0.19594649591665084,45.0,45.930905566325116,0.041979721902745515,52.88433389272541
0.1256544502617801,0.8275862068965517,0.2889273356401384,0.21818181818181817,0.7693294356282065,0.7649179946492964,0.7671205440642317,0.7620866530305331,0.2474077991228882,0.7166392092257001,0.5897393219164981,0.3448275862068966,0.08695652173913043,0.1388888888888889,0.08881021898890948,0.18945634266886327,11.0,0.20030316154179298,52.78260869565217,49.924324324324324,0.013809537994367717,0.3448275862068966,0.08264462809917356,0.13333333333333333,0.08157101015209722,0.19934102141680396,11.0,0.2186011260285838,50.16528925619835,45.745418524021794,0.013809537994367717,51.15380353992805
0.16071428571428573,0.6923076923076923,0.2478031634446397,0.26086956521739135,0.7222522644315262,0.7210107627515208,0.7216312466050704,0.7206427340964723,0.24354748421163464,0.7483552631578947,0.5502290206653899,0.28205128205128205,0.10784313725490197,0.15602836879432624,0.08007657877000382,0.16776315789473684,5.0,0.20294469776090887,65.5686274509804,54.20195807706791,0.007392370854410142,0.3333333333333333,0.10743801652892562,0.1625,0.0880772678101412,0.19901315789473684,5.0,0.2728430598364623,65.32231404958678,47.646438241060594,0.007392370854410142,50.261218898929656
0.09734513274336283,0.6666666666666666,0.34517766497461927,0.16988416988416988,0.6607445008460238,0.6606914212548016,0.6607179605173858,0.6606928150565909,0.14969974992169868,0.655448717948718,0.4366859643624883,0.06060606060606061,0.014925373134328358,0.02395209580838323,-0.08869635501836769,0.21474358974358973,110.0,0.2008416220351951,9.313432835820896,9.958095238095238,0.16333568401758913,0.030303030303030304,0.008064516129032258,0.012738853503184714,-0.0997315419393338,0.1987179487179487,110.0,0.17652202426494698,5.032258064516129,5.665015479876161,0.16333568401758913,56.099560922943056
0.13414634146341464,0.8048780487804879,0.3790035587188612,0.2299651567944251,0.7129372450308133,0.7010805052503425,0.7069840195916665,0.6985731652877676,0.21814238199994107,0.6334991708126037,0.504663414036147,0.17073170731707318,0.04666666666666667,0.07329842931937174,-0.04875031328583072,0.24875621890547264,37.0,0.20165843747785206,28.14,34.712160262417996,0.044904192997857306,0.07317073170731707,0.025,0.03726708074534161,-0.08512864810100272,0.19900497512437812,37.0,0.14014032932504902,15.075,21.407113958192852,0.044904192997857306,53.123515487182885
0.07718120805369127,0.5609756097560976,0.4653130287648054,0.135693215339233,0.547831290495646,0.5475159139703943,0.5476735795319182,0.5476402814311895,0.0472004780673411,0.5363924050632911,0.5539389669902379,0.2682926829268293,0.046218487394957986,0.07885304659498209,-0.05886611959789863,0.37658227848101267,112.0,0.2003383834499731,29.210084033613445,54.90710172744721,0.10534377250170442,0.04878048780487805,0.015873015873015872,0.02395209580838323,-0.09927526734527477,0.19936708860759494,112.0,0.03991386603091594,10.031746031746032,50.10789980732177,0.10534377250170442,52.09117860393599
0.1228813559322034,0.8529411764705882,0.3587521663778163,0.21481481481481482,0.747094505046386,0.732098386381469,0.7395584369195726,0.725838173282064,0.23267451266899905,0.6530278232405892,0.5552584223634047,0.14705882352941177,0.0364963503649635,0.058479532163742694,-0.044911411326484366,0.22422258592471359,40.0,0.20108754172499194,22.2992700729927,24.86479250334672,0.05069918054151334,0.14705882352941177,0.040983606557377046,0.06410256410256411,-0.031949086999267705,0.19967266775777415,40.0,0.1655809195649833,25.040983606557376,30.196715981141278,0.05069918054151334,50.564709330908954
0.16101694915254236,0.5277777777777778,0.171875,0.24675324675324675,0.6779513888888888,0.6446862996158771,0.6611096521926013,0.6446587254585433,0.2122703771866146,0.8104575163398693,0.5047755778071352,0.2222222222222222,0.10256410256410256,0.14035087719298245,0.07104770803790744,0.12745098039215685,29.0,0.20137772675086107,62.769230769230774,39.72633979475485,0.049064912991603066,0.5277777777777778,0.1557377049180328,0.24050632911392406,0.20552190213765625,0.19934640522875818,29.0,0.6023823191733639,95.31147540983606,31.541430409300997,0.049064912991603066,56.2421718579717
0.12056737588652482,0.5666666666666667,0.21453287197231835,0.19883040935672516,0.6760668973471742,0.6583639000255908,0.6671566826583439,0.658092021930996,0.180702539844527,0.774671052631579,0.5014292121368178,0.16666666666666666,0.050505050505050504,0.07751937984496124,0.002368083462814632,0.16282894736842105,5.0,0.20109391365064588,30.70707070707071,24.86400462962963,0.006284146520729847,0.3333333333333333,0.08264462809917356,0.13245033112582782,0.07664509591329932,0.19901315789473684,5.0,0.33008262539276156,50.247933884297524,30.295444930193202,0.006284146520729847,54.8040382466279
0.13617021276595745,0.6808510638297872,0.35802469135802467,0.2269503546099291,0.6614131862358813,0.6608419380460682,0.6611275004424977,0.6608556921599691,0.17658586145810598,0.6449511400651465,0.5018016298569706,0.1702127659574468,0.05517241379310345,0.08333333333333333,-0.04470209811107609,0.23615635179153094,52.0,0.2021379980563654,33.87586206896552,39.57692307692308,0.0642156505847259,0.10638297872340426,0.040983606557377046,0.059171597633136085,-0.06660875179928767,0.1986970684039088,52.0,0.14914696037145017,25.163934426229506,33.52398190045249,0.0642156505847259,52.407141010742635
0.18579234972677597,0.7906976744186046,0.26278659611992944,0.3008849557522124,0.7639555391493377,0.7630194351981102,0.7634873437053135,0.7624455235171527,0.29488117656302637,0.740983606557377,0.5934767417703829,0.27906976744186046,0.10909090909090909,0.1568627450980392,0.07072820919635239,0.18032786885245902,19.0,0.20114591291061878,66.54545454545455,59.658184580326626,0.02529336622875678,0.32558139534883723,0.11475409836065574,0.1696969696969697,0.08645856265563524,0.2,19.0,0.24025974025974026,70.0,58.270270270270274,0.02529336622875678,58.14784522820264
0.12735849056603774,0.7714285714285715,0.3228621291448517,0.2186234817813765,0.7242832211418598,0.7212144160269871,0.7227471898070387,0.7202815233175233,0.21924141187026733,0.6825657894736842,0.5755863184283316,0.2571428571428571,0.07377049180327869,0.11464968152866241,0.034857407577946586,0.20065789473684212,22.0,0.20116386382280557,44.85245901639344,44.739645724480695,0.02892524070635983,0.2571428571428571,0.0743801652892562,0.11538461538461539,0.035983317487722495,0.19901315789473684,22.0,0.19854901558654636,45.22314049586777,45.32885732730794,0.02892524070635983,54.14086939394474
0.18232044198895028,0.8461538461538461,0.26570915619389585,0.3,0.7902223449799752,0.7862635442153093,0.7882404593029263,0.7828940411475003,0.3121457368001838,0.7416107382550335,0.6212908849502188,0.28205128205128205,0.10185185185185185,0.14965986394557823,0.06927490158889506,0.18120805369127516,11.0,0.20309531649737836,60.70370370370371,54.16176103766525,0.01544972256935171,0.358974358974359,0.11764705882352941,0.17721518987341775,0.10545353452627823,0.19966442953020133,11.0,0.24149547860888068,70.11764705882354,57.97209985315712,0.01544972256935171,55.0090518319048
0.1657142857142857,0.725,0.26838235294117646,0.2697674418604651,0.7283088235294118,0.7282937910146391,0.7283013072332406,0.7282886758246518,0.2517685385678576,0.7311643835616438,0.551826908131714,0.225,0.08035714285714286,0.11842105263157895,0.022879802174163175,0.1917808219178082,53.0,0.2028864983770153,46.92857142857143,44.35977786592622,0.07920226802600744,0.25,0.08620689655172414,0.12820512820512822,0.03491402185123734,0.19863013698630136,53.0,0.21621911634519944,50.3448275862069,46.24937965260546,0.07920226802600744,52.414697447326034
0.125,0.8125,0.3127147766323024,0.21666666666666667,0.7498926116838488,0.7446656164972075,0.747274543916929,0.7421756590969437,0.2347065495428001,0.6938110749185668,0.6122440438292247,0.3125,0.08064516129032258,0.1282051282051282,0.06456757219925383,0.20195439739413681,7.0,0.20220423445039154,49.516129032258064,49.45494849393663,0.008571240362400288,0.28125,0.07377049180327869,0.11688311688311688,0.04851230406248839,0.1986970684039088,7.0,0.19679911408758932,45.295081967213115,45.731913183279744,0.008571240362400288,52.30454936623573
0.1780821917808219,0.7027027027027027,0.20761245674740483,0.2841530054644809,0.7475451229776489,0.7448551948458124,0.7461989468175049,0.7435934720244328,0.2766854376070513,0.7869918699186992,0.5290759387537891,0.16216216216216217,0.06382978723404255,0.0916030534351145,0.006550708757100909,0.15284552845528454,1.0,0.2027898988023396,39.255319148936174,29.587272519171343,0.002310725200836634,0.40540540540540543,0.12195121951219512,0.18750000000000003,0.1299238315372098,0.2,1.0,0.3538900752019311,75.0,42.386043156030695,0.002310725200836634,51.52221453888342
0.11063829787234042,0.7428571428571429,0.359106529209622,0.1925925925925926,0.6918753068237604,0.6881186362507539,0.689994414895612,0.6876860967707545,0.18280117580932456,0.646677471636953,0.4874606592678481,0.14285714285714285,0.03597122302158273,0.05747126436781609,-0.04838415261739357,0.2252836304700162,47.0,0.20052598687636705,22.194244604316548,24.934424100766133,0.059299413705723863,0.14285714285714285,0.04065040650406504,0.06329113924050632,-0.0346775403703045,0.1993517017828201,47.0,0.1636027497135715,25.081300813008127,30.561833519019576,0.059299413705723863,53.589207012206316
0.10900473933649289,0.71875,0.32752613240418116,0.18930041152263377,0.6956119337979094,0.694842294748376,0.695227007771199,0.6947337801953505,0.18366081282989832,0.6749174917491749,0.5002784027791072,0.1875,0.047244094488188976,0.07547169811320754,-0.012803927797959967,0.20957095709570958,83.0,0.201881677563387,28.62992125984252,29.72037914691943,0.12163776575393148,0.1875,0.049586776859504134,0.0784313725490196,-0.007188156321002321,0.19966996699669967,83.0,0.18625418593525753,30.049586776859503,32.214041095890416,0.12163776575393148,51.80056683998555
0.15178571428571427,0.8095238095238095,0.3220338983050847,0.2556390977443609,0.7437449556093624,0.737927292457949,0.7408304133687238,0.7354371428224555,0.2538412469856751,0.6867088607594937,0.5355885410338449,0.16666666666666666,0.05555555555555555,0.08333333333333333,-0.021837782851423248,0.19936708860759494,63.0,0.2000498194046581,35.11111111111111,34.99128377537044,0.08805973914181345,0.16666666666666666,0.05555555555555555,0.08333333333333333,-0.021837782851423248,0.19936708860759494,63.0,0.2000498194046581,35.11111111111111,34.99128377537044,0.08805973914181345,51.08760721934959
0.08598726114649681,0.9310344827586207,0.49568221070811747,0.1574344023323615,0.7176761360252516,0.6542467117546991,0.6852278833346895,0.6461235409208056,0.18566951668367948,0.524671052631579,0.5805234159012118,0.27586206896551724,0.043010752688172046,0.07441860465116279,-0.014599059923997687,0.3059210526315789,14.0,0.2003787226717163,26.150537634408604,39.92439862542955,0.0152251311162223,0.13793103448275862,0.03305785123966942,0.05333333333333334,-0.034238935725909435,0.19901315789473684,14.0,0.09556599365516563,20.09917355371901,41.85589294904786,0.0152251311162223,53.43529901839793
0.26506024096385544,0.6111111111111112,0.10499139414802065,0.3697478991596639,0.7530598584815453,0.7263030918671831,0.7395604799989043,0.7151686808421698,0.3476825533224617,0.8784440842787682,0.5952401020227636,0.3055555555555556,0.18333333333333332,0.22916666666666663,0.17500762058237976,0.09724473257698542,3.0,0.20397173489278753,113.11666666666666,53.92904073587385,0.005117709409486258,0.6111111111111112,0.17886178861788618,0.27672955974842767,0.2565522632627797,0.1993517017828201,3.0,0.5590643274853802,110.35772357723577,39.35146443514644,0.005117709409486258,51.87391479033977
0.12777777777777777,0.7931034482758621,0.26700680272108845,0.2200956937799043,0.7630483227773868,0.7618645044768091,0.7624561838720006,0.761149821211416,0.24494931181918023,0.7358184764991896,0.5690064506630106,0.20689655172413793,0.05454545454545454,0.08633093525179857,0.01660282448167645,0.17828200972447325,16.0,0.2028445648493058,33.654545454545456,29.579298831385643,0.021105445527825097,0.3103448275862069,0.07317073170731707,0.11842105263157894,0.061698634436973716,0.1993517017828201,16.0,0.24865753954815925,45.14634146341463,36.1943579766537,0.021105445527825097,55.244490104261786
0.14516129032258066,0.6923076923076923,0.27413793103448275,0.24000000000000002,0.7090848806366049,0.7086879266810062,0.7088863758735982,0.7086015087162558,0.2216146696585835,0.7237479806138933,0.519705327435926,0.2564102564102564,0.08771929824561403,0.13071895424836602,0.04832836086384776,0.1841680129240711,22.0,0.20058623345008322,54.29824561403509,49.85386996904025,0.027347013531757967,0.2564102564102564,0.08130081300813008,0.12345679012345678,0.03749828643547126,0.1987075928917609,22.0,0.23091636237176144,50.32520325203252,43.30572289156626,0.027347013531757967,53.489917213097215
0.18285714285714286,0.8421052631578947,0.2517605633802817,0.3004694835680751,0.7951723498888064,0.7924022606770378,0.7937860969302516,0.7898641758338258,0.3158013448686266,0.7541254125412541,0.6393801108204153,0.2894736842105263,0.10377358490566038,0.1527777777777778,0.07799574132241754,0.17491749174917492,6.0,0.20005961413396922,62.886792452830186,54.9836109982392,0.008173691583335658,0.39473684210526316,0.12396694214876033,0.18867924528301888,0.12621478358583796,0.19966996699669967,6.0,0.2515445480164752,75.12396694214875,59.6315846170419,0.008173691583335658,52.12978193676099
0.16842105263157894,0.7619047619047619,0.2771929824561403,0.27586206896551724,0.7423558897243108,0.7418410983569661,0.7420984494019951,0.741615313992336,0.26485771084355403,0.7254901960784313,0.5541977794905367,0.23809523809523808,0.08771929824561403,0.1282051282051282,0.03613059010372961,0.18627450980392157,12.0,0.2016070876686927,53.68421052631579,49.60143076136944,0.01606801506358527,0.2619047619047619,0.09016393442622951,0.13414634146341464,0.04250558679308942,0.19934640522875818,12.0,0.22571340269908313,55.18032786885246,48.73436786855317,0.01606801506358527,57.508542316034436
0.09349593495934959,0.8214285714285714,0.37542087542087543,0.1678832116788321,0.723003848003848,0.7096049896049895,0.7162730890150334,0.7060369166002156,0.18912681759324151,0.6334405144694534,0.539115986142225,0.14285714285714285,0.027210884353741496,0.045714285714285714,-0.0477723593214508,0.23633440514469453,61.0,0.20024174053182917,16.92517006802721,19.97585513078471,0.07449676254239528,0.10714285714285714,0.024193548387096774,0.039473684210526314,-0.05011269841765188,0.19935691318327975,61.0,0.14875100725221596,15.048387096774194,20.167930660888405,0.07449676254239528,53.94967272877693
0.1509433962264151,0.7441860465116279,0.3157894736842105,0.25098039215686274,0.7141982864137086,0.7129391602399315,0.7135684456032144,0.7126293591117026,0.23002631740501284,0.6884176182707994,0.48841774664562476,0.16279069767441862,0.05785123966942149,0.08536585365853659,-0.023875251008364164,0.19738988580750408,1.0,0.2018280369858646,35.46280991735537,34.682991047919955,0.002176012623365536,0.16279069767441862,0.05737704918032787,0.08484848484848485,-0.024923616179734025,0.19902120717781402,1.0,0.20456477840365608,35.17213114754099,34.21898947915314,0.002176012623365536,53.791523977182806
0.16037735849056603,0.5862068965517241,0.151618398637138,0.2518518518518518,0.7172942489572931,0.6933377011588386,0.7052142551214526,0.6883809446883538,0.2438699317470009,0.836038961038961,0.5298886222167332,0.2413793103448276,0.0958904109589041,0.13725490196078433,0.08449969281600417,0.1185064935064935,8.0,0.20343050366774837,59.06849315068493,34.409785522788205,0.011763758793087144,0.5862068965517241,0.13821138211382114,0.2236842105263158,0.2149164300687665,0.19967532467532467,8.0,0.5619699490060266,85.13821138211382,30.250727872670804,0.011763758793087144,56.956892505288124
0.12154696132596685,0.6875,0.27040816326530615,0.20657276995305163,0.708545918367347,0.7079207920792079,0.708233286251855,0.7077870427577548,0.2029662345026335,0.7274193548387097,0.5305885407414488,0.21875,0.06306306306306306,0.09790209790209788,0.02416808194113968,0.17903225806451614,19.0,0.2004157283907847,39.0990990990991,34.927398444252375,0.024938514824692413,0.28125,0.07258064516129033,0.1153846153846154,0.0473859622859841,0.2,19.0,0.24072653485437134,45.0,37.38682154605263,0.024938514824692413,48.736027002334595
0.15286624203821655,0.6857142857142857,0.22852233676975944,0.25,0.7285959744722632,0.7260721625172658,0.7273329738066676,0.7252292149747421,0.2428093164857078,0.766612641815235,0.5780457070458732,0.34285714285714286,0.11764705882352941,0.17518248175182483,0.11720682286302782,0.16531604538087522,5.0,0.20206661804035983,72.58823529411764,59.38635543255926,0.006831602055545114,0.4,0.11382113821138211,0.17721518987341775,0.12316211674141754,0.1993517017828201,5.0,0.2914417699975687,70.22764227642276,48.03704012680404,0.006831602055545114,54.64604454720393
0.20833333333333334,0.5952380952380952,0.16695957820738136,0.30864197530864196,0.714139258515357,0.6943427181906072,0.7041714236776282,0.690397270440269,0.27275687089666517,0.8166939443535188,0.5549403004760698,0.3333333333333333,0.18181818181818182,0.23529411764705885,0.16971290319998086,0.1260229132569558,4.0,0.2002393208705861,111.0909090909091,69.91633780584057,0.005209236338579133,0.6190476190476191,0.21311475409836064,0.3170731707317073,0.28502165952737457,0.19967266775777415,4.0,0.6365709383184323,130.21311475409837,40.84383755985103,0.005209236338579133,55.412772540934384
0.09345794392523364,0.7692307692307693,0.3288135593220339,0.16666666666666666,0.7202086049543677,0.7168718320057931,0.7185382815549732,0.7159464886118752,0.18597606220879812,0.6753246753246753,0.6485228417292557,0.3076923076923077,0.047619047619047616,0.08247422680412371,0.01648092941350392,0.2727272727272727,34.0,0.20216508795669824,29.333333333333336,39.57161981258367,0.03183263624062,0.11538461538461539,0.024390243902439025,0.04026845637583893,-0.044263430885945976,0.19967532467532467,34.0,0.08576454668470906,15.02439024390244,34.97948879772799,0.03183263624062,59.37630177801475
0.16265060240963855,0.7105263157894737,0.23679727427597955,0.2647058823529412,0.7368645207567471,0.7359230979831474,0.7363936589278676,0.7355496616045378,0.25631880620708974,0.76,0.5439956286698096,0.2631578947368421,0.09615384615384616,0.14084507042253522,0.06610033250423387,0.1664,8.0,0.20237214519246832,60.09615384615385,49.41391509433962,0.01134051499892609,0.3157894736842105,0.096,0.147239263803681,0.07365154070743433,0.2,8.0,0.28329713862969236,60.0,42.35835228708618,0.01134051499892609,52.43856739066541
0.21428571428571427,0.5833333333333334,0.13391304347826086,0.3134328358208955,0.7247101449275363,0.6971302869713029,0.7107864597080813,0.6905296344359273,0.28838065760081383,0.8494271685761048,0.5749629418981742,0.3055555555555556,0.15492957746478872,0.205607476635514,0.14784402540730648,0.11620294599018004,3.0,0.2036436579468015,94.6619718309859,54.01592227769532,0.004757165025028432,0.5833333333333334,0.1721311475409836,0.26582278481012656,0.24014385014907413,0.19967266775777415,3.0,0.5579522972081776,105.17213114754098,37.63762620044324,0.004757165025028432,51.8449027989991
0.12608695652173912,0.7631578947368421,0.337248322147651,0.21641791044776118,0.7129547862945955,0.7094197064470181,0.7111850499012957,0.7085976890818378,0.21027020051202647,0.668769716088328,0.5723670825236853,0.3157894736842105,0.08823529411764706,0.13793103448275862,0.06230039103962208,0.21451104100946372,31.0,0.20038672908609811,55.94117647058824,59.884205180294565,0.037818009709641776,0.23684210526315788,0.07142857142857142,0.10975609756097561,0.024110744691011644,0.19873817034700317,31.0,0.17710665581111337,45.285714285714285,50.81683666139922,0.037818009709641776,50.21179728396237
0.1380952380952381,0.7435897435897436,0.31369150779896016,0.23293172690763056,0.7149491178953917,0.7138017838828977,0.7143752205523612,0.7135138906879092,0.22085803750586283,0.689935064935065,0.5653839704963952,0.2564102564102564,0.08403361344537816,0.12658227848101264,0.04163761917232326,0.19318181818181818,6.0,0.20166128287955698,51.76470588235294,49.58810068649886,0.007772842639593909,0.2564102564102564,0.08130081300813008,0.12345679012345678,0.03689772845447306,0.19967532467532467,6.0,0.21400553760959853,50.081300813008134,46.7277628032345,0.007772842639593909,54.77678332198411
0.16666666666666666,0.5151515151515151,0.14938488576449913,0.2518518518518519,0.682883314693508,0.6416845388964709,0.6619634921271697,0.6412564304724446,0.22193821833440833,0.8322259136212624,0.5307311202787695,0.30303030303030304,0.14084507042253522,0.19230769230769232,0.13819874266375132,0.11794019933554817,4.0,0.20472830795890581,84.7887323943662,48.84522370012092,0.006269422509200056,0.5151515151515151,0.14166666666666666,0.22222222222222224,0.19037822313404262,0.19933554817275748,4.0,0.5701200643644015,85.28333333333333,29.818280503690836,0.006269422509200056,57.64730862388387
0.15736040609137056,0.9117647058823529,0.282793867120954,0.2683982683982684,0.8144854193806994,0.8028667220325428,0.8086552039042865,0.7905270442166203,0.3074489246013537,0.7278582930756844,0.6494572292655574,0.3235294117647059,0.09401709401709402,0.14569536423841062,0.08316394134094228,0.18840579710144928,22.0,0.20178566912006474,58.38461538461539,54.51328653797945,0.028521806577804756,0.38235294117647056,0.10483870967741936,0.16455696202531644,0.10997705675877369,0.1996779388083736,22.0,0.22212105116726105,65.10483870967742,58.526645411068095,0.028521806577804756,52.67735267383978
0.22,0.7857142857142857,0.20526315789473684,0.34374999999999994,0.7902255639097744,0.7901998097050429,0.7902126867024877,0.7901770611493366,0.3411623640106313,0.7941176470588235,0.6456331929705761,0.38095238095238093,0.17204301075268819,0.23703703703703702,0.17315420053343392,0.15196078431372548,4.0,0.20222320376914016,105.29032258064517,79.12049508554787,0.005998983810249659,0.5238095238095238,0.18032786885245902,0.2682926829268293,0.2204580807552026,0.19934640522875818,4.0,0.33178739693757364,110.36065573770492,66.3075216330153,0.005998983810249659,51.40602744091302
0.16101694915254236,0.5588235294117647,0.17247386759581881,0.24999999999999997,0.6931748309079729,0.6671348314606741,0.6800302007930029,0.6650493221352194,0.2244589347474648,0.8125,0.510380102728605,0.23529411764705882,0.1095890410958904,0.14953271028037382,0.08627958179204905,0.12006578947368421,25.0,0.2018679294922389,66.63013698630137,39.62987097615014,0.04553311801603456,0.5882352941176471,0.1652892561983471,0.25806451612903225,0.23726160161750118,0.19901315789473684,25.0,0.5976585109181795,100.49586776859505,33.463925694413874,0.04553311801603456,54.87499701511115
0.22340425531914893,0.8571428571428571,0.2504288164665523,0.3544303797468354,0.8033570203381525,0.7997559859691932,0.8015544809217975,0.7961339221668496,0.35493265135354596,0.7579113924050633,0.624144166564414,0.2857142857142857,0.12612612612612611,0.175,0.08387148504558653,0.17563291139240506,4.0,0.20143692157817827,79.71171171171171,69.50066497400556,0.005575277303359702,0.3469387755102041,0.1349206349206349,0.19428571428571428,0.1070836958087853,0.19936708860759494,4.0,0.24961032635168046,85.26984126984127,68.10615669821446,0.005575277303359702,55.5710430117324
0.12093023255813953,0.6842105263157895,0.3253012048192771,0.20553359683794467,0.6794546607482561,0.6794213719085395,0.6794380161245258,0.6794193817878068,0.18094837606378048,0.6752827140549273,0.5040752697508114,0.15789473684210525,0.04411764705882353,0.06896551724137931,-0.03818049217370776,0.2197092084006462,26.0,0.20022207778138879,27.308823529411764,29.966725280670907,0.030557067925752045,0.07894736842105263,0.024390243902439025,0.037267080745341616,-0.07675622168801195,0.1987075928917609,26.0,0.16810204744881377,15.097560975609756,17.846302561623975,0.030557067925752045,55.43006447004154
0.1728395061728395,0.717948717948718,0.22984562607204118,0.27860696517412936,0.7440515459383383,0.7431358061179252,0.743593535060772,0.7427239444378662,0.26961355103829704,0.7668810289389068,0.5222580773439662,0.20512820512820512,0.08163265306122448,0.11678832116788321,0.03377229285540591,0.15755627009646303,33.0,0.20258544805211137,50.77551020408163,39.48950962135319,0.05101017162756473,0.28205128205128205,0.08870967741935484,0.13496932515337423,0.053535126575031046,0.19935691318327975,33.0,0.30612912150096827,55.177419354838705,35.932550115018074,0.05101017162756473,54.97553989011794
0.1477832512315271,0.7692307692307693,0.3045774647887324,0.24793388429752067,0.7323266522210183,0.7304669440591772,0.7313962070594673,0.7297946429778326,0.2414886923868753,0.700164744645799,0.5532409415575027,0.23076923076923078,0.072,0.1097560975609756,0.016095049959410496,0.20593080724876442,10.0,0.2021657013346764,43.704,44.51793721973094,0.012196185939494614,0.23076923076923078,0.0743801652892562,0.11249999999999999,0.020613685433308715,0.19934102141680396,10.0,0.1910853689247041,45.14876033057851,47.099367422245656,0.012196185939494614,56.44017518730834
0.0664819944598338,0.7058823529411765,0.5790378006872853,0.12151898734177215,0.5634222761269456,0.5274015606780877,0.5451144721525485,0.540766962786764,0.05880971563767361,0.4366883116883117,0.4431530456599889,0.14705882352941177,0.021551724137931036,0.03759398496240602,-0.11451276561835406,0.37662337662337664,159.0,0.2004198108194282,13.275862068965516,24.94763356754607,0.17578361695696162,0.0,0.0,0.0,-0.1207277376309495,0.19967532467532467,159.0,0.05449569561058561,0.0,0.0,0.17578361695696162,51.29754738509655
0.19491525423728814,0.575,0.1588628762541806,0.2911392405063291,0.7080685618729097,0.6830607545610202,0.6954522601543877,0.6791710631413128,0.2598210737811696,0.8244514106583072,0.5188330106829045,0.175,0.07692307692307693,0.1068702290076336,0.023937847744037774,0.1426332288401254,2.0,0.2050895736716966,49.07692307692308,34.13142791551882,0.003022016927265038,0.575,0.18110236220472442,0.2754491017964072,0.24350440158427178,0.19905956112852666,2.0,0.578756562065962,115.54330708661416,39.74037014439699,0.003022016927265038,54.671867611352354
0.18811881188118812,0.5588235294117647,0.14186851211072665,0.2814814814814815,0.7084775086505191,0.6768656180420887,0.6924912033821461,0.6723085651644192,0.2572891338418112,0.8415032679738562,0.5797816738114129,0.3235294117647059,0.15714285714285714,0.21153846153846154,0.15938110947346934,0.11437908496732026,3.0,0.2008769818988797,96.17142857142858,54.75988286969253,0.005072738434696356,0.5588235294117647,0.1557377049180328,0.24358974358974358,0.21823292056904983,0.19934640522875818,3.0,0.5824977941766263,95.31147540983606,32.618149270173504,0.005072738434696356,60.15087138861418
0.1099476439790576,0.75,0.2972027972027972,0.1917808219178082,0.7263986013986015,0.7256317689530685,0.7260150839327666,0.725382536366342,0.2050229262056143,0.705,0.5291993225904686,0.21428571428571427,0.05309734513274336,0.0851063829787234,0.01468607551012511,0.18833333333333332,59.0,0.20056112442797996,31.858407079646017,29.916066820589432,0.08744007409021573,0.25,0.058333333333333334,0.09459459459459459,0.02765610492929436,0.2,59.0,0.22295162344737415,35.0,31.396945632254123,0.08744007409021573,54.235102167818695
0.10330578512396695,0.8333333333333334,0.37094017094017095,0.18382352941176472,0.7311965811965813,0.7169296707578413,0.7240279857964913,0.7124461892141742,0.20388621560320397,0.6390243902439025,0.5854734134499098,0.23333333333333334,0.050724637681159424,0.08333333333333334,0.00485452398412853,0.22439024390243903,11.0,0.2022940278988666,31.195652173913043,34.60309764309764,0.013025495991664363,0.16666666666666666,0.04065040650406504,0.06535947712418301,-0.018871283902409927,0.2,11.0,0.1684285091543156,25.0,29.686185700420577,0.013025495991664363,53.16862996201962
0.1299638989169675,0.9,0.41196581196581195,0.22712933753943218,0.744017094017094,0.7113153360137853,0.7274824872330393,0.7002369016801345,0.24045215223301802,0.608,0.5894489226661748,0.2,0.050955414012738856,0.08121827411167513,-0.030869478180272157,0.2512,5.0,0.20201299340486267,31.847133757961785,39.601413083201365,0.005981218623880303,0.125,0.04,0.06060606060606061,-0.04902903378454601,0.2,5.0,0.13916231912589822,25.0,35.92926613616269,0.005981218623880303,53.282870628871024
0.1984732824427481,0.6666666666666666,0.18072289156626506,0.30588235294117644,0.7429718875502007,0.7351351351351351,0.7390431238810244,0.7318844701931804,0.2890122929210908,0.8096774193548387,0.6169537129817912,0.358974358974359,0.15555555555555556,0.2170542635658915,0.15725736119812034,0.14516129032258066,10.0,0.2013580638342845,96.44444444444444,69.52788347985829,0.01167164413170509,0.48717948717948717,0.1532258064516129,0.2331288343558282,0.18601058629657624,0.2,10.0,0.43492390615091947,95.0,43.68580280663386,0.01167164413170509,55.73763106111437
0.22727272727272727,0.5952380952380952,0.14912280701754385,0.3289473684210526,0.7230576441102757,0.7004621606008087,0.7116702323635676,0.6949837618099023,0.2937385715084168,0.8333333333333334,0.5082086272572892,0.19047619047619047,0.1095890410958904,0.1391304347826087,0.05962566065011617,0.119281045751634,9.0,0.2043907048874458,67.06849315068493,39.140723177237696,0.013367540591721112,0.5952380952380952,0.20491803278688525,0.3048780487804878,0.26899057910850616,0.19934640522875818,9.0,0.6170491167704573,125.40983606557376,40.515413312389555,0.013367540591721112,54.90209978586063
0.15270935960591134,0.8157894736842105,0.2970639032815199,0.2572614107883817,0.7593627852013454,0.755169833906928,0.7572634075244903,0.7528356006233985,0.2654119957020209,0.7098865478119936,0.6149812364058496,0.34210526315789475,0.12264150943396226,0.18055555555555552,0.11566576839808276,0.17179902755267423,2.0,0.20171211672544218,75.66981132075472,64.44828506606166,0.003346400840604408,0.34210526315789475,0.10569105691056911,0.16149068322981366,0.09153951392737884,0.1993517017828201,2.0,0.2515411742536409,65.21138211382113,51.68139982876713,0.003346400840604408,52.796536615118384
0.10256410256410256,0.8,0.4159592529711375,0.18181818181818182,0.6920203735144312,0.6751717369970559,0.6835441446044944,0.6736396928758748,0.17812878007254734,0.5961538461538461,0.5241826344904991,0.17142857142857143,0.0392156862745098,0.06382978723404256,-0.04179724933088373,0.24519230769230768,5.0,0.20098859511366268,24.47058823529412,29.852440117842963,0.006403861501626865,0.08571428571428572,0.024193548387096774,0.037735849056603765,-0.06903314208985575,0.1987179487179487,5.0,0.14391267409829314,15.096774193548388,20.845974955277278,0.006403861501626865,52.81646302435547
0.125,0.7037037037037037,0.23415492957746478,0.2122905027932961,0.7347743870631195,0.7334605315703067,0.7341171653895323,0.7329606524832623,0.2240851638644945,0.7630252100840336,0.5561090684560762,0.25925925925925924,0.0673076923076923,0.1068702290076336,0.04849158525464297,0.17478991596638654,8.0,0.20333735635199665,40.04807692307693,34.425548387096775,0.010409748199011987,0.2962962962962963,0.06722689075630252,0.1095890410958904,0.052487671503746836,0.2,8.0,0.2654667576218712,40.0,30.135599920932993,0.010409748199011987,55.13972519291565
0.16363636363636364,0.9230769230769231,0.3026315789473684,0.277992277992278,0.8102226720647775,0.7945034353529045,0.8023245579915121,0.779202544920134,0.31171833306696095,0.7109737248840804,0.6426260008546838,0.28205128205128205,0.08270676691729323,0.12790697674418602,0.0479364463869015,0.20556414219474498,22.0,0.2007326695472478,53.51127819548872,54.79925128685072,0.026275188510041143,0.28205128205128205,0.08527131782945736,0.13095238095238096,0.05240472857226657,0.19938176197836166,22.0,0.19040015029118917,55.17054263565892,57.77306364084855,0.026275188510041143,55.15637501887977
0.13846153846153847,0.7714285714285715,0.2847457627118644,0.23478260869565218,0.7433414043583536,0.7422801302931596,0.742810577791821,0.7418091332545388,0.24152077872223823,0.7184,0.5314152206405253,0.17142857142857143,0.047244094488188976,0.07407407407407407,-0.019231282376269386,0.2032,77.0,0.20305606370386312,29.52755905511811,29.548489666136724,0.10526021736791133,0.17142857142857143,0.048,0.07500000000000001,-0.017397225015980525,0.2,77.0,0.1968578499946196,30.0,30.478845523122335,0.10526021736791133,55.41138249030337
0.12318840579710146,0.8717948717948718,0.41796200345423146,0.21587301587301588,0.72691643417032,0.6980413658655457,0.712332605303423,0.6908650850926344,0.22197289044821847,0.6003236245954693,0.5825377090382782,0.2564102564102564,0.05952380952380952,0.09661835748792269,-0.009003481089903332,0.27184466019417475,17.0,0.20084478843665307,36.785714285714285,49.78969122295162,0.01845743499398256,0.10256410256410256,0.032520325203252036,0.04938271604938272,-0.06270414012631807,0.19902912621359223,17.0,0.1175134897575506,20.097560975609756,34.03864533554955,0.01845743499398256,52.82627396378666
0.17511520737327188,0.8837209302325582,0.31793960923623443,0.2923076923076923,0.7828906604981619,0.7699045006067642,0.7763704289838306,0.7606191139759995,0.30299283798623305,0.6963696369636964,0.617566181052996,0.3488372093023256,0.12195121951219512,0.18072289156626506,0.10022667507579519,0.20297029702970298,8.0,0.2005473934261148,73.90243902439023,74.7952877558903,0.009878684813922792,0.32558139534883723,0.11570247933884298,0.17073170731707318,0.0870470887089021,0.19966996699669967,8.0,0.19533166361124737,70.11570247933884,71.6729676140119,0.009878684813922792,52.897239736281335
0.12857142857142856,0.5625,0.21863799283154123,0.20930232558139533,0.6719310035842294,0.654109018169695,0.6629601262762778,0.6541612934405656,0.1830652899409933,0.7694915254237288,0.48240300830383764,0.21875,0.07865168539325842,0.11570247933884299,0.0454341147220263,0.15084745762711865,31.0,0.2023383876608294,46.40449438202247,34.595511414936155,0.049810921646939024,0.3125,0.0847457627118644,0.13333333333333333,0.06735198826004059,0.2,31.0,0.3584048855599342,50.0,27.901405373916845,0.049810921646939024,53.03944318508729
0.12121212121212122,0.6486486486486487,0.30526315789473685,0.2042553191489362,0.6716927453769559,0.6709021601016518,0.6712973363555143,0.6708849990776113,0.17523706935577316,0.6919275123558485,0.44914372295241,0.1891891891891892,0.059322033898305086,0.09032258064516129,-0.0033539156703387193,0.19439868204283361,16.0,0.20217235617092386,36.00847457627118,34.623922541031995,0.020914252161953938,0.1891891891891892,0.05785123966942149,0.08860759493670886,-0.006474194423273442,0.19934102141680396,16.0,0.21050370016710432,35.11570247933884,33.25357223860286,0.020914252161953938,55.944067722186446
0.21951219512195122,0.6428571428571429,0.16608996539792387,0.32727272727272727,0.7383835887296095,0.7260251046025105,0.7321782721743332,0.7214888718434694,0.30044443455287906,0.8209677419354838,0.5399446746511971,0.23809523809523808,0.12987012987012986,0.1680672268907563,0.09309734696945826,0.12419354838709677,9.0,0.20162000352174678,80.51948051948052,49.59825327510917,0.014425671261978199,0.6428571428571429,0.21774193548387097,0.3253012048192771,0.29844505576393077,0.2,9.0,0.643577214298292,135.0,41.953007968808784,0.014425671261978199,51.68484242307022
0.08530805687203792,0.5294117647058824,0.3350694444444444,0.1469387755102041,0.597171160130719,0.5894826849080804,0.5933144687461527,0.5915120443651121,0.09373254482662069,0.6573770491803279,0.5552579198650669,0.29411764705882354,0.05649717514124294,0.09478672985781991,0.002116569681244426,0.2901639344262295,58.0,0.2023391812865497,34.463276836158194,49.421965317919074,0.05508580193653533,0.08823529411764706,0.02459016393442623,0.03846153846153846,-0.06788485661890974,0.2,58.0,0.06761347813979393,15.0,44.36985172981878,0.05508580193653533,53.888274809811264
